technical_id,key,object_number,district_id,district,neighborhood,green_area_type,playground_name,playground_suffix,year_built,last_renovation_year,area_sqm,dedication,planning_area_number,planning_area_name,net_play_area_sqm,full_address,latitude,longitude,geometry,osm_name,distance_to_osm
00008100_002f2c6b,00008100:002f2c6b,19441,7,Tempelhof-Schöneberg,Lichtenrade,Spielplatz,Nuthestr. 26,Unknown,,,,Unknown,,Unknown,,"Nuthestr. 26,-, Berlin, Germany",52.3939142,13.3942918,POINT (1491045.7427125196 6871665.990932161),,
00008100_0034b5aa,00008100:0034b5aa,19465,7,Tempelhof-Schöneberg,Schöneberg,Spielplatz,Ella-Barowsky-Straße 62,Spielplatz,2024.0,,2411.0,Unknown,7200412.0,Schöneberger Linse,,"Ella-Barowsky-Straße 62,Schöneberger Linse, Berlin, Germany",52.4786953,13.3574866,POINT (1486948.606589975 6887146.841837902),,
00008100_00287308,00008100:00287308,320250,1,Mitte,Wedding,Spielplatz,Schönwalder Str. 19,Ballspielplatz; Reickendorfer Str. 6/Kunkelstr.,,,398.0,gewidmet,1300836.0,Humboldthain Nordwest,,"Schönwalder Str. 19,Humboldthain Nordwest, Berlin, Germany",52.5418182,13.3700619,POINT (1488348.4825825477 6898692.33426475),,
00008100_002a7e26,00008100:002a7e26,00798,3,Pankow,Buch,Spielplatz,Wiltbergstr. 29A,Abenteuerspielplatz und Naturerfahrungsraum,,,9330.0,Unknown,3100101.0,Bucher Forst,,"Wiltbergstr. 29A,Bucher Forst, Berlin, Germany",52.6365585,13.4916212,POINT (1501880.4019597347 6916052.0059153875),,
00008100_0014be02,00008100:0014be02,372910,1,Mitte,Wedding,Spielplatz,Malplaquetstr. 29,Federgeräte im Gehwegbereich; 30462,,,168.0,gewidmet,1401048.0,Leopoldplatz,95.0,"Malplaquetstr. 29,Leopoldplatz, Berlin, Germany",52.5512899,13.3581762,POINT (1487025.3725108262 6900426.187289421),,
00008100_0014bf5b,00008100:0014bf5b,342800,1,Mitte,Wedding,Spielplatz,Themsestr. 4,30402,,,126.0,gewidmet,1400941.0,Londoner Straße,121.0,"Themsestr. 4,Londoner Straße, Berlin, Germany",52.5589559,13.3401521,POINT (1485018.938876819 6901829.769844138),,
00008100_0023224b,00008100:0023224b,253320,1,Mitte,Tiergarten,Spielplatz,Tilla-Durieux-Park,Edelstahl-Großwippen; 20703,,,646.0,gewidmet,1100102.0,Großer Tiergarten,645.0,"Tilla-Durieux-Park,Großer Tiergarten, Berlin, Germany",52.5061216,13.3749616,POINT (1488893.9146915877 6892161.211445517),,
00008100_0028f209,00008100:0028f209,24AS01,11,Lichtenberg,Rummelsburg,Spielplatz,Nöldnerstr. 45,Unknown,,2023.0,2536.0,gewidmet,11400928.0,Nöldnerplatz,2536.0,"Nöldnerstr. 45,Nöldnerplatz, Berlin, Germany",52.5018998,13.4758708,POINT (1500127.075451944 6891389.133119643),,
00008100_0019940c,00008100:0019940c,00160,10,Marzahn-Hellersdorf,Marzahn,Spielplatz,Franz-Stenzer-Straße 17/19,allg. Spielplatz,1985.0,,719.0,gewidmet,10100210.0,Marzahner Promenade,718.0,"Franz-Stenzer-Straße 17/19,Marzahner Promenade, Berlin, Germany",52.5451207,13.5440949,POINT (1507721.7475237735 6899296.834745482),,
00008100_0019926e,00008100:0019926e,2306421,10,Marzahn-Hellersdorf,Biesdorf,Spielplatz,Burghardweg 40,Spielplatz Neubau (2014),2015.0,,2273.0,gewidmet,10300732.0,Buckower Ring,1829.21,"Burghardweg 40  ,Buckower Ring, Berlin, Germany",52.5332504,13.5695417,POINT (1510554.4723420918 6897124.26792986),,8.832655564648492
00008100_0019942e,00008100:0019942e,00161,10,Marzahn-Hellersdorf,Marzahn,Spielplatz,Franz-Stenzer-Str. 17/19,Bolzplatz,1985.0,,706.0,gewidmet,10100210.0,Marzahner Promenade,700.0,"Franz-Stenzer-Str. 17/19,Marzahner Promenade, Berlin, Germany",52.5451207,13.5440949,POINT (1507721.7475237735 6899296.834745482),,
00008100_00206863,00008100:00206863,R04-23481,10,Marzahn-Hellersdorf,Biesdorf,Spielplatz,Lauinger Straße,Spielplatz,2014.0,,2285.0,gewidmet,10300734.0,Biesdorf Süd,1831.0,"Lauinger Straße,Biesdorf Süd, Berlin, Germany",52.505934,13.5653787,POINT (1510091.0493019193 6892126.901781274),,23.104850243383847
00008100_000a6e56,00008100:000a6e56,211.273,8,Neukölln,Buckow,Spielplatz,Fläzsteinpfad 3,Unknown,,,2415.0,gewidmet,8200832.0,Buckow Mitte,1674.0,"Fläzsteinpfad 3,Buckow Mitte, Berlin, Germany",52.4234856,13.4323385,POINT (1495281.081982884 6877062.284751549),,46.34489969434515
00008100_000a6c3a,00008100:000a6c3a,414.900,8,Neukölln,Neukölln,Spielplatz,Wildenbruchstrasse 25,Abenteuerspielplatz,,,1805.0,Unknown,8100419.0,Treptower Straße Nord,1353.54,"Wildenbruchstrasse 25,Treptower Straße Nord, Berlin, Germany",52.4866953,13.4477042,POINT (1496991.5838825663 6888609.1644129725),,
00008100_000a6d39,00008100:000a6d39,431.221,8,Neukölln,Neukölln,Spielplatz,Mahlower Strasse,Unknown,,,2307.0,gewidmet,8100102.0,Schillerpromenade Nord,1934.83,"Mahlower Strasse,Schillerpromenade Nord, Berlin, Germany",52.4797804,13.4227861,POINT (1494217.7136790303 6887345.172028576),,
00008100_000a6d43,00008100:000a6d43,431.211,8,Neukölln,Neukölln,Spielplatz,Pflügerstrasse,Unknown,,,1035.0,gewidmet,8100310.0,Maybachufer,730.0,"Pflügerstrasse,Maybachufer, Berlin, Germany",52.491143,13.4303137,POINT (1495055.6822779258 6889422.275966621),,
00008100_000a6d3d,00008100:000a6d3d,431.214,8,Neukölln,Neukölln,Spielplatz,Herrfurthstrasse,Unknown,,,829.0,gewidmet,8100102.0,Schillerpromenade Nord,594.0,"Herrfurthstrasse,Schillerpromenade Nord, Berlin, Germany",52.4767812,13.4193196,POINT (1493831.8246641955 6886797.002302734),,
00008100_000a6d40,00008100:000a6d40,431.213,8,Neukölln,Neukölln,Spielplatz,Lichtenrader Str.,Unknown,,,392.0,gewidmet,8100102.0,Schillerpromenade Nord,340.0,"Lichtenrader Str.,Schillerpromenade Nord, Berlin, Germany",52.4764917,13.4203014,POINT (1493941.1181402565 6886744.091791587),,
00008100_000a6d29,00008100:000a6d29,411.245,8,Neukölln,Neukölln,Spielplatz,Kirchgasse 30,Unknown,,2023.0,1098.0,gewidmet,8100416.0,Alt-Rixdorf,549.0,"Kirchgasse 30,Alt-Rixdorf, Berlin, Germany",52.4779714,13.44193,POINT (1496348.8028788278 6887014.533042795),,2.003702513143577
00008100_000a6c8e,00008100:000a6c8e,321.228,8,Neukölln,Britz,Spielplatz,Bendastrasse,Unknown,,,2055.0,gewidmet,8100209.0,Glasower Straße,1372.0,"Bendastrasse,Glasower Straße, Berlin, Germany",52.4630995,13.4376094,POINT (1495867.8358869064 6884296.844765625),,
00008100_000a6d2a,00008100:000a6d2a,411.244,8,Neukölln,Neukölln,Spielplatz,Schudomastrasse 23,Unknown,,2013.0,1899.0,gewidmet,8100417.0,Braunschweiger Straße,1316.0,"Schudomastrasse 23,Braunschweiger Straße, Berlin, Germany",52.4725049,13.4527929,POINT (1497558.0553753662 6886015.4790924145),,27.287806867131355
00008100_000a6d10,00008100:000a6d10,434.200,8,Neukölln,Neukölln,Spielplatz,Rütlistrasse 3,Jugendheim,,,4466.0,Unknown,8100312.0,Weichselplatz,1700.0,"Rütlistrasse 3,Weichselplatz, Berlin, Germany",52.4870378,13.4342535,POINT (1495494.2588077532 6888671.776034879),,
00008100_000a6d31,00008100:000a6d31,411.243,8,Neukölln,Neukölln,Spielplatz,Schudomastrasse,Unknown,,,694.0,gewidmet,8100416.0,Alt-Rixdorf,350.0,"Schudomastrasse,Alt-Rixdorf, Berlin, Germany",52.4732724,13.4516778,POINT (1497433.9230111826 6886155.739399413),,
00008100_000a6d3e,00008100:000a6d3e,431.220,8,Neukölln,Neukölln,Spielplatz,Kienitzer Strasse,Unknown,,,1693.0,gewidmet,8100103.0,Schillerpromenade Süd,1128.0,"Kienitzer Strasse,Schillerpromenade Süd, Berlin, Germany",52.4760684,13.4265616,POINT (1494638.0004165205 6886666.72792989),,
00008100_000a6d42,00008100:000a6d42,431.218,8,Neukölln,Neukölln,Spielplatz,Mainzer Straße,Boddinplatz,2002.0,2015.0,1981.0,gewidmet,8100206.0,Flughafenstraße,1394.0,"Mainzer Straße,Flughafenstraße, Berlin, Germany",52.4817357,13.4275435,POINT (1494747.3050245305 6887702.566205636),,
00008100_002897d6,00008100:002897d6,321.229,8,Neukölln,Britz,Spielplatz,Mariendorfer Weg,Unknown,2019.0,,567.0,gewidmet,8100105.0,Silbersteinstraße,341.29,"Mariendorfer Weg,Silbersteinstraße, Berlin, Germany",52.4366175,13.4261664,POINT (1494594.006953759 6879459.800985508),,
00008100_000a6d2f,00008100:000a6d2f,411.241,8,Neukölln,Neukölln,Spielplatz,Geygerstrasse,Unknown,,2019.0,646.0,gewidmet,8100415.0,Ganghoferstraße,558.0,"Geygerstrasse,Ganghoferstraße, Berlin, Germany",52.4790738,13.4429747,POINT (1496465.0983508595 6887216.021982017),,
00008100_000a6d44,00008100:000a6d44,431.212,8,Neukölln,Neukölln,Spielplatz,Rütlistrasse,Unknown,,,1463.0,gewidmet,8100312.0,Weichselplatz,1216.24,"Rütlistrasse,Weichselplatz, Berlin, Germany",52.4872336,13.4342037,POINT (1495488.7150971116 6888707.569992795),,
00008100_000a6d49,00008100:000a6d49,431.209,8,Neukölln,Neukölln,Spielplatz,Schinkestrasse,Unknown,,2010.0,1153.0,gewidmet,8100310.0,Maybachufer,1051.0,"Schinkestrasse,Maybachufer, Berlin, Germany",52.4941897,13.4222806,POINT (1494161.4416764346 6889979.309501741),,
00008100_000a6e53,00008100:000a6e53,211.271,8,Neukölln,Buckow,Spielplatz,Sandsteinweg,Unknown,,,1288.0,gewidmet,8200831.0,Buckow West,677.0,"Sandsteinweg,Buckow West, Berlin, Germany",52.4177328,13.4030767,POINT (1492023.6733071895 6876012.209944671),,
00008100_000a6b4f,00008100:000a6b4f,241.297,8,Neukölln,Rudow,Spielplatz,Zwickauer Damm,Unknown,,,621.0,gewidmet,8401242.0,Zittauer Straße,371.51,"Zwickauer Damm,Zittauer Straße, Berlin, Germany",52.4233803,13.4839403,POINT (1501025.3680829005 6877043.062814568),,
00008100_000a6d48,00008100:000a6d48,411.216,8,Neukölln,Neukölln,Spielplatz,Sinsheimer Weg 6,Unknown,,,3748.0,gewidmet,8100419.0,Treptower Straße Nord,2851.0,"Sinsheimer Weg 6,Treptower Straße Nord, Berlin, Germany",52.4854892,13.4535872,POINT (1497646.476446903 6888388.683981231),,
00008100_000a6d47,00008100:000a6d47,411.215,8,Neukölln,Neukölln,Spielplatz,Weserstrasse,Unknown,,2012.0,1655.0,gewidmet,8100312.0,Weichselplatz,1419.16,"Weserstrasse,Weichselplatz, Berlin, Germany",52.4878668,13.4303447,POINT (1495059.1331821403 6888823.325599225),,
00008100_000a6b8f,00008100:000a6b8f,431.204,8,Neukölln,Neukölln,Spielplatz,Reuterstraße 9,Unknown,,,2572.0,gewidmet,8100206.0,Flughafenstraße,1286.0,"Reuterstraße 9,Flughafenstraße, Berlin, Germany",52.4825384,13.4291936,POINT (1494930.9933162883 6887849.290134606),,
00008100_000a6d3c,00008100:000a6d3c,431.219,8,Neukölln,Neukölln,Spielplatz,Lichtenrader Strasse 45,Unknown,,,1673.0,gewidmet,8100102.0,Schillerpromenade Nord,1021.75,"Lichtenrader Strasse 45,Schillerpromenade Nord, Berlin, Germany",52.4760577,13.4209193,POINT (1494009.9024536177 6886664.77236826),,5.415626636792757
00008100_000a6d45,00008100:000a6d45,431.210,8,Neukölln,Neukölln,Spielplatz,Maybachufer,Unknown,,,1421.0,gewidmet,8100310.0,Maybachufer,1022.0,"Maybachufer,Maybachufer, Berlin, Germany",52.4926177,13.4306879,POINT (1495097.338031381 6889691.893149841),,
00008100_000a6c83,00008100:000a6c83,321.258,8,Neukölln,Britz,Spielplatz,Walkenrieder Strasse,Unknown,,,1577.0,gewidmet,8200624.0,Tempelhofer Weg,1101.0,"Walkenrieder Strasse,Tempelhofer Weg, Berlin, Germany",52.4608297,13.4314304,POINT (1495179.9927532948 6883882.142690148),,
00008100_000a6e51,00008100:000a6e51,211.272,8,Neukölln,Buckow,Spielplatz,Künheimer Weg 1,Unknown,,,1540.0,gewidmet,8200831.0,Buckow West,778.0,"Künheimer Weg 1,Buckow West, Berlin, Germany",52.4162444,13.4102432,POINT (1492821.4444379595 6875740.550403115),,20.06757109797633
00008100_000a6e3b,00008100:000a6e3b,214.904,8,Neukölln,Buckow,Spielplatz,Wildhüterweg 1,Abenteuerspielplatz,,,6160.0,Unknown,8200833.0,Buckow Ost,5500.0,"Wildhüterweg 1,Buckow Ost, Berlin, Germany",52.4216433,13.4526602,POINT (1497543.2832789377 6876725.989624311),,
00008100_000a6e1a,00008100:000a6e1a,221.267,8,Neukölln,Britz,Spielplatz,Grüner Weg,Unknown,,,1284.0,gewidmet,8200727.0,Parchimer Allee Süd,988.0,"Grüner Weg,Parchimer Allee Süd, Berlin, Germany",52.4431509,13.4567258,POINT (1497995.8638007068 6880652.882553753),,
00008100_000a6cb0,00008100:000a6cb0,244.207,8,Neukölln,Rudow,Spielplatz,Zwickauer Damm 112,Jugendheim,,,4232.0,Unknown,8401242.0,Zittauer Straße,2404.07,"Zwickauer Damm 112,Zittauer Straße, Berlin, Germany",52.4151265,13.4743759,POINT (1499960.6639451573 6875536.519747919),,
00008100_000a6d41,00008100:000a6d41,411.222,8,Neukölln,Neukölln,Spielplatz,Anzengruberstrasse,Unknown,2012.0,,2090.0,gewidmet,8100415.0,Ganghoferstraße,1594.58,"Anzengruberstrasse,Ganghoferstraße, Berlin, Germany",52.4806807,13.4406034,POINT (1496201.1264423414 6887509.728935291),,
00008100_000a6d2c,00008100:000a6d2c,411.242,8,Neukölln,Neukölln,Spielplatz,Herrnhuter Weg,Unknown,,2021.0,387.0,gewidmet,8100416.0,Alt-Rixdorf,264.85,"Herrnhuter Weg,Alt-Rixdorf, Berlin, Germany",52.476118,13.4414406,POINT (1496294.3231200336 6886675.792969451),,
00008100_0012dcc8,00008100:0012dcc8,17341,7,Tempelhof-Schöneberg,Schöneberg,Spielplatz,Ebersstr. 85-86,Unknown,,2007.0,989.0,gewidmet,7200410.0,Feurigstraße,437.0,"Ebersstr. 85-86,Feurigstraße, Berlin, Germany",52.479142,13.3487836,POINT (1485979.7930616015 6887228.487265448),,
00008100_0012d6da,00008100:0012d6da,00667,7,Tempelhof-Schöneberg,Lichtenrade,Spielplatz,Lichtenrader Damm 201,Unknown,,,2327.0,gewidmet,7601443.0,Töpchiner Weg,810.0,"Lichtenrader Damm 201,Töpchiner Weg, Berlin, Germany",52.3880858,13.408643,POINT (1492643.310988792 6870602.8304669205),,
00008100_0012dcd8,00008100:0012dcd8,17319,7,Tempelhof-Schöneberg,Schöneberg,Spielplatz,Eisenacher Str. 120,Hinterhof,,2006.0,806.0,gewidmet,7100102.0,Kalckreuthstraße,411.0,"Eisenacher Str. 120,Kalckreuthstraße, Berlin, Germany",52.4977823,13.3495654,POINT (1486066.8226395033 6890636.20048497),,
00008100_0012d89c,00008100:0012d89c,17348,7,Tempelhof-Schöneberg,Schöneberg,Spielplatz,Wielandstr. 40/41,Bolzplatz etc,1975.0,,1820.0,gewidmet,7300618.0,Ceciliengärten,1423.0,"Wielandstr. 40/41,Ceciliengärten, Berlin, Germany",52.4703599,13.3390413,POINT (1484895.2851864458 6885623.494202054),,17.02026841248425
00008100_0012dce0,00008100:0012dce0,17308,7,Tempelhof-Schöneberg,Schöneberg,Spielplatz,Hohenstaufenstr. 6,Unknown,,2007.0,577.0,gewidmet,7100102.0,Kalckreuthstraße,354.0,"Hohenstaufenstr. 6,Kalckreuthstraße, Berlin, Germany",52.4944948,13.345522,POINT (1485616.7134104301 6890035.093598795),,
00008100_0012d897,00008100:0012d897,17357,7,Tempelhof-Schöneberg,Friedenau,Spielplatz,Handjerystr. 27,"Niedstr., Bolzplatz etc.",,2015.0,944.0,gewidmet,7300517.0,Perelsplatz,682.0,"Handjerystr. 27,Perelsplatz, Berlin, Germany",52.4729706,13.3326825,POINT (1484187.4268083896 6886100.585282632),,18.038547667890988
00008100_0012dce2,00008100:0012dce2,17313,7,Tempelhof-Schöneberg,Schöneberg,Spielplatz,Barbarossastr. 66,Goltzstr. 41,1962.0,2013.0,804.0,gewidmet,7100204.0,Barbarossaplatz,573.0,"Barbarossastr. 66,Barbarossaplatz, Berlin, Germany",52.4923229,13.3405005,POINT (1485057.7225874113 6889637.99458615),,
00008100_0012dccb,00008100:0012dccb,17339,7,Tempelhof-Schöneberg,Schöneberg,Spielplatz,Herbertstr. 10,Feurigstr. 5 (Nord),,,608.0,gewidmet,7200410.0,Feurigstraße,225.0,"Herbertstr. 10,Feurigstraße, Berlin, Germany",52.4861315,13.3585511,POINT (1487067.1061879245 6888506.098518776),,
00008100_0012d894,00008100:0012d894,17358,7,Tempelhof-Schöneberg,Friedenau,Spielplatz,Niedstr. 8,Unknown,,,798.0,gewidmet,7300517.0,Perelsplatz,299.0,"Niedstr. 8,Perelsplatz, Berlin, Germany",52.4724946,13.3308178,POINT (1483979.8493539074 6886013.596788318),,
00008100_0012d75b,00008100:0012d75b,00675,7,Tempelhof-Schöneberg,Tempelhof,Spielplatz,Germaniastr. 1,neben Durchgang Str. 20a,,1999.0,541.0,gewidmet,7400927.0,Rathaus Tempelhof,480.0,"Germaniastr. 1,Rathaus Tempelhof, Berlin, Germany",52.4655608,13.3895663,POINT (1490519.702458776 6884746.558866747),,37.14322064045917
00008100_0012dcc1,00008100:0012dcc1,17346,7,Tempelhof-Schöneberg,Schöneberg,Spielplatz,Cranachstr. 25,"Peter-Vischer-Str. 10, Bolzplatz etc",,2005.0,1263.0,gewidmet,7300619.0,Grazer Platz,683.0,"Cranachstr. 25,Grazer Platz, Berlin, Germany",52.4644902,13.3424258,POINT (1485272.0460030357 6884550.942110653),,23.465006061175956
00008100_0012dcf1,00008100:0012dcf1,17293,7,Tempelhof-Schöneberg,Schöneberg,Spielplatz,Crellestr. 47,Unknown,1985.0,2004.0,540.0,gewidmet,7200411.0,Julius-Leber-Brücke,459.0,"Crellestr. 47,Julius-Leber-Brücke, Berlin, Germany",52.4884741,13.3620345,POINT (1487454.8765021537 6888934.347979396),,
00008100_0012dcca,00008100:0012dcca,17332,7,Tempelhof-Schöneberg,Schöneberg,Spielplatz,Brunhildstr. 1,Unknown,,,652.0,gewidmet,7200414.0,Hohenfriedbergstraße,440.0,"Brunhildstr. 1,Hohenfriedbergstraße, Berlin, Germany",52.4864841,13.3627556,POINT (1487535.148986965 6888570.5556792),,
00008100_0012dcd1,00008100:0012dcd1,17327,7,Tempelhof-Schöneberg,Schöneberg,Spielplatz,Mansteinstr. 11,Streetball etc,,2004.0,1278.0,gewidmet,7100206.0,Großgörschenstraße,613.0,"Mansteinstr. 11,Großgörschenstraße, Berlin, Germany",52.4919487,13.3668036,POINT (1487985.7702856963 6889569.579765513),,37.30210118118209
00008100_0012d8f3,00008100:0012d8f3,00640,7,Tempelhof-Schöneberg,Mariendorf,Spielplatz,Riegerzeile,Unknown,,,304.0,gewidmet,7501029.0,Ringstraße,304.0,"Riegerzeile,Ringstraße, Berlin, Germany",52.44493,13.3787582,POINT (1489316.5502703332 6880977.799391286),,34.648158028640886
00008100_0012d88f,00008100:0012d88f,17364,7,Tempelhof-Schöneberg,Friedenau,Spielplatz,Handjerystr. 61,Unknown,1991.0,,1266.0,gewidmet,7300516.0,Odenwaldstraße,577.0,"Handjerystr. 61,Odenwaldstraße, Berlin, Germany",52.4729706,13.3326825,POINT (1484187.4268083896 6886100.585282632),,18.038547667890988
00008100_0012d925,00008100:0012d925,00656,7,Tempelhof-Schöneberg,Mariendorf,Spielplatz,Machonstr. 33-35,Unknown,,2006.0,807.0,gewidmet,7501030.0,Machonstraße,449.0,"Machonstr. 33-35,Machonstraße, Berlin, Germany",52.4467868,13.3822588,POINT (1489706.2352798043 6881316.920565905),,
00008100_0012dccc,00008100:0012dccc,17333,7,Tempelhof-Schöneberg,Schöneberg,Spielplatz,Hohenfriedbergstr. 25-26,Unknown,,2004.0,2126.0,gewidmet,7200414.0,Hohenfriedbergstraße,1115.0,"Hohenfriedbergstr. 25-26,Hohenfriedbergstraße, Berlin, Germany",52.4856383,13.3647948,POINT (1487762.1516925904 6888415.939795341),,
00008100_0012dcdc,00008100:0012dcdc,17310,7,Tempelhof-Schöneberg,Schöneberg,Spielplatz,Haberlandstr. 2-4,"Landshuter Str. 13-14, Treuchtlinger 7,",1963.0,2010.0,2292.0,gewidmet,7200307.0,Bayerischer Platz,1076.0,"Haberlandstr. 2-4,Bayerischer Platz, Berlin, Germany",52.4907822,13.3378848,POINT (1484766.5441953435 6889356.312821781),,
00008100_0012dcc7,00008100:0012dcc7,17336,7,Tempelhof-Schöneberg,Schöneberg,Spielplatz,Naumannstr. 42/44,"Gustav-Müller-Str. 37, Bolzplatz etc",,,1361.0,gewidmet,7200413.0,Cheruskerstraße,604.0,"Naumannstr. 42/44,Cheruskerstraße, Berlin, Germany",52.4798614,13.363443,POINT (1487611.6700049362 6887359.977077266),,
00008100_0012d7a2,00008100:0012d7a2,18018,7,Tempelhof-Schöneberg,Schöneberg,Spielplatz,Ella-Barowsky-Straße 5-7,"Sachsendamm 88-89,  Bolzplatz etc",2004.0,,1388.0,gewidmet,7200412.0,Schöneberger Linse,856.0,"Ella-Barowsky-Straße 5-7,Schöneberger Linse, Berlin, Germany",52.477763,13.3584941,POINT (1487060.7609769492 6886976.443719989),,
00008100_0012dcd2,00008100:0012dcd2,17326,7,Tempelhof-Schöneberg,Schöneberg,Spielplatz,Herbertstr. 8-9,Feurigstr. 65 (Süd),2004.0,2004.0,853.0,gewidmet,7200410.0,Feurigstraße,596.0,"Herbertstr. 8-9,Feurigstraße, Berlin, Germany",52.4861315,13.3585511,POINT (1487067.1061879245 6888506.098518776),,
00008100_0012d892,00008100:0012d892,17365,7,Tempelhof-Schöneberg,Friedenau,Spielplatz,Dickhardtstr. 16,Unknown,,2004.0,460.0,gewidmet,7300618.0,Ceciliengärten,290.0,"Dickhardtstr. 16,Ceciliengärten, Berlin, Germany",52.4679442,13.334969,POINT (1484441.9588240883 6885182.063507855),,
00008100_0012dcd6,00008100:0012dcd6,17321,7,Tempelhof-Schöneberg,Schöneberg,Spielplatz,Else-Lasker-Schüler-Str. 8,Bolzplatz etc,,,1638.0,gewidmet,7100103.0,Frobenstraße,850.0,"Else-Lasker-Schüler-Str. 8,Frobenstraße, Berlin, Germany",52.5006198,13.356354,POINT (1486822.5261347026 6891155.062719332),,31.20233030872181
00008100_0012d709,00008100:0012d709,00679,7,Tempelhof-Schöneberg,Lichtenrade,Spielplatz,Spirdingseestr. 1,Unknown,,,1192.0,gewidmet,7601547.0,Horstwalder Straße,626.0,"Spirdingseestr. 1,Horstwalder Straße, Berlin, Germany",52.3784569,13.4061397,POINT (1492364.6449074894 6868846.7269539535),,
00008100_0012db6c,00008100:0012db6c,19050,7,Tempelhof-Schöneberg,Schöneberg,Spielplatz,Geßlerstraße,Monumentenstraße 13B,2014.0,2014.0,2103.0,gewidmet,7200414.0,Hohenfriedbergstraße,1948.0,"Geßlerstraße,Hohenfriedbergstraße, Berlin, Germany",52.4860996,13.3677101,POINT (1488086.6814041 6888500.267054141),,
00008100_0012d8fd,00008100:0012d8fd,00659,7,Tempelhof-Schöneberg,Lichtenrade,Spielplatz,Erich-Hermann-Platz,"Das Wünsdorf, Wünsdorfer Str. - Bolzpla",,2010.0,1770.0,gewidmet,7601546.0,Franziusweg,1200.0,"Erich-Hermann-Platz,Franziusweg, Berlin, Germany",52.3890864,13.3938119,POINT (1490992.3204888878 6870785.340278322),,0.1599882676929744
00008100_0012dceb,00008100:0012dceb,17305,7,Tempelhof-Schöneberg,Schöneberg,Spielplatz,Motzstr. 46,Geisbergstr. 43,1964.0,1993.0,1015.0,gewidmet,7100101.0,Wittenbergplatz,550.0,"Motzstr. 46,Wittenbergplatz, Berlin, Germany",52.4969568,13.3454465,POINT (1485608.3087888751 6890485.256720192),,
00008100_0012d72e,00008100:0012d72e,00671,7,Tempelhof-Schöneberg,Mariendorf,Spielplatz,Hollabergweg 69,Unknown,,,1646.0,gewidmet,7601238.0,Marienfelde Nordost,729.0,"Hollabergweg 69,Marienfelde Nordost, Berlin, Germany",52.4232098,13.3854434,POINT (1490060.7433301844 6877011.939072842),,
00008100_0012d896,00008100:0012d896,17360,7,Tempelhof-Schöneberg,Friedenau,Spielplatz,Stubenrauchstr. 6,Unknown,,,686.0,gewidmet,7300516.0,Odenwaldstraße,300.0,"Stubenrauchstr. 6,Odenwaldstraße, Berlin, Germany",52.47064,13.3243781,POINT (1483262.985229046 6885674.679582744),,
00008100_0012d76c,00008100:0012d76c,00673,7,Tempelhof-Schöneberg,Lichtenrade,Spielplatz,Illigstr./ Grenzweg,Bolzplatz etc,,1999.0,1720.0,gewidmet,7601546.0,Franziusweg,1163.0,"Illigstr./ Grenzweg,Franziusweg, Berlin, Germany",52.3943249,13.3861897,POINT (1490143.8210661632 6871740.912156778),,43.34870993223744
00008100_0012d721,00008100:0012d721,00706,7,Tempelhof-Schöneberg,Lichtenrade,Spielplatz,Taunusstr.73,"an der Weilburgstraße, Das Schloss",,,4080.0,gewidmet,7601443.0,Töpchiner Weg,3000.0,"Taunusstr.73,Töpchiner Weg, Berlin, Germany",52.3959951,13.416878,POINT (1493560.0269954747 6872045.602635278),,
00008100_0012dcd7,00008100:0012dcd7,17320,7,Tempelhof-Schöneberg,Schöneberg,Spielplatz,Frobenstr. 28-29,Unknown,,2003.0,2945.0,gewidmet,7100103.0,Frobenstraße,2569.0,"Frobenstr. 28-29,Frobenstraße, Berlin, Germany",52.4997844,13.3599977,POINT (1487228.140963306 6891002.29888497),,47.3780856796981
00008100_0012d759,00008100:0012d759,00672,7,Tempelhof-Schöneberg,Lichtenrade,Spielplatz,Franziusweg 4,Unknown,,1989.0,1373.0,gewidmet,7601546.0,Franziusweg,611.0,"Franziusweg 4,Franziusweg, Berlin, Germany",52.3975905,13.3870087,POINT (1490234.9917291233 6872336.658302499),,38.22906413690136
00008100_0012dcce,00008100:0012dcce,17330,7,Tempelhof-Schöneberg,Schöneberg,Spielplatz,Katzlerstr. 12,Großgörschenstr. 22-24,,2014.0,3025.0,gewidmet,7100206.0,Großgörschenstraße,1171.0,"Katzlerstr. 12,Großgörschenstraße, Berlin, Germany",52.4913533,13.3689801,POINT (1488228.0571574075 6889460.724246636),,
00008100_0012dcd5,00008100:0012dcd5,17322,7,Tempelhof-Schöneberg,Schöneberg,Spielplatz,Maienstr. 1,Unknown,,2007.0,1400.0,gewidmet,7100102.0,Kalckreuthstraße,849.0,"Maienstr. 1,Kalckreuthstraße, Berlin, Germany",52.501071,13.3529153,POINT (1486439.7318017117 6891237.57175769),,46.31995136790031
00008100_0012d7e1,00008100:0012d7e1,17937,7,Tempelhof-Schöneberg,Schöneberg,Spielplatz,Riemenschneider Weg 11,ggü. Peter-Vischer-Straße,1999.0,,885.0,gewidmet,7300619.0,Grazer Platz,554.0,"Riemenschneider Weg 11,Grazer Platz, Berlin, Germany",52.4647535,13.3497853,POINT (1486091.301795529 6884599.051039841),,
00008100_0012d915,00008100:0012d915,00657,7,Tempelhof-Schöneberg,Marienfelde,Spielplatz,Stegerwaldstr. 52,Unknown,,2014.0,1440.0,gewidmet,7601236.0,Marienfelder Allee Nordwest,711.0,"Stegerwaldstr. 52,Marienfelder Allee Nordwest, Berlin, Germany",52.4214507,13.3671559,POINT (1488024.9881423025 6876690.83305547),,21.4272950902435
00008100_0012d8f8,00008100:0012d8f8,00624,7,Tempelhof-Schöneberg,Tempelhof,Spielplatz,Sennockstr.,Zirkus Kunterbunt,,,1709.0,gewidmet,7400824.0,Bosepark,917.0,"Sennockstr.,Bosepark, Berlin, Germany",52.4678454,13.3820779,POINT (1489686.0975839198 6885164.00989739),,
00008100_0012dcda,00008100:0012dcda,17315,7,Tempelhof-Schöneberg,Schöneberg,Spielplatz,Eisenacher Str. 4-5,"Fuggerstr. 1, Bolzplatz etc",1963.0,2009.0,1033.0,gewidmet,7100102.0,Kalckreuthstraße,548.0,"Eisenacher Str. 4-5,Kalckreuthstraße, Berlin, Germany",52.4977823,13.3495654,POINT (1486066.8226395033 6890636.20048497),,
00008100_0012dcea,00008100:0012dcea,17296,7,Tempelhof-Schöneberg,Schöneberg,Spielplatz,Neue Steinmetzstr. 5,Unknown,1974.0,,517.0,gewidmet,7100206.0,Großgörschenstraße,242.0,"Neue Steinmetzstr. 5,Großgörschenstraße, Berlin, Germany",52.4909131,13.362397,POINT (1487495.2298175665 6889380.244509949),,18.80517716310025
00008100_0012dd08,00008100:0012dd08,17263,7,Tempelhof-Schöneberg,Schöneberg,Spielplatz,Großgörschenstr. 29,"östlich S-Bahn, Bolzplatz etc",,2018.0,1083.0,gewidmet,7100206.0,Großgörschenstraße,557.0,"Großgörschenstr. 29,Großgörschenstraße, Berlin, Germany",52.4916118,13.3677946,POINT (1488096.087901072 6889507.98498538),,18.37553278010727
00008100_000e3cae,00008100:000e3cae,101767,6,Steglitz-Zehlendorf,Steglitz,Spielplatz,Martinstraße 9 SP,Unknown,,,623.0,gewidmet,6100207.0,Mittelstraße,279.05,"Martinstraße 9 SP,Mittelstraße, Berlin, Germany",52.4527406,13.3220346,POINT (1483002.1080023719 6882404.403694266),,
00008100_0011dfb2,00008100:0011dfb2,40485,5,Spandau,Siemensstadt,Spielplatz,Jugendweg (KS),"Ecke Rohrdamm (ehem. R-Reinick-GS (KS), 13629",,2019.0,2402.0,Unknown,5300841.0,Siemensdamm,2223.0,"Jugendweg (KS),Siemensdamm, Berlin, Germany",52.5377824,13.2682821,POINT (1477018.4070735064 6897953.669877872),,
00008100_0011df22,00008100:0011df22,60115,5,Spandau,Staaken,Spielplatz,Torweg (KS),Ecke Isenburger Weg,2005.0,2018.0,2185.0,gewidmet,5200418.0,Isenburger Weg,2185.0,"Torweg (KS),Isenburger Weg, Berlin, Germany",52.540539,13.1312992,POINT (1461769.5403981206 6898458.1975013865),,
00008100_0011e3c2,00008100:0011e3c2,30270,5,Spandau,Wilhelmstadt,Spielplatz,Jaczostraße (KS),,,2020.0,4110.0,gewidmet,5200634.0,Börnicker Straße,2877.0,"Jaczostraße (KS),Börnicker Straße, Berlin, Germany",52.5141355,13.1910612,POINT (1468422.2158069082 6893626.989025561),,
00008100_00212c40,00008100:00212c40,23657,5,Spandau,Spandau,Spielplatz,Jägerstraße,Unknown,2015.0,,715.0,gewidmet,5200630.0,Wilhelmstadt West,850.0,"Jägerstraße,Wilhelmstadt West, Berlin, Germany",52.5235074,13.196498,POINT (1469027.4376144533 6895341.489928105),,
00008100_0011e130,00008100:0011e130,00555,5,Spandau,Spandau,Spielplatz,Mittelstraße (KS),,1998.0,,3000.0,gewidmet,5100315.0,Ackerstraße,2624.0,"Mittelstraße (KS),Ackerstraße, Berlin, Germany",52.5477842,13.2000207,POINT (1469419.5827846706 6899784.403695056),,
00008100_0011dfb8,00008100:0011dfb8,40121,5,Spandau,Spandau,Spielplatz,Parkstraße (KS),Unknown,,2012.0,2099.0,gewidmet,5100313.0,Eiswerder,600.0,"Parkstraße (KS),Eiswerder, Berlin, Germany",52.5503935,13.2131196,POINT (1470877.7456626226 6900262.0797169665),,
00008100_0011df9c,00008100:0011df9c,41630,5,Spandau,Staaken,Spielplatz,Spandauer Straße (KS),Unknown,,2019.0,4170.0,gewidmet,5200421.0,Spandauer Straße,4170.0,"Spandauer Straße (KS),Spandauer Straße, Berlin, Germany",52.5354899,13.1520909,POINT (1464084.061854847 6897534.108435785),,
00008100_0011df08,00008100:0011df08,60147,5,Spandau,Gatow,Spielplatz,Havelblick (KS),Gustav-Haestskau-Str.,,,380.0,gewidmet,5400942.0,Alt-Gatow,380.0,"Havelblick (KS),Alt-Gatow, Berlin, Germany",52.4921165,13.1784454,POINT (1467017.8313749584 6889600.2584933685),,
00008100_0011df3b,00008100:0011df3b,60079,5,Spandau,Hakenfelde,Spielplatz,Boca-Raton-Straße (KS),Wasserstadt-Maselakekanal,2001.0,2020.0,1345.0,gewidmet,5100103.0,Mertensstraße,1345.0,"Boca-Raton-Straße (KS),Mertensstraße, Berlin, Germany",52.5612665,13.2209166,POINT (1471745.7037323378 6902252.870104923),,43.87449977744938
00008100_002ae6b3,00008100:002ae6b3,60130,5,Spandau,Kladow,Spielplatz,George-Caylay-Str (KS),Unknown,,,273.0,Unknown,5400943.0,Jägerallee,273.0,"George-Caylay-Str (KS),Jägerallee, Berlin, Germany",52.4746241,13.1291603,POINT (1461531.439139263 6886402.767962265),,19.729010533059295
00008100_0011def4,00008100:0011def4,60401,5,Spandau,Kladow,Spielplatz,Saint-Exupery-Straße (KS)-Landstadt Gatow,an der Kita Süd,2004.0,,303.0,gewidmet,5400943.0,Jägerallee,300.0,"Saint-Exupery-Straße (KS)-Landstadt Gatow,Jägerallee, Berlin, Germany",52.4709366,13.1297532,POINT (1461597.4404653541 6885728.880523043),,
00008100_0011df92,00008100:0011df92,41650,5,Spandau,Falkenhagener Feld,Spielplatz,Im Spektefeld (KS),"Bereich Sportanlage ""im Spektefeld""",,,1596.0,gewidmet,5100208.0,Im Spektefeld,1596.0,"Im Spektefeld (KS),Im Spektefeld, Berlin, Germany",52.5490768,13.1558919,POINT (1464507.1872393524 6900021.032202149),,
00008100_0011df88,00008100:0011df88,41660,5,Spandau,Wilhelmstadt,Spielplatz,Schmidt-Knobelsdorf-Straße (KS),Seeburger Str.,1982.0,2011.0,4490.0,gewidmet,5200630.0,Wilhelmstadt West,4460.0,"Schmidt-Knobelsdorf-Straße (KS),Wilhelmstadt West, Berlin, Germany",52.5252171,13.177873,POINT (1466954.1120984284 6895654.302902687),,
00008100_0011dfa9,00008100:0011dfa9,40020,5,Spandau,Wilhelmstadt,Spielplatz,Reclamweg (BS),Unknown,,,495.0,gewidmet,5200527.0,Maulbeerallee,495.0,"Reclamweg (BS),Maulbeerallee, Berlin, Germany",52.520131,13.1753559,POINT (1466673.9098081526 6894723.767178039),,
00008100_0011de9e,00008100:0011de9e,61681,5,Spandau,Haselhorst,Spielplatz,Gorgasring (KS),Unknown,,2016.0,1612.0,gewidmet,5300737.0,Gartenfelder Straße,1043.0,"Gorgasring (KS),Gartenfelder Straße, Berlin, Germany",52.5402204,13.2392591,POINT (1473787.5814922133 6898399.884012255),,
00008100_002fcc6b,00008100:002fcc6b,01503,4,Charlottenburg-Wilmersdorf,Wilmersdorf,Spielplatz,Olivaer Platz - Spielplatz,Spielplatz Olivaer Platz,2021.0,,873.3,gewidmet,4501043.0,Preußenpark,685.49,"Olivaer Platz - Spielplatz,Preußenpark, Berlin, Germany",52.499282,13.3157365,POINT (1482301.006717407 6890910.429860902),,41.84653043780391
00008100_0016ce80,00008100:0016ce80,70190,3,Pankow,Weißensee,Spielplatz,Mahlerstr.  27,Unknown,2005.0,,1451.0,Unknown,3500936.0,Komponistenviertel Weißensee,875.0,"Mahlerstr.  27,Komponistenviertel Weißensee, Berlin, Germany",52.546205,13.454083,POINT (1497701.6686504385 6899495.318507913),,7.07798564256636
00008100_0016d0ce,00008100:0016d0ce,00781,3,Pankow,Französisch Buchholz,Spielplatz,Tiriotstr.,Unknown,1998.0,,2977.0,gewidmet,3200310.0,Krugpfuhl,1860.0,"Tiriotstr.,Krugpfuhl, Berlin, Germany",52.6056226,13.4262092,POINT (1494598.771427965 6910379.360340425),,
00008100_0016d40e,00008100:0016d40e,70907,3,Pankow,Prenzlauer Berg,Spielplatz,Pasteurstr. 24,Unknown,,,973.0,gewidmet,3701660.0,Bötzowstraße,712.0,"Pasteurstr. 24,Bötzowstraße, Berlin, Germany",52.5307834,13.4394267,POINT (1496070.136797525 6896672.817898264),,
00008100_0016cf59,00008100:0016cf59,78401,3,Pankow,Prenzlauer Berg,Spielplatz,Christburger Str. 34,Unknown,2006.0,,413.0,gewidmet,3701658.0,Christburger Straße,366.0,"Christburger Str. 34,Christburger Straße, Berlin, Germany",52.5354765,13.4282229,POINT (1494822.9354865754 6897531.656101787),,
00008100_0016d111,00008100:0016d111,00062,3,Pankow,Pankow,Spielplatz,Trelleborger Str. 44,Unknown,,2012.0,6084.0,gewidmet,3400827.0,Trelleborger Viertel,3287.0,"Trelleborger Str. 44,Trelleborger Viertel, Berlin, Germany",52.5592624,13.4183158,POINT (1493720.0821593374 6901885.892612185),,
00008100_0016d3a2,00008100:0016d3a2,00522,3,Pankow,Pankow,Spielplatz,Prenzlauer Promenade 148,Unknown,,,1219.0,gewidmet,3400829.0,Arnold-Zweig-Straße,1094.0,"Prenzlauer Promenade 148,Arnold-Zweig-Straße, Berlin, Germany",52.5638365,13.4268996,POINT (1494675.6264044086 6902723.495986248),,
00008100_0016ce60,00008100:0016ce60,70149,3,Pankow,Weißensee,Spielplatz,Frieda-Seidlitz-Str.,ggü 54D,,,1412.0,gewidmet,3500932.0,Bühringstraße,1178.0,"Frieda-Seidlitz-Str. ,Bühringstraße, Berlin, Germany",52.556668,13.4395469,POINT (1496083.5174003183 6901410.84819818),,45.214929678539725
00008100_0016d017,00008100:0016d017,70598,3,Pankow,Prenzlauer Berg,Spielplatz,Gethsemanestr.,gegenüber Kirche,,,606.0,gewidmet,3601346.0,Gethsemanekirche,508.0,"Gethsemanestr.,Gethsemanekirche, Berlin, Germany",52.5474538,13.4166412,POINT (1493533.666540055 6899723.920472749),,
00008100_0016ce09,00008100:0016ce09,00830,3,Pankow,Französisch Buchholz,Spielplatz,Gravensteinstr. 46,Unknown,2000.0,,729.0,gewidmet,3200309.0,Eddastraße,499.0,"Gravensteinstr. 46,Eddastraße, Berlin, Germany",52.608198,13.4408109,POINT (1496224.225236681 6910851.452630405),,
00008100_0016cf85,00008100:0016cf85,70555,3,Pankow,Prenzlauer Berg,Spielplatz,Kopenhagener Str. 11,Unknown,,2017.0,1282.0,gewidmet,3601142.0,Falkplatz,650.0,"Kopenhagener Str. 11,Falkplatz, Berlin, Germany",52.549037,13.4099293,POINT (1492786.5012497995 6900013.746151552),,28.227360762694587
00008100_0016cfd4,00008100:0016cfd4,70568,3,Pankow,Prenzlauer Berg,Spielplatz,Kanzowstr. 12,Unknown,2008.0,,1049.0,gewidmet,3601244.0,Humannplatz,624.0,"Kanzowstr. 12,Humannplatz, Berlin, Germany",52.5456694,13.4251866,POINT (1494484.9361166798 6899397.275007368),,22.25167805451211
00008100_0016ce15,00008100:0016ce15,00828,3,Pankow,Pankow,Spielplatz,Rettigweg 11,Unknown,2000.0,2016.0,1902.0,gewidmet,3400721.0,Florakiez,1367.0,"Rettigweg 11,Florakiez, Berlin, Germany",52.5649876,13.3964202,POINT (1491282.675116724 6902934.297710347),,7.567284247094489
00008100_0016ce7e,00008100:0016ce7e,70154,3,Pankow,Weißensee,Spielplatz,Schönstr. 65,zw. Schönstr. 64 und 66,1992.0,,1572.0,gewidmet,3500933.0,Weißer See,1064.0,"Schönstr. 65,Weißer See, Berlin, Germany",52.5554096,13.4541839,POINT (1497712.9007870595 6901180.440534252),,
00008100_0016d074,00008100:0016d074,77865,3,Pankow,Weißensee,Spielplatz,Mahlerstr.,bespielbarer Straßenabschnitt,2005.0,,510.0,Unknown,3500936.0,Komponistenviertel Weißensee,501.0,"Mahlerstr.,Komponistenviertel Weißensee, Berlin, Germany",52.546205,13.454083,POINT (1497701.6686504385 6899495.318507913),,7.07798564256636
00008100_0016d00b,00008100:0016d00b,70608,3,Pankow,Prenzlauer Berg,Spielplatz,Choriner Str. 47,Unknown,2002.0,2021.0,1320.0,gewidmet,3701554.0,Teutoburger Platz,1049.0,"Choriner Str. 47,Teutoburger Platz, Berlin, Germany",52.5368035,13.4104465,POINT (1492844.0756904378 6897774.514004586),,32.346453728209845
00008100_002ade1b,00008100:002ade1b,00354,3,Pankow,Niederschönhausen,Spielplatz,Stille Str. 14,Unknown,,,1297.0,gewidmet,3400722.0,Parkstraße,291.97,"Stille Str. 14,Parkstraße, Berlin, Germany",52.5769192,13.4022852,POINT (1491935.5639302265 6905119.665658018),,46.491036378904724
00008100_0016d41e,00008100:0016d41e,70887,3,Pankow,Prenzlauer Berg,Spielplatz,Choriner Str. 21,Unknown,,2021.0,3383.0,gewidmet,3701554.0,Teutoburger Platz,2849.0,"Choriner Str. 21,Teutoburger Platz, Berlin, Germany",52.5343036,13.410252,POINT (1492822.4240494785 6897317.006572446),,
00008100_0016ce7f,00008100:0016ce7f,70161,3,Pankow,Weißensee,Spielplatz,Meyerbeerstr. 65-67,Unknown,1992.0,,1235.0,gewidmet,3500936.0,Komponistenviertel Weißensee,588.0,"Meyerbeerstr. 65-67,Komponistenviertel Weißensee, Berlin, Germany",52.5471217,13.455162,POINT (1497821.7823810042 6899663.12650626),,
00008100_0016d410,00008100:0016d410,70900,3,Pankow,Prenzlauer Berg,Spielplatz,Jablonskistr. 33 - 34,Unknown,2019.0,,875.0,gewidmet,3701658.0,Christburger Straße,353.0,"Jablonskistr. 33 - 34,Christburger Straße, Berlin, Germany",52.5377755,13.423665,POINT (1494315.5523794885 6897952.407042845),,
00008100_0016d010,00008100:0016d010,70603,3,Pankow,Prenzlauer Berg,Spielplatz,Fritz-Riedel-Str.,Unknown,,,3860.0,gewidmet,3601452.0,Velodrom,1717.0,"Fritz-Riedel-Str.,Velodrom, Berlin, Germany",52.5294463,13.4503313,POINT (1497284.0313168294 6896428.145140588),,35.204627487556635
00008100_0016d415,00008100:0016d415,70889,3,Pankow,Prenzlauer Berg,Spielplatz,Kollwitzstr. 23-35,Bauspielplatz,,,3937.0,Unknown,3701556.0,Kollwitzplatz,3200.0,"Kollwitzstr. 23-35,Kollwitzplatz, Berlin, Germany",52.5377075,13.4195857,POINT (1493861.4467806958 6897939.961722745),,
00008100_0016d30c,00008100:0016d30c,70923,3,Pankow,Prenzlauer Berg,Spielplatz,Schliemannstr. 7/8,Unknown,2011.0,,1550.0,gewidmet,3601347.0,Helmholtzplatz,1031.0,"Schliemannstr. 7/8,Helmholtzplatz, Berlin, Germany",52.5404146,13.4163659,POINT (1493503.0202842397 6898435.428467823),,
00008100_0016cec6,00008100:0016cec6,70163,3,Pankow,Heinersdorf,Spielplatz,Malchower Str. 27,Wildstrubelpfad,2005.0,2019.0,1817.0,gewidmet,3300516.0,Heinersdorf,1054.0,"Malchower Str. 27,Heinersdorf, Berlin, Germany",52.5681574,13.4500052,POINT (1497247.7300308815 6903514.813929418),,
00008100_0016cfc8,00008100:0016cfc8,70557,3,Pankow,Prenzlauer Berg,Spielplatz,Lychener Str. 53,Pappelallee 28-29,,,749.0,gewidmet,3601347.0,Helmholtzplatz,480.0,"Lychener Str. 53,Helmholtzplatz, Berlin, Germany",52.5447494,13.4185163,POINT (1493742.4017172414 6899228.868500902),,
00008100_002912c8,00008100:002912c8,70973,3,Pankow,Weißensee,Spielplatz,Pistoriusstr. 95,Spielplatz,,,1085.0,gewidmet,3500934.0,Weißenseer Spitze,212.78,"Pistoriusstr. 95,Weißenseer Spitze, Berlin, Germany",52.5559365,13.4372195,POINT (1495824.432417446 6901276.912869052),,42.517752121374926
00008100_0016d161,00008100:0016d161,70832,3,Pankow,Prenzlauer Berg,Spielplatz,Bernhard-Lichtenberg-Str. 12,Unknown,,,1084.0,gewidmet,3601451.0,Anton-Saefkow-Park,797.0,"Bernhard-Lichtenberg-Str. 12,Anton-Saefkow-Park, Berlin, Germany",52.5351417,13.4380345,POINT (1495915.1578024426 6897470.384596737),,16.446785708890037
00008100_0016cfdb,00008100:0016cfdb,70511,3,Pankow,Weißensee,Spielplatz,Gounodstr. 37-39,Unknown,2002.0,,1115.0,gewidmet,3500936.0,Komponistenviertel Weißensee,631.0,"Gounodstr. 37-39,Komponistenviertel Weißensee, Berlin, Germany",52.5472134,13.4612864,POINT (1498503.5474704187 6899679.912990629),,
00008100_0016ce8e,00008100:0016ce8e,70170,3,Pankow,Karow,Spielplatz,Straße 43 Nr. 13 A,Kleinholz,1998.0,2020.0,2700.0,gewidmet,3300413.0,Karow Ost,1594.0,"Straße 43 Nr. 13 A,Karow Ost, Berlin, Germany",52.6041928,13.4788478,POINT (1500458.4735760358 6910117.278064875),,
00008100_0016d06f,00008100:0016d06f,00885,3,Pankow,Buch,Spielplatz,Hörstenweg 79A,ggü. Mewesstraße,2019.0,,586.0,gewidmet,3100101.0,Bucher Forst,333.0,"Hörstenweg 79A,Bucher Forst, Berlin, Germany",52.6482767,13.5034618,POINT (1503198.4915224214 6918201.793058726),,28.77725933964517
00008100_0016d412,00008100:0016d412,70899,3,Pankow,Prenzlauer Berg,Spielplatz,Jablonskistr. 7-8,Unknown,2019.0,,1092.0,gewidmet,3701658.0,Christburger Straße,788.0,"Jablonskistr. 7-8,Christburger Straße, Berlin, Germany",52.5377755,13.423665,POINT (1494315.5523794885 6897952.407042845),,
00008100_0016d076,00008100:0016d076,00884,3,Pankow,Rosenthal,Spielplatz,Hauptstr./ Friedrich-Engels-Str.,Spielplatz Dorfaue Rosenthal,,,330.0,gewidmet,3400618.0,Rosenthal,330.0,"Hauptstr./ Friedrich-Engels-Str.,Rosenthal, Berlin, Germany",52.5968467,13.3768132,POINT (1489100.0338607405 6908770.87314869),,
00008100_0016d3e2,00008100:0016d3e2,77799,3,Pankow,Weißensee,Spielplatz,Mahlerstr. 30,Unknown,2004.0,,1735.0,gewidmet,3500936.0,Komponistenviertel Weißensee,1042.0,"Mahlerstr. 30,Komponistenviertel Weißensee, Berlin, Germany",52.546205,13.454083,POINT (1497701.6686504385 6899495.318507913),,7.07798564256636
00008100_0016d0b3,00008100:0016d0b3,00406,3,Pankow,Pankow,Spielplatz,Görschstr. / Florastr.,Unknown,,,785.0,gewidmet,3400721.0,Florakiez,445.0,"Görschstr. / Florastr.,Florakiez, Berlin, Germany",52.565759,13.4003961,POINT (1491725.270280169 6903075.56781176),,
00008100_0016ce4a,00008100:0016ce4a,70169,3,Pankow,Karow,Spielplatz,Bahnhofstr. 13,Unknown,,,953.0,gewidmet,3300412.0,Karow Bahnhof,758.0,"Bahnhofstr. 13,Karow Bahnhof, Berlin, Germany",52.612592,13.472968,POINT (1499803.9372340695 6911656.973557391),,21.646226771641825
00008100_0016ce9d,00008100:0016ce9d,70159,3,Pankow,Weißensee,Spielplatz,Bernkasteler Str. 73 a,zwischen Nr. 73 und 75,1996.0,,1629.0,gewidmet,3501037.0,Rathaus Weißensee,1032.0,"Bernkasteler Str. 73 a,Rathaus Weißensee, Berlin, Germany",52.5574732,13.474137,POINT (1499934.0697188068 6901558.280345346),,
00008100_0016d07c,00008100:0016d07c,77861,3,Pankow,Prenzlauer Berg,Spielplatz,Hiddenseer Str. 5,Unknown,2005.0,2015.0,576.0,gewidmet,3601348.0,Senefelderstraße,515.0,"Hiddenseer Str. 5,Senefelderstraße, Berlin, Germany",52.5428728,13.4241648,POINT (1494371.1898609872 6898885.366780653),,26.112748589321956
00008100_0016d40d,00008100:0016d40d,70904,3,Pankow,Prenzlauer Berg,Spielplatz,Liselotte-Herrmann-Str. 29,Hans-Otto-Str. 23,,2015.0,657.0,gewidmet,3701660.0,Bötzowstraße,469.0,"Liselotte-Herrmann-Str. 29,Bötzowstraße, Berlin, Germany",52.5314387,13.4358981,POINT (1495677.334842312 6896792.732411157),,14.780891885479395
00008100_0016ce4c,00008100:0016ce4c,70158,3,Pankow,Weißensee,Spielplatz,Bernkasteler Str. 15-16 A,Wittlicher Str. 5-7,1995.0,,1175.0,gewidmet,3501037.0,Rathaus Weißensee,835.0,"Bernkasteler Str. 15-16 A,Rathaus Weißensee, Berlin, Germany",52.5571718,13.4741668,POINT (1499937.3870396325 6901503.093678327),,
00008100_0016d168,00008100:0016d168,70820,3,Pankow,Prenzlauer Berg,Spielplatz,Michelangelostr. 63,Unknown,,,819.0,gewidmet,3601449.0,Michelangelostraße,591.0,"Michelangelostr. 63,Michelangelostraße, Berlin, Germany",52.5434235,13.4517947,POINT (1497446.9362596564 6898986.167985155),,
00008100_0016d31b,00008100:0016d31b,70653,3,Pankow,Prenzlauer Berg,Spielplatz,Lychener Str. 69,Unknown,2010.0,,767.0,gewidmet,3601347.0,Helmholtzplatz,524.0,"Lychener Str. 69,Helmholtzplatz, Berlin, Germany",52.5462161,13.4201699,POINT (1493926.4796272172 6899497.3504153695),,47.192939710968595
00008100_0016d40c,00008100:0016d40c,70908,3,Pankow,Prenzlauer Berg,Spielplatz,Prenzlauer Berg 5,Unknown,,,2439.0,Unknown,3701659.0,Immanuelkirchstraße,1637.0,"Prenzlauer Berg 5,Immanuelkirchstraße, Berlin, Germany",52.5291479,13.4194373,POINT (1493844.926968262 6896373.542649053),,
00008100_0016d400,00008100:0016d400,70922,3,Pankow,Prenzlauer Berg,Spielplatz,Malmöer Str. 8,Unknown,,2011.0,3280.0,gewidmet,3601140.0,Malmöer Straße,3077.0,"Malmöer Str. 8,Malmöer Straße, Berlin, Germany",52.5523059,13.403528,POINT (1492073.9117933845 6900612.19457046),,
00008100_0016cfa9,00008100:0016cfa9,70609,3,Pankow,Prenzlauer Berg,Spielplatz,Metzer Str. 28-30,Straßburger Str. 25-28 - Mondfisch,2001.0,2017.0,2740.0,gewidmet,3701556.0,Kollwitzplatz,1730.0,"Metzer Str. 28-30,Kollwitzplatz, Berlin, Germany",52.532513,13.4130487,POINT (1493133.7512693799 6896989.324350941),,
00008100_0016ce4b,00008100:0016ce4b,70153,3,Pankow,Heinersdorf,Spielplatz,Romain-Rolland-Str. 111,Neukirchstraße/Gleisschleife,,2011.0,1295.0,gewidmet,3300516.0,Heinersdorf,950.0,"Romain-Rolland-Str. 111,Heinersdorf, Berlin, Germany",52.57201,13.4373293,POINT (1495836.6552975352 6904220.4344263775),,47.370377524037735
00008100_0016d150,00008100:0016d150,70830,3,Pankow,Prenzlauer Berg,Spielplatz,Storkower Str. 80,Unknown,,,153.0,gewidmet,3601449.0,Michelangelostraße,153.0,"Storkower Str. 80,Michelangelostraße, Berlin, Germany",52.537503,13.4471269,POINT (1496927.3191405316 6897902.534368888),,
00008100_0016d242,00008100:0016d242,70855,3,Pankow,Prenzlauer Berg,Spielplatz,Storkower Str. 108,Unknown,,,1340.0,gewidmet,3601450.0,Volkspark Prenzlauer Berg,1027.0,"Storkower Str. 108,Volkspark Prenzlauer Berg, Berlin, Germany",52.5363902,13.4496578,POINT (1497209.05763978 6897698.874053112),,
00008100_0016cf49,00008100:0016cf49,78861,3,Pankow,Weißensee,Spielplatz,Lehderstr. 68,Unknown,2012.0,,989.0,gewidmet,3500934.0,Weißenseer Spitze,718.0,"Lehderstr. 68,Weißenseer Spitze, Berlin, Germany",52.5513866,13.4338747,POINT (1495452.0909846409 6900443.890749728),,35.43431976954339
00008100_0016d0f9,00008100:0016d0f9,00736,3,Pankow,Niederschönhausen,Spielplatz,Fritz-Reuter-Str. 31-32,Kreuzgrabengrünzug,2017.0,,1302.0,gewidmet,3200207.0,Herthaplatz,607.0,"Fritz-Reuter-Str. 31-32,Herthaplatz, Berlin, Germany",52.5894836,13.4102873,POINT (1492826.3536275034 6907421.5789722195),,
00008100_0016cee8,00008100:0016cee8,70685,3,Pankow,Prenzlauer Berg,Spielplatz,Käthe-Niederkirchner-Str. 27,Unknown,2008.0,,574.0,gewidmet,3701660.0,Bötzowstraße,392.0,"Käthe-Niederkirchner-Str. 27,Bötzowstraße, Berlin, Germany",52.5303048,13.4326228,POINT (1495312.7301141166 6896585.239163402),,24.265604576621737
00008100_0016d3f9,00008100:0016d3f9,70931,3,Pankow,Prenzlauer Berg,Spielplatz,Zehdenicker Str. 29/ 30,Christinenstraße 41,2005.0,,786.0,gewidmet,3701554.0,Teutoburger Platz,558.0,"Zehdenicker Str. 29/ 30,Teutoburger Platz, Berlin, Germany",52.5300556,13.4068124,POINT (1492439.529528946 6896539.638578599),,
00008100_0016cf88,00008100:0016cf88,70563,3,Pankow,Prenzlauer Berg,Spielplatz,Dunckerstr. 6,Unknown,,2020.0,950.0,gewidmet,3601348.0,Senefelderstraße,752.0,"Dunckerstr. 6,Senefelderstraße, Berlin, Germany",52.5413117,13.4202977,POINT (1493940.7062581407 6898599.626858293),,5.18405068081171
00008100_0016cf95,00008100:0016cf95,70566,3,Pankow,Prenzlauer Berg,Spielplatz,Göhrener Str.,Göhrener Ei,,,392.0,gewidmet,3601348.0,Senefelderstraße,271.0,"Göhrener Str.,Senefelderstraße, Berlin, Germany",52.5407232,13.4208453,POINT (1494001.664811299 6898491.911896272),,37.76481558958147
00008100_0014b89c,00008100:0014b89c,233800,1,Mitte,Moabit,Spielplatz,Helgoländer Ufer 4,20338,,2001.0,1450.0,gewidmet,1200626.0,Thomasiusstraße,485.0,"Helgoländer Ufer 4,Thomasiusstraße, Berlin, Germany",52.5210164,13.350136,POINT (1486130.3415409501 6894885.749234834),,26.42932049293164
00008100_0014bb2c,00008100:0014bb2c,106920,1,Mitte,Mitte,Spielplatz,Schillingstr. 24 - 26,00368,,,232.0,gewidmet,1100311.0,Karl-Marx-Allee,231.0,"Schillingstr. 24 - 26,Karl-Marx-Allee, Berlin, Germany",52.5196909,13.4220398,POINT (1494134.6359430514 6894643.253028759),,
00008100_0014bf56,00008100:0014bf56,316120,1,Mitte,Wedding,Spielplatz,Cambridger Str. 18 - 26,Grünzug Cambridger Str.; 30403,,,382.0,gewidmet,1400941.0,Londoner Straße,202.0,"Cambridger Str. 18 - 26,Londoner Straße, Berlin, Germany",52.5630763,13.3365707,POINT (1484620.2592524919 6902584.283077488),,
00008100_0014b8b8,00008100:0014b8b8,234400,1,Mitte,Moabit,Spielplatz,Wiebestr. 38,neben Kita Huttenstr.; 20344,,,2672.0,gewidmet,1200517.0,Huttenkiez,1500.0,"Wiebestr. 38,Huttenkiez, Berlin, Germany",52.5294796,13.3189841,POINT (1482662.527895707 6896434.238538157),,15.180477376547648
00008100_0014bf16,00008100:0014bf16,372920,1,Mitte,Wedding,Spielplatz,Malplaquetstr. 34,30473,,,972.0,gewidmet,1401048.0,Leopoldplatz,805.0,"Malplaquetstr. 34,Leopoldplatz, Berlin, Germany",52.5504601,13.3597544,POINT (1487201.056931196 6900274.272332979),,44.558722675394925
00008100_0014b895,00008100:0014b895,236600,1,Mitte,Tiergarten,Spielplatz,Bissingzeile 15,20366,,,2304.0,gewidmet,1100104.0,Körnerstraße,1911.0,"Bissingzeile 15,Körnerstraße, Berlin, Germany",52.5029203,13.3702486,POINT (1488369.265931479 6891575.754286482),,
00008100_0014b8bb,00008100:0014b8bb,238200,1,Mitte,Tiergarten,Spielplatz,Kurfürstenstr. 51,20382,,,1389.0,gewidmet,1100103.0,Lützowstraße,891.0,"Kurfürstenstr. 51,Lützowstraße, Berlin, Germany",52.501565,13.3570558,POINT (1486900.6501533415 6891327.9084223965),,12.637699434928352
00008100_0014ba59,00008100:0014ba59,320220,1,Mitte,Wedding,Spielplatz,Schönwalder Str. 19,südl. Kita u. Jugendclub; 30956 und 30477,,,841.0,gewidmet,1300836.0,Humboldthain Nordwest,523.0,"Schönwalder Str. 19,Humboldthain Nordwest, Berlin, Germany",52.5418182,13.3700619,POINT (1488348.4825825477 6898692.33426475),,
00008100_0014bb64,00008100:0014bb64,106220,1,Mitte,Mitte,Spielplatz,Berolinastr. 12 - 17,00366,,2023.0,474.4,gewidmet,1100311.0,Karl-Marx-Allee,399.0,"Berolinastr. 12 - 17,Karl-Marx-Allee, Berlin, Germany",52.5237134,13.4207414,POINT (1493990.0987162057 6895379.179797563),,
00008100_0014bf1d,00008100:0014bf1d,317400,1,Mitte,Wedding,Spielplatz,Liebenwalder Str. 15,Höhe Groninger Str.; 30464,,,2434.0,gewidmet,1401049.0,Schulstraße,1523.0,"Liebenwalder Str. 15,Schulstraße, Berlin, Germany",52.5521116,13.3630526,POINT (1487568.2108757303 6900576.622175695),,
00008100_0014bd43,00008100:0014bd43,143800,1,Mitte,Mitte,Spielplatz,Mulackstr. 9-10,00246,,,1016.0,gewidmet,1100309.0,Oranienburger Straße,660.0,"Mulackstr. 9-10,Oranienburger Straße, Berlin, Germany",52.5272743,13.4063452,POINT (1492387.5210628472 6896030.711890007),,
00008100_0014be01,00008100:0014be01,142630,1,Mitte,Mitte,Spielplatz,Joachimstr. 18 - 19,"zu ""Gipsdreieck""; 00726",,,720.0,gewidmet,1100309.0,Oranienburger Straße,1113.0,"Joachimstr. 18 - 19,Oranienburger Straße, Berlin, Germany",52.5283007,13.4003248,POINT (1491717.3332004754 6896218.520438915),,
00008100_0014b9bd,00008100:0014b9bd,302030,1,Mitte,Gesundbrunnen,Spielplatz,Drontheimer Str. 10,31938,2013.0,,15.0,gewidmet,1300730.0,Drontheimer Straße,406.0,"Drontheimer Str. 10,Drontheimer Straße, Berlin, Germany",52.5586568,13.3771489,POINT (1489137.4038137996 6901775.002457306),,
00008100_0014b8e6,00008100:0014b8e6,237700,1,Mitte,Moabit,Spielplatz,Turmstr. 87,Platz vor dem Amtsgericht; 20377,,2001.0,3113.0,gewidmet,1200626.0,Thomasiusstraße,1259.0,"Turmstr. 87,Thomasiusstraße, Berlin, Germany",52.5285256,13.3646215,POINT (1487742.860024836 6896259.672761931),,
00008100_0014bb16,00008100:0014bb16,125320,1,Mitte,Mitte,Spielplatz,Strelitzer Str. 12-13,00380,,2003.0,2754.0,gewidmet,1100415.0,Invalidenstraße,2500.0,"Strelitzer Str. 12-13,Invalidenstraße, Berlin, Germany",52.5344656,13.3960297,POINT (1491239.2048555694 6897346.6534506725),,
00008100_0014bb19,00008100:0014bb19,127320,1,Mitte,Mitte,Spielplatz,Max-Beer-Str.,Spielplatz Schendelpark; 00382,1995.0,2005.0,2555.0,gewidmet,1100310.0,Alexanderplatzviertel,2261.0,"Max-Beer-Str.,Alexanderplatzviertel, Berlin, Germany",52.526838,13.408908,POINT (1492672.8106538523 6895950.879947821),,
00008100_0014ba8a,00008100:0014ba8a,161200,1,Mitte,Mitte,Spielplatz,Strelitzer Str.  5 - 6,0744,2007.0,,839.0,gewidmet,1100415.0,Invalidenstraße,839.0,"Strelitzer Str.  5 - 6,Invalidenstraße, Berlin, Germany",52.5344656,13.3960297,POINT (1491239.2048555694 6897346.6534506725),,
00008100_0014bf32,00008100:0014bf32,340930,1,Mitte,Wedding,Spielplatz,"Nauener Platz, 30459",Eckgrundstück Schul- Reinickendorfer Str; 30459,,,438.0,gewidmet,1401049.0,Schulstraße,438.0,"Nauener Platz, 30459,Schulstraße, Berlin, Germany",52.5514056,13.3671696,POINT (1488026.5132193263 6900447.369200497),,
00008100_0014b870,00008100:0014b870,237800,1,Mitte,Moabit,Spielplatz,Zinzendorfstr. 12,20378,,,536.0,gewidmet,1200522.0,Elberfelder Straße,296.0,"Zinzendorfstr. 12,Elberfelder Straße, Berlin, Germany",52.5236067,13.3314887,POINT (1484054.5336002805 6895359.657886802),,2.6708400413699054
00008100_0014bb1e,00008100:0014bb1e,142620,1,Mitte,Mitte,Spielplatz,Gipsstr. 29 - 30,Spielplatz Gipsdreieck; 00396,,,591.0,gewidmet,1100309.0,Oranienburger Straße,573.0,"Gipsstr. 29 - 30,Oranienburger Straße, Berlin, Germany",52.5266862,13.4014682,POINT (1491844.6159062486 6895923.104546278),,
00008100_0014bf13,00008100:0014bf13,301150,1,Mitte,Gesundbrunnen,Spielplatz,Pankstr. 83,Panke Grünzug Mittelabschnitt; 30478,,,762.0,gewidmet,1401044.0,Uferstraße,450.0,"Pankstr. 83,Uferstraße, Berlin, Germany",52.547644,13.373819,POINT (1488766.721041407 6899758.738543294),,
00008100_0014bb3a,00008100:0014bb3a,139820,1,Mitte,Mitte,Spielplatz,Fischerinsel 6,00390,,1992.0,1353.7,gewidmet,1100312.0,Heine-Viertel West,1353.0,"Fischerinsel 6,Heine-Viertel West, Berlin, Germany",52.5126471,13.406684,POINT (1492425.2361063282 6893354.733903155),,
00008100_0014baeb,00008100:0014baeb,105900,1,Mitte,Mitte,Spielplatz,Mollstr. 5 - 11,00365,,2023.0,2309.0,gewidmet,1100311.0,Karl-Marx-Allee,1267.0,"Mollstr. 5 - 11,Karl-Marx-Allee, Berlin, Germany",52.5231046,13.4257602,POINT (1494548.7889765988 6895267.793936765),,
00008100_0014bb01,00008100:0014bb01,105810,1,Mitte,Mitte,Spielplatz,Mollstr. 15-18,00364,,2023.0,1730.0,gewidmet,1100311.0,Karl-Marx-Allee,746.0,"Mollstr. 15-18,Karl-Marx-Allee, Berlin, Germany",52.5231046,13.4257602,POINT (1494548.7889765988 6895267.793936765),,
00008100_0014bdad,00008100:0014bdad,340920,1,Mitte,Wedding,Spielplatz,"Nauener Platz, 30891",Reinickendorfer Str. 55 / 56 Teil 2; 30891,,,1926.0,gewidmet,1401049.0,Schulstraße,1926.0,"Nauener Platz, 30891,Schulstraße, Berlin, Germany",52.5514056,13.3671696,POINT (1488026.5132193263 6900447.369200497),,
00008100_0014b891,00008100:0014b891,234600,1,Mitte,Tiergarten,Spielplatz,Pohlstr. 9 - 19,20346,,,2280.0,gewidmet,1100104.0,Körnerstraße,1679.0,"Pohlstr. 9 - 19,Körnerstraße, Berlin, Germany",52.5012098,13.3622743,POINT (1487481.570916046 6891262.953697785),,
00008100_0014bc27,00008100:0014bc27,133900,1,Mitte,Mitte,Spielplatz,Claire-Waldoff-Str.,ggü. Friedrichstr. 129; 00610,,2007.0,1832.0,gewidmet,1100308.0,Charitéviertel,625.0,"Claire-Waldoff-Str.,Charitéviertel, Berlin, Germany",52.5248624,13.3867661,POINT (1490207.9856206567 6895589.404690468),,
00008100_0014bb45,00008100:0014bb45,140940,1,Mitte,Mitte,Spielplatz,Schmidstr. 1 - 11,00393,,1994.0,1023.3,gewidmet,1100313.0,Heine-Viertel Ost,388.0,"Schmidstr. 1 - 11,Heine-Viertel Ost, Berlin, Germany",52.5086029,13.4175295,POINT (1493632.5516437266 6892615.023570242),,35.46857895543554
00008100_00315590,00008100:00315590,112630,1,Mitte,Mitte,Spielplatz,Fischerinsel 1-2,Kleinkinderspielbereich,2024.0,,400.0,gewidmet,1100312.0,Heine-Viertel West,400.0,"Fischerinsel 1-2,Heine-Viertel West, Berlin, Germany",52.5134456,13.4073396,POINT (1492498.2171644922 6893500.7927641515),,
00008100_0014b9f6,00008100:0014b9f6,340120,1,Mitte,Wedding,Spielplatz,Park am Plötzensee,Pilzspielplatz; 31935,2009.0,,193.0,gewidmet,1400937.0,Afrikanische Straße,50.0,"Park am Plötzensee,Afrikanische Straße, Berlin, Germany",52.5456786,13.3263602,POINT (1483483.6315917475 6899398.959090259),,
00008100_0014ba9c,00008100:0014ba9c,215900,1,Mitte,Moabit,Spielplatz,Bundesratufer 2,an der Wendeschleife Stromstr.; 20687,,,77.6,gewidmet,1200522.0,Elberfelder Straße,20.0,"Bundesratufer 2,Elberfelder Straße, Berlin, Germany",52.5234658,13.3416095,POINT (1485181.1759027012 6895333.87879145),,
00008100_001991f8,00008100:001991f8,00244,10,Marzahn-Hellersdorf,Marzahn,Spielplatz,Langhoffstraße 2 - 26,Spielplätze im Wohnhof,1883.0,,3087.9,gewidmet,10100312.0,Springpfuhl,1304.3,"Langhoffstraße 2 - 26,Springpfuhl, Berlin, Germany",52.5320944,13.5433382,POINT (1507637.5120650905 6896912.721911792),,
00008100_001991a1,00008100:001991a1,00282,10,Marzahn-Hellersdorf,Marzahn,Spielplatz,Bärensteinstraße,Spielplatz,1985.0,,7237.7,gewidmet,10100315.0,Bärenstein,1360.86,"Bärensteinstraße,Bärenstein, Berlin, Germany",52.5410364,13.5664225,POINT (1510207.2445864095 6898549.23767422),,
00008100_001991e2,00008100:001991e2,00240,10,Marzahn-Hellersdorf,Marzahn,Spielplatz,Murtzaner Ring 2 - 28,mit Spiel- und Rodelberg,1983.0,2008.0,3721.5,gewidmet,10100312.0,Springpfuhl,2263.95,"Murtzaner Ring 2 - 28,Springpfuhl, Berlin, Germany",52.5307315,13.544133,POINT (1507725.988796373 6896663.320701396),,
00008100_0019917c,00008100:0019917c,00241,10,Marzahn-Hellersdorf,Marzahn,Spielplatz,Murtzaner Ring 2 - 28,Bolzplatz,1983.0,,734.0,gewidmet,10100312.0,Springpfuhl,734.18,"Murtzaner Ring 2 - 28,Springpfuhl, Berlin, Germany",52.5307315,13.544133,POINT (1507725.988796373 6896663.320701396),,
00008100_0019918b,00008100:0019918b,00283,10,Marzahn-Hellersdorf,Marzahn,Spielplatz,Bärensteinstraße,Bolzplatz,1985.0,1999.0,597.0,gewidmet,10100315.0,Bärenstein,597.13,"Bärensteinstraße,Bärenstein, Berlin, Germany",52.5410364,13.5664225,POINT (1510207.2445864095 6898549.23767422),,
00008100_001991d1,00008100:001991d1,00300,10,Marzahn-Hellersdorf,Biesdorf,Spielplatz,Cecilienstraße 182,Spielbereich zum Wuhlgarten,1986.0,,582.7,gewidmet,10300732.0,Buckower Ring,583.0,"Cecilienstraße 182,Buckower Ring, Berlin, Germany",52.5267695,13.5738666,POINT (1511035.9180078236 6895938.346240247),,
00008100_00199264,00008100:00199264,2306721,10,Marzahn-Hellersdorf,Marzahn,Spielplatz,Hohensaatener Straße,neuer Ballspielplatz,2007.0,,568.0,gewidmet,10100207.0,Ahrensfelder Berge,567.99,"Hohensaatener Straße,Ahrensfelder Berge, Berlin, Germany",52.55002,13.5729104,POINT (1510929.474310727 6900193.702551116),,
00008100_00199332,00008100:00199332,2301328,10,Marzahn-Hellersdorf,Marzahn,Spielplatz,Rosenbecker Straße 37,Ecke Eichhorster Straße,2003.0,,1944.5,gewidmet,10100102.0,Rosenbecker Straße,1543.47,"Rosenbecker Straße 37,Rosenbecker Straße, Berlin, Germany",52.5724484,13.5710718,POINT (1510724.8022949547 6904300.73322746),,
00008100_00199408,00008100:00199408,00195,10,Marzahn-Hellersdorf,Marzahn,Spielplatz,Brodowiner Ring 22,Spielplatz,1987.0,,325.0,gewidmet,10100207.0,Ahrensfelder Berge,324.47,"Brodowiner Ring 22,Ahrensfelder Berge, Berlin, Germany",52.5488293,13.5784659,POINT (1511547.9097418291 6899975.723326378),,
00008100_00199434,00008100:00199434,00185,10,Marzahn-Hellersdorf,Marzahn,Spielplatz,Schwarzburger Str. 15/ 17,Spielplatz,1986.0,,527.0,gewidmet,10100206.0,Wuhletalstraße,312.0,"Schwarzburger Str. 15/ 17,Wuhletalstraße, Berlin, Germany",52.5582106,13.5713829,POINT (1510759.4337885403 6901693.300683879),,
00008100_0019919a,00008100:0019919a,00317,10,Marzahn-Hellersdorf,Biesdorf,Spielplatz,Nordpromenade,Piratenspielplatz am S-Bahnhof Biesdorf,1990.0,2022.0,2202.5,gewidmet,10300733.0,Alt-Biesdorf,1686.77,"Nordpromenade,Alt-Biesdorf, Berlin, Germany",52.5123656,13.5559524,POINT (1509041.7183858547 6893303.243528536),,
00008100_0019944f,00008100:0019944f,00171,10,Marzahn-Hellersdorf,Marzahn,Spielplatz,Walter-Felsenstein-Straße,Sella-Hasse-Str. 23 - Spielplatz,1991.0,,741.0,gewidmet,10100208.0,Bürgerpark,741.03,"Walter-Felsenstein-Straße,Bürgerpark, Berlin, Germany",52.5542019,13.5537796,POINT (1508799.8433962592 6900959.322037836),,
00008100_000a6dbe,00008100:000a6dbe,241.295,8,Neukölln,Rudow,Spielplatz,Pirnaer Strasse,Unknown,,2021.0,6331.0,gewidmet,8401242.0,Zittauer Straße,3184.97,"Pirnaer Strasse,Zittauer Straße, Berlin, Germany",52.4137507,13.4825241,POINT (1500867.717420039 6875285.426234157),,
00008100_000a6de4,00008100:000a6de4,231.290,8,Neukölln,Buckow,Spielplatz,Möwenweg,Unknown,,,5862.0,gewidmet,8401138.0,Goldhähnchenweg,3364.0,"Möwenweg,Goldhähnchenweg, Berlin, Germany",52.4414235,13.4610638,POINT (1498478.767751768 6880337.420236206),,
00008100_000a6d3f,00008100:000a6d3f,411.232,8,Neukölln,Neukölln,Spielplatz,Weigandufer,Unknown,,2016.0,7003.0,gewidmet,8100418.0,Hertzbergplatz,2625.0,"Weigandufer,Hertzbergplatz, Berlin, Germany",52.4834085,13.4468417,POINT (1496895.5708217572 6888008.336998728),,
00008100_000a6cf5,00008100:000a6cf5,211.276,8,Neukölln,Buckow,Spielplatz,Parksiedlung Spruch 8,Unknown,,,859.0,gewidmet,8200831.0,Buckow West,693.0,"Parksiedlung Spruch 8,Buckow West, Berlin, Germany",52.4217691,13.4076318,POINT (1492530.744719702 6876748.9528243635),,
00008100_000a6c6a,00008100:000a6c6a,324.204,8,Neukölln,Britz,Spielplatz,Hannemannstrasse,Jugendfreizeitheim,,,1123.0,Unknown,8200623.0,Park am Buschkrug,715.64,"Hannemannstrasse,Park am Buschkrug, Berlin, Germany",52.4554051,13.4481853,POINT (1497045.139689587 6882891.131887585),,
00008100_000a6b67,00008100:000a6b67,234.201,8,Neukölln,Rudow,Spielplatz,Käte-Frankenthal Weg 12,Jugendfreizeitheim,,,3603.0,Unknown,8401245.0,Frauenviertel,3080.0,"Käte-Frankenthal Weg 12,Frauenviertel, Berlin, Germany",52.4006685,13.5028714,POINT (1503132.768495057 6872898.220785399),,
00008100_000a6b6f,00008100:000a6b6f,321.249,8,Neukölln,Britz,Spielplatz,Dürtenstrasse,Krugpfuhl,2000.0,,228.0,gewidmet,8200726.0,Hufeisensiedlung,148.0,"Dürtenstrasse,Hufeisensiedlung, Berlin, Germany",52.4489614,13.4522298,POINT (1497495.3713701004 6881714.10208962),,
00008100_000a6cd6,00008100:000a6cd6,241.296,8,Neukölln,Gropiusstadt,Spielplatz,Ringslebenstrasse,Unknown,1997.0,,170.0,gewidmet,8301036.0,Gropiusstadt Mitte,133.0,"Ringslebenstrasse,Gropiusstadt Mitte, Berlin, Germany",52.4208021,13.4605691,POINT (1498423.697999673 6876572.4408798525),,
00008100_000a6d37,00008100:000a6d37,431.229,8,Neukölln,Neukölln,Spielplatz,Schierkerplatz,Unknown,,2019.0,1916.0,gewidmet,8100208.0,Körnerpark,1268.75,"Schierkerplatz,Körnerpark, Berlin, Germany",52.4702095,13.4377399,POINT (1495882.363080455 6885596.010290577),,
00008100_000a6d11,00008100:000a6d11,434.201,8,Neukölln,Neukölln,Spielplatz,Lessinghöhe,Jugendheim,,,13957.0,Unknown,8100207.0,Rollberg,6500.0,"Lessinghöhe,Rollberg, Berlin, Germany",52.4758746,13.4361517,POINT (1495705.565465177 6886631.308578923),,
00008100_000a6b7f,00008100:000a6b7f,231.296,8,Neukölln,Buckow,Spielplatz,Ortolanweg,Unknown,2002.0,,2071.0,gewidmet,8401140.0,Vogelviertel Nord,1390.65,"Ortolanweg,Vogelviertel Nord, Berlin, Germany",52.4395265,13.4695543,POINT (1499423.9258883484 6879990.999371314),,
00008100_000a6b4c,00008100:000a6b4c,431.201,8,Neukölln,Neukölln,Spielplatz,Weichselstraße 33,Unknown,,,1364.0,gewidmet,8100312.0,Weichselplatz,1119.52,"Weichselstraße 33,Weichselplatz, Berlin, Germany",52.4891899,13.4388975,POINT (1496011.2265229973 6889065.207546407),,
00008100_000a6c88,00008100:000a6c88,321.256,8,Neukölln,Britz,Spielplatz,Miningstrasse,Unknown,,,5990.0,gewidmet,8200726.0,Hufeisensiedlung,3677.0,"Miningstrasse,Hufeisensiedlung, Berlin, Germany",52.4497224,13.4466681,POINT (1496876.2457581554 6881853.100163749),,
00008100_000a6bfb,00008100:000a6bfb,321.235,8,Neukölln,Britz,Spielplatz,Bürgerstraße,Unknown,2007.0,,1854.0,gewidmet,8200622.0,Jahnstraße,1197.0,"Bürgerstraße,Jahnstraße, Berlin, Germany",52.4624321,13.444803,POINT (1496668.6237758768 6884174.905739225),,
00008100_000a6b4d,00008100:000a6b4d,224.908,8,Neukölln,Britz,Spielplatz,Gutschmidtstraße,Abenteuerspielplatz,,,2500.0,Unknown,8200730.0,Handwerker-Siedlung,2000.0,"Gutschmidtstraße,Handwerker-Siedlung, Berlin, Germany",52.4369445,13.4471881,POINT (1496934.131893368 6879519.511120606),,
00008100_0012dce1,00008100:0012dce1,17306,7,Tempelhof-Schöneberg,Schöneberg,Spielplatz,Motzstr. 51,Unknown,1975.0,,675.0,gewidmet,7100101.0,Wittenbergplatz,301.0,"Motzstr. 51,Wittenbergplatz, Berlin, Germany",52.4969568,13.3454465,POINT (1485608.3087888751 6890485.256720192),,
00008100_0012d930,00008100:0012d930,00642,7,Tempelhof-Schöneberg,Mariendorf,Spielplatz,Ringstr. 27,Versunkene Goldgräberstadt,,2014.0,1974.0,gewidmet,7501029.0,Ringstraße,1183.0,"Ringstr. 27,Ringstraße, Berlin, Germany",52.4449205,13.3705492,POINT (1488402.7285704112 6880976.064372485),,
00008100_0012d7f4,00008100:0012d7f4,17916,7,Tempelhof-Schöneberg,Tempelhof,Spielplatz,Tempelhofer Damm 103,Skateboard,,,355.0,gewidmet,7400721.0,Paradestraße,280.0,"Tempelhofer Damm 103,Paradestraße, Berlin, Germany",52.4639522,13.3856145,POINT (1490079.7900950592 6884452.642192916),,
00008100_0012db64,00008100:0012db64,19056,7,Tempelhof-Schöneberg,Tempelhof,Spielplatz,Götzstraße 30,an der Templerzeile,2012.0,2012.0,469.0,gewidmet,7400927.0,Rathaus Tempelhof,469.0,"Götzstraße 30,Rathaus Tempelhof, Berlin, Germany",52.463067,13.3913529,POINT (1490718.5858610272 6884290.906727065),,
00008100_0012d799,00008100:0012d799,18027,7,Tempelhof-Schöneberg,Schöneberg,Spielplatz,Priesterweg 21,am Baluschek-Park,2001.0,,7559.0,gewidmet,7300619.0,Grazer Platz,4665.0,"Priesterweg 21,Grazer Platz, Berlin, Germany",52.4605556,13.3555976,POINT (1486738.3240718665 6883832.064905811),,
00008100_0012d8e9,00008100:0012d8e9,00647,7,Tempelhof-Schöneberg,Lichtenrade,Spielplatz,Küstriner Str.,"Bolzplatz, BMX etc",1982.0,,6531.0,gewidmet,7601443.0,Töpchiner Weg,3996.0,"Küstriner Str.,Töpchiner Weg, Berlin, Germany",52.4094476,13.4146652,POINT (1493313.6992262474 6874500.12972414),,
00008100_0012d8f6,00008100:0012d8f6,00643,7,Tempelhof-Schöneberg,Marienfelde,Spielplatz,Hildburghauser Str.,"neben Nr. 19, Bolzplatz etc",1976.0,2008.0,10095.0,gewidmet,7601236.0,Marienfelder Allee Nordwest,8599.0,"Hildburghauser Str.,Marienfelder Allee Nordwest, Berlin, Germany",52.4149042,13.3470366,POINT (1485785.317911185 6875495.94784931),,
00008100_0012d926,00008100:0012d926,00623,7,Tempelhof-Schöneberg,Mariendorf,Spielplatz,Volkspark Mariendorf - Mariendorfer Damm,Planetensystem,1923.0,,1740.0,gewidmet,7501031.0,Eisenacher Straße,1452.0,"Volkspark Mariendorf - Mariendorfer Damm,Eisenacher Straße, Berlin, Germany",52.4418839,13.3877145,POINT (1490313.561025725 6880421.498482461),,
00008100_0011de88,00008100:0011de88,61062,5,Spandau,Hakenfelde,Spielplatz,Maselakepark (KS),verlängerter Hohenzollernring,2009.0,2021.0,1150.0,gewidmet,5100104.0,Maselake,450.0,"Maselakepark (KS),Maselake, Berlin, Germany",52.5559445,13.2115867,POINT (1470707.1040151855 6901278.377631593),,
00008100_0011dfae,00008100:0011dfae,41640,5,Spandau,Wilhelmstadt,Spielplatz,Teltower Straße (KS),Freiheitswiesen,,2017.0,784.0,gewidmet,5200632.0,Tiefwerder,784.0,"Teltower Straße (KS),Tiefwerder, Berlin, Germany",52.5269017,13.2159918,POINT (1471197.4775040788 6895962.535398538),,
00008100_0011e0ec,00008100:0011e0ec,00027,5,Spandau,Spandau,Spielplatz,Koeltzepark (KS),Am Koeltzepark 4,1989.0,2015.0,5043.0,gewidmet,5100312.0,Eckschanze,4431.0,"Koeltzepark (KS),Eckschanze, Berlin, Germany",52.5466413,13.2052655,POINT (1470003.431249983 6899575.185671649),,
00008100_0011dfb4,00008100:0011dfb4,41600,5,Spandau,Haselhorst,Spielplatz,Grützmachergraben (KS),südl KGA Haselbusch,2001.0,,1681.0,gewidmet,5300736.0,Zitadellenweg,1681.0,"Grützmachergraben (KS),Zitadellenweg, Berlin, Germany",52.5361244,13.2309391,POINT (1472861.4033288134 6897650.229137506),,
00008100_0011e020,00008100:0011e020,40930,5,Spandau,Gatow,Spielplatz,Waldschluchtpfad (KS),Breitehornweg,,,985.0,gewidmet,5400942.0,Alt-Gatow,985.0,"Waldschluchtpfad (KS),Alt-Gatow, Berlin, Germany",52.4696744,13.1749928,POINT (1466633.4897010454 6885498.227534574),,
00008100_0011e267,00008100:0011e267,60033,5,Spandau,Kladow,Spielplatz,Imchenallee (BS),Ecke Sibeliusweg,2000.0,2018.0,601.0,gewidmet,5400944.0,Kladower Damm,500.0,"Imchenallee (BS),Kladower Damm, Berlin, Germany",52.4511386,13.1474434,POINT (1463566.7045213855 6882111.778137455),,
00008100_0011e2e9,00008100:0011e2e9,00710,5,Spandau,Staaken,Spielplatz,Pfarrer-Theile-Straße (KS),Wohnpark Staaken I,1998.0,,2049.0,gewidmet,5200525.0,Pillnitzer Weg,2049.0,"Pfarrer-Theile-Straße (KS),Pillnitzer Weg, Berlin, Germany",52.5262472,13.1468056,POINT (1463495.7049501576 6895842.779649899),,
00008100_0011dfb3,00008100:0011dfb3,41730,5,Spandau,Haselhorst,Spielplatz,Romy-Schneider-Str. (KS),östlicher Abzugsgraben,2001.0,2020.0,463.0,gewidmet,5300736.0,Zitadellenweg,463.0,"Romy-Schneider-Str. (KS),Zitadellenweg, Berlin, Germany",52.5455634,13.2249788,POINT (1472197.9057678382 6899377.8714690935),,
00008100_0011e2bb,00008100:0011e2bb,50012,5,Spandau,Hakenfelde,Spielplatz,An der Havelspitze (KS),Quartier Havelspitze,2000.0,,1225.0,gewidmet,5100104.0,Maselake,1225.0,"An der Havelspitze (KS),Maselake, Berlin, Germany",52.5557641,13.2178866,POINT (1471408.405675234 6901245.347301186),,
00008100_0011e023,00008100:0011e023,40921,5,Spandau,Kladow,Spielplatz,Runeberg (KS),Räuberspielplatz mi Zauberwald,,2011.0,2367.0,gewidmet,5400944.0,Kladower Damm,2367.0,"Runeberg (KS),Kladower Damm, Berlin, Germany",52.4550498,13.1481601,POINT (1463646.4872004369 6882826.227004396),,
00008100_0011df86,00008100:0011df86,40251,5,Spandau,Falkenhagener Feld,Spielplatz,Wasserwerkstraße (KS),zw. Falkenseer Ch. und Pionierstr.,,,5600.0,gewidmet,5100208.0,Im Spektefeld,5600.0,"Wasserwerkstraße (KS),Im Spektefeld, Berlin, Germany",52.5538924,13.1663018,POINT (1465666.0120065613 6900902.656482259),,
00008100_0011de70,00008100:0011de70,70221,5,Spandau,Falkenhagener Feld,Spielplatz,Schulzenstraße (KS),Schulzenstr Ecke An der Kappe,2009.0,,2456.0,gewidmet,5100211.0,An der Kappe,2456.0,"Schulzenstraße (KS),An der Kappe, Berlin, Germany",52.5400908,13.1785008,POINT (1467023.9984747483 6898376.163392001),,
00008100_0011df8f,00008100:0011df8f,41595,5,Spandau,Spandau,Spielplatz,Spandauer Burgwall (KS),Unknown,,2015.0,2507.0,gewidmet,5200629.0,Borkumer Straße,2507.0,"Spandauer Burgwall (KS),Borkumer Straße, Berlin, Germany",52.5275078,13.19821,POINT (1469218.016582691 6896073.436851355),,
00008100_0011df23,00008100:0011df23,60114,5,Spandau,Kladow,Spielplatz,Landstadt Gatow (KS),Am Flugplatz Gatow,,2020.0,2035.0,gewidmet,5400943.0,Jägerallee,2035.0,"Landstadt Gatow (KS),Jägerallee, Berlin, Germany",52.4745529,13.127942,POINT (1461395.8186036292 6886389.755689147),,
00008100_0024d6c9,00008100:0024d6c9,24680,5,Spandau,Spandau,Spielplatz,Lindenufer I,Unknown,,,608.0,gewidmet,5100316.0,Carl-Schurz-Straße,608.0,"Lindenufer I,Carl-Schurz-Straße, Berlin, Germany",52.5368819,13.2072307,POINT (1470222.1963132902 6897788.86243285),,38.647431408646455
00008100_0024f60c,00008100:0024f60c,24681,5,Spandau,Spandau,Spielplatz,Lindenufer II,Unknown,,,182.0,gewidmet,5100316.0,Carl-Schurz-Straße,182.0,"Lindenufer II,Carl-Schurz-Straße, Berlin, Germany",52.5353992,13.2054154,POINT (1470020.118041653 6897517.5094433995),,
00008100_0016ce9a,00008100:0016ce9a,70212,3,Pankow,Karow,Spielplatz,Ingwäonenweg 62,Abenteuerspielplatz,,,5442.0,gewidmet,3300411.0,Karow Nord,2546.0,"Ingwäonenweg 62,Karow Nord, Berlin, Germany",52.6100423,13.4975018,POINT (1502535.0273572935 6911189.545255525),,
00008100_0016cdaa,00008100:0016cdaa,00328,3,Pankow,Pankow,Spielplatz,Wolfshagener Str. 105,Am Freibad,,,5149.0,gewidmet,3400724.0,Wolfshagener Straße,4729.0,"Wolfshagener Str. 105,Wolfshagener Straße, Berlin, Germany",52.5751347,13.4158023,POINT (1493440.2806192283 6904792.782395562),,
00008100_0016ce92,00008100:0016ce92,70181,3,Pankow,Weißensee,Spielplatz,Buschallee 87 - Spielplatz 1,Falkenberger Straße 27-30,2004.0,,1696.0,gewidmet,3501037.0,Rathaus Weißensee,872.0,"Buschallee 87 - Spielplatz 1,Rathaus Weißensee, Berlin, Germany",52.5548716,13.4763837,POINT (1500184.171218772 6901081.937049176),,0.00012849012800069884
00008100_0016d1e9,00008100:0016d1e9,70072,3,Pankow,Prenzlauer Berg,Spielplatz,Greifswalder Str. 80D,Unknown,,,3610.0,gewidmet,3601451.0,Anton-Saefkow-Park,2027.01,"Greifswalder Str. 80D,Anton-Saefkow-Park, Berlin, Germany",52.5389809,13.4379454,POINT (1495905.239235813 6898173.021842907),,
00008100_0016cf0d,00008100:0016cf0d,79821,3,Pankow,Blankenburg,Spielplatz,Schäferstege 5,am Ilsenburggraben,2007.0,,4375.0,gewidmet,3300514.0,Blankenburg,4375.0,"Schäferstege 5,Blankenburg, Berlin, Germany",52.5931844,13.4498409,POINT (1497229.4402385443 6908099.725297241),,
00008100_0016ce66,00008100:0016ce66,70210,3,Pankow,Karow,Spielplatz,Sägebockweg 107,"""Pirateninsel""",,,1300.0,gewidmet,3300411.0,Karow Nord,957.0,"Sägebockweg 107,Karow Nord, Berlin, Germany",52.6138681,13.4897038,POINT (1501666.9579680874 6911890.927087245),,
00008100_0014bf2e,00008100:0014bf2e,345090,1,Mitte,Wedding,Spielplatz,Schillerpark,Spielplatz auf der Bastion; 30445,,,294.0,gewidmet,1400940.0,Schillerpark,294.0,"Schillerpark,Schillerpark, Berlin, Germany",52.5584433,13.3474967,POINT (1485836.5360088993 6901735.909281854),,
00008100_0014bf30,00008100:0014bf30,345060,1,Mitte,Wedding,Spielplatz,Schillerpark,Bristolstr.; 30443,,,1142.0,gewidmet,1400940.0,Schillerpark,982.0,"Schillerpark,Schillerpark, Berlin, Germany",52.5584433,13.3474967,POINT (1485836.5360088993 6901735.909281854),,
00008100_0014bf4e,00008100:0014bf4e,345040,1,Mitte,Wedding,Spielplatz,Schillerpark,"Aloysiuskirche, Barfusstr.; 30411",,,443.0,gewidmet,1400940.0,Schillerpark,383.0,"Schillerpark,Schillerpark, Berlin, Germany",52.5584433,13.3474967,POINT (1485836.5360088993 6901735.909281854),,
00008100_0014bf58,00008100:0014bf58,324030,1,Mitte,Wedding,Spielplatz,Leopoldplatz,I Turiner / Nazarethkirchstr.; 30398,,,252.0,gewidmet,1401048.0,Leopoldplatz,252.0,"Leopoldplatz,Leopoldplatz, Berlin, Germany",52.5463833,13.3591672,POINT (1487135.690126202 6899527.957227694),,
00008100_0014bf1b,00008100:0014bf1b,345030,1,Mitte,Wedding,Spielplatz,Schillerpark,Ungarnstr. II (westlich); 30471,,,153.0,gewidmet,1400940.0,Schillerpark,153.0,"Schillerpark,Schillerpark, Berlin, Germany",52.5584433,13.3474967,POINT (1485836.5360088993 6901735.909281854),,
00008100_0014bf59,00008100:0014bf59,317100,1,Mitte,Wedding,Spielplatz,Liesenstr. 15 - 16,Ecke Neue Hochstr.; 30407,,,802.0,gewidmet,1300836.0,Humboldthain Nordwest,500.0,"Liesenstr. 15 - 16,Humboldthain Nordwest, Berlin, Germany",52.5373265,13.3746327,POINT (1488857.3017110655 6897870.231682858),,
00008100_0014be0a,00008100:0014be0a,160300,1,Mitte,Mitte,Spielplatz,Veteranenstr. 18,00728,,2003.0,833.0,gewidmet,1100416.0,Arkonaplatz,600.0,"Veteranenstr. 18,Arkonaplatz, Berlin, Germany",52.5333712,13.4017518,POINT (1491876.1861138374 6897146.3744441345),,
00008100_0014bb63,00008100:0014bb63,106600,1,Mitte,Mitte,Spielplatz,Berolinastr. 4 - 6,00367,,,3785.0,gewidmet,1100311.0,Karl-Marx-Allee,1680.0,"Berolinastr. 4 - 6,Karl-Marx-Allee, Berlin, Germany",52.5237134,13.4207414,POINT (1493990.0987162057 6895379.179797563),,
00008100_0014bb17,00008100:0014bb17,108020,1,Mitte,Mitte,Spielplatz,Singerstr. 109 - 117,Spielplatz Singerstr. ; 00370,,,5203.0,gewidmet,1100311.0,Karl-Marx-Allee,2770.0,"Singerstr. 109 - 117,Karl-Marx-Allee, Berlin, Germany",52.5173659,13.4214122,POINT (1494064.7718306296 6894217.91899919),,
00008100_0014bbd6,00008100:0014bbd6,124610,1,Mitte,Mitte,Spielplatz,Eichendorffstr.,Spielplatz Invalidenstr.; 00609,,2011.0,2126.0,gewidmet,1100415.0,Invalidenstraße,1321.0,"Eichendorffstr.,Invalidenstraße, Berlin, Germany",52.5298791,13.3876859,POINT (1490310.3772882884 6896507.341370699),,
00008100_0014b8f4,00008100:0014b8f4,238100,1,Mitte,Moabit,Spielplatz,Helgoländer Ufer 1,20381,,2000.0,1818.0,gewidmet,1200626.0,Thomasiusstraße,936.0,"Helgoländer Ufer 1,Thomasiusstraße, Berlin, Germany",52.5201136,13.3515989,POINT (1486293.1908240316 6894720.583917559),,4.391024254130001
00008100_0014b882,00008100:0014b882,236800,1,Mitte,Moabit,Spielplatz,Unionstr. 5,20368,,,2648.0,gewidmet,1200520.0,Bremer Straße,2112.0,"Unionstr. 5,Bremer Straße, Berlin, Germany",52.5328716,13.3376076,POINT (1484735.6864324957 6897054.947565864),,
00008100_0014bf31,00008100:0014bf31,345050,1,Mitte,Wedding,Spielplatz,Schillerpark,Ofener Str. / Edinburger Str.; 30442,,,421.0,gewidmet,1400940.0,Schillerpark,421.0,"Schillerpark,Schillerpark, Berlin, Germany",52.5584433,13.3474967,POINT (1485836.5360088993 6901735.909281854),,
00008100_0014b88c,00008100:0014b88c,236900,1,Mitte,Moabit,Spielplatz,Bremer Str. 30,20369,,,2510.0,gewidmet,1200520.0,Bremer Straße,1417.0,"Bremer Str. 30,Bremer Straße, Berlin, Germany",52.5314206,13.339019,POINT (1484892.8027618013 6896789.420235923),,25.2231634451385
00008100_0014bf4f,00008100:0014bf4f,345020,1,Mitte,Wedding,Spielplatz,Schillerpark,Ungarnstr.  I  (östlich); 30410,,,162.0,gewidmet,1400940.0,Schillerpark,162.0,"Schillerpark,Schillerpark, Berlin, Germany",52.5584433,13.3474967,POINT (1485836.5360088993 6901735.909281854),,
00008100_0014be6b,00008100:0014be6b,162820,1,Mitte,Mitte,Spielplatz,Oranienburger Str. 18,Schiffsspielplatz im Krausnickpark; 00806,,2006.0,1162.0,gewidmet,1100309.0,Oranienburger Straße,800.0,"Oranienburger Str. 18  ,Oranienburger Straße, Berlin, Germany",52.5240834,13.3971151,POINT (1491360.0310308763 6895446.875637998),,
00008100_0014bb5d,00008100:0014bb5d,112620,1,Mitte,Mitte,Spielplatz,Fischerinsel 1 - 2,Calisthenics-Anlage,2024.0,,160.0,gewidmet,1100312.0,Heine-Viertel West,160.0,"Fischerinsel 1 - 2,Heine-Viertel West, Berlin, Germany",52.5134456,13.4073396,POINT (1492498.2171644922 6893500.7927641515),,
00008100_0014b9b8,00008100:0014b9b8,345080,1,Mitte,Wedding,Spielplatz,Schillerpark,Planschbecken Dubliner Str.; 30495,,,1745.0,gewidmet,1400940.0,Schillerpark,962.0,"Schillerpark,Schillerpark, Berlin, Germany",52.5584433,13.3474967,POINT (1485836.5360088993 6901735.909281854),,
00008100_0014bf62,00008100:0014bf62,301260,1,Mitte,Wedding,Spielplatz,Schulzendorfer Str. 10,"Panke Grünzug Süd, 30389",,,676.0,gewidmet,1300836.0,Humboldthain Nordwest,236.0,"Schulzendorfer Str. 10,Humboldthain Nordwest, Berlin, Germany",52.540029,13.3705505,POINT (1488402.8732857495 6898364.852194961),,
