id,element,source_osm_id,name,addr:street,addr:housenumber,addr:postcode,addr:city,phone,contact:phone,email,contact:email,website,contact:website,opening_hours,operator,wheelchair,wheelchair:description,emergency,lat,lon,geometry,lor_id,district,district_id,neighborhood,neighborhood_id
268917040,node,node/268917040,Tierarztpraxis am Urban,Baerwaldstraße,69,10961,Berlin,,,,,,,"Mo-Sa 10:00-12:00, Mo 17:00-19:00, Tu,We,Fr 16:00-18:00, Th 17:00-19:00",,no,,,52.4956842,13.4052329,POINT (13.4052329 52.4956842),re_ortsteil.0202,Friedrichshain-Kreuzberg,11002002,Kreuzberg,0202
299795048,node,node/299795048,Dr. med. vet. Elke Hartwig,Straße 48,67,13125,Berlin,+49 30 9437820,,,,http://www.tierarztpraxis-hartwig.de/,,"Mo,Tu,Th,Fr 10:00-12:00, Mo-Fr 15:00-18:00",,limited,,,52.6062863,13.4795548,POINT (13.4795548 52.60628629999999),re_ortsteil.0305,Pankow,11003003,Karow,0305
347294456,node,node/347294456,Tierarztpraxis Dr. Bernhard Sörensen,Königsberger Straße,36,12207,Berlin,+49 30 7738321,,,,https://www.tierarztpraxis-soerensen.de/,,"Mo-Fr 09:00-20:00; Sa, Su 10:00-18:00",,yes,,,52.4297216,13.3201326,POINT (13.3201326 52.4297216),re_ortsteil.0602,Steglitz-Zehlendorf,11006006,Lichterfelde,0602
394867279,node,node/394867279,Tierarztpraxis Jeanette Koepsel,,,,,,,,,,,,,,,,52.5351995,13.2705734,POINT (13.2705734 52.5351995),re_ortsteil.0503,Spandau,11005005,Siemensstadt,0503
411550894,node,node/411550894,Kleintierarztpraxis Berlin Kaulsdorf,Planitzstraße,19,12621,Berlin,+49 30 53018585,,info@tierarzt-kaulsdorf.de,,https://www.tierarzt-kaulsdorf.de/,,"Mo-Fr 09:00-19:00 open ""tel. Terminvereinbarung erforderlich"", week 01-53/2 Sa 09:00-12:00 open ""tel. Terminvereinbarung erforderlich""; Dec 23-26 off; Dec 31-Jan 02 off; PH off",Dr. Berit Miels;Dr. Mathias Kochert,,,,52.5095114,13.5896353,POINT (13.5896353 52.50951139999999),re_ortsteil.1003,Marzahn-Hellersdorf,11010010,Kaulsdorf,1003
581887970,node,node/581887970,Eva Klein,,,,,,,,,,,,,,,,52.4288173,13.1935291,POINT (13.1935291 52.4288173),re_ortsteil.0606,Steglitz-Zehlendorf,11006006,Nikolassee,0606
603392630,node,node/603392630,Klein- und Heimtierklinik,Oertzenweg,19b,14163,Berlin,,,,,https://www.vetmed.fu-berlin.de/einrichtungen/kliniken/we20/index.html,,"Mo-Fr 09:00-13:00,14:00-16:00",Freie Universität Berlin,yes,,yes,52.4302981,13.2373596,POINT (13.2373596 52.4302981),re_ortsteil.0604,Steglitz-Zehlendorf,11006006,Zehlendorf,0604
702363921,node,node/702363921,Tierarztpraxis im Frauenviertel - Firchow,,,,,,,,,,,"Mo-Fr 10:00-12:00, Mo,Tu,Th 17:00-19:00, Fr 16:00-18:00",,limited,,,52.4042597,13.5071658,POINT (13.5071658 52.4042597),re_ortsteil.0804,Neukölln,11008008,Rudow,0804
703135335,node,node/703135335,Kleintierpraxis Kladow,Zingerleweg,29,14089,Berlin,,+49 30 3653374,,info@kleintierpraxis-kladow.de,,http://www.kleintierpraxis-kladow.de,,,,,,52.4608878,13.121554,POINT (13.121554 52.4608878),re_ortsteil.0506,Spandau,11005005,Kladow,0506
978560965,node,node/978560965,Carsten Schiller,Schnellerstraße,97,12439,Berlin,,,,,,,"Mo,Tu 10:00-12:00,15:00-18:00; We 15:00-18:00; Th;Fr 10:00-12:00,15:00-18:00",,no,"Eine Stufe, schmale Tür zum Behandlungsraum",,52.4531078,13.5245669,POINT (13.5245669 52.4531078),re_ortsteil.0905,Treptow-Köpenick,11009009,Niederschöneweide,0905
1003123264,node,node/1003123264,Tierarztpraxis Dr. C. Lewandowski und Dr. S. Klug,,,,,,,,,https://www.lewandowski-klug.de/,,,,no,,,52.4232758,13.4367554,POINT (13.4367554 52.4232758),re_ortsteil.0803,Neukölln,11008008,Buckow,0803
1069431810,node,node/1069431810,Gabriele C. Müller,Brunowstraße,39,13507,Berlin,+49304343116,,,,https://www.tieraerztin-berlin.com/,,"Mo,Tu,Th,Fr 10:00-12:00,17:00-19:00, We 17:00-18:00, Sa 12:00-13:00",,limited,,,52.5870846,13.2811455,POINT (13.2811455 52.5870846),re_ortsteil.1202,Reinickendorf,11012012,Tegel,1202
1139485719,node,node/1139485719,Tierarztpraxis Feuerbachstraße,Feuerbachstraße,68,12163,Berlin,+49 30 855 40 50,,,,,,Mo-Su 09:00-12:00; Mo-Fr 16:00-20:00,Dr. med. vet. A. Sillinger;Dr. med. vet. A. Bahr,no,,,52.464411,13.3395319,POINT (13.3395319 52.464411),re_ortsteil.0601,Steglitz-Zehlendorf,11006006,Steglitz,0601
1158920335,node,node/1158920335,Tierarztpraxis Kammbach,Schweizer Tal,55,13127,Berlin,+4930 47 48 12 20,,,,https://www.tierarztpraxis-kammbach.de/,,,,yes,,,52.6074605,13.41982,POINT (13.41982 52.60746049999999),re_ortsteil.0310,Pankow,11003003,Französisch Buchholz,0310
1169112227,node,node/1169112227,Tierarztpraxis am Velodrom,Conrad-Blenkle-Straße,4,10407,Berlin,,+493042085005,,,,http://www.tierarztpraxis-am-velodrom.de/,"Mo,Th 12:00-19:00; Tu,Fr 09:00-15:00; We,Sa 09:00-12:00",,limited,,,52.5281462,13.4501959,POINT (13.4501959 52.5281462),re_ortsteil.0301,Pankow,11003003,Prenzlauer Berg,0301
1244610778,node,node/1244610778,Dipl.-vet.-med. Jörg Porada,,,,,,,,,,,,,,,,52.5121271,13.4195273,POINT (13.4195273 52.5121271),re_ortsteil.0101,Mitte,11001001,Mitte,0101
1247761224,node,node/1247761224,Tierarztpraxis,,,,,,,,,,,"Mo,Tu,Th,Fr 09:30-11:00,16:30-19:00; We 17:00-20:00; Sa 10:00-12:00",,yes,,,52.5290099,13.4684992,POINT (13.4684992 52.5290099),re_ortsteil.1111,Lichtenberg,11011011,Fennpfuhl,1111
1309566310,node,node/1309566310,Bella brazil waxing studio,,,,,,,,,,,,,,,,52.5958722,13.3349653,POINT (13.3349653 52.59587219999999),re_ortsteil.1209,Reinickendorf,11012012,Wittenau,1209
1352697273,node,node/1352697273,DVM J. Rafael,,,,,,,,,,,"Mo,We 09:00-12:00,15:00-19:00, Tu,Th 09:00-11:00,14:00-18:00, Fr 09:00-12:00, Sa 09:00-11:00",,limited,,,52.5525185,13.4154857,POINT (13.4154857 52.552518499999984),re_ortsteil.0301,Pankow,11003003,Prenzlauer Berg,0301
1387989062,node,node/1387989062,Dr. König,,,,,,,,,,,"Mo-Sa 10:00-12:00; Mo,Tu,Th,Fr 16:00-18:00",,,,,52.4789793,13.2848224,POINT (13.2848224 52.4789793),re_ortsteil.0403,Charlottenburg-Wilmersdorf,11004004,Schmargendorf,0403
1431365727,node,node/1431365727,,,,,,,,,,,,,,,,,52.478761,13.2825498,POINT (13.2825498 52.478761),re_ortsteil.0403,Charlottenburg-Wilmersdorf,11004004,Schmargendorf,0403
1444862410,node,node/1444862410,Flidais,Buschkrugallee,206,12359,Berlin,,,,,https://www.flidais-vet.de,,,,,,,52.4463278,13.4543051,POINT (13.4543051 52.4463278),re_ortsteil.0802,Neukölln,11008008,Britz,0802
1464419364,node,node/1464419364,Ullrich Mattke,Gäblerstraße,5,13086,Berlin,,,,,,,"Mo-Th 09:00-12:00,15:00-19:00; Sa 10:00-12:00; Fr 09:00-12:00,15:00-17:00",,,,,52.5536467,13.4483752,POINT (13.4483752 52.5536467),re_ortsteil.0302,Pankow,11003003,Weißensee,0302
1492682203,node,node/1492682203,,Bruno-Baum-Straße,75,12685,Berlin,,,,,,,,,,,,52.5355029,13.5426037,POINT (13.5426037 52.5355029),re_ortsteil.1001,Marzahn-Hellersdorf,11010010,Marzahn,1001
1504191018,node,node/1504191018,Tierarztpraxis O.C. Lombardi,Britzer Damm,13,12347,Berlin,+49 30 6251547,,,,https://www.lombardi-berlin.de/,,"Mo-Sa 10:00-12:00, Mo,Th 16:00-19:00, Tu,Fr 16:00-18:00",,limited,,,52.4617945,13.4350014,POINT (13.4350014 52.46179449999999),re_ortsteil.0802,Neukölln,11008008,Britz,0802
1607627062,node,node/1607627062,Naturheilpraxis Dr. Hanik,,,,,,,,,,,,,,,no,52.5303117,13.1363236,POINT (13.1363236 52.5303117),re_ortsteil.0504,Spandau,11005005,Staaken,0504
1766858344,node,node/1766858344,Tierarztpraxis Tanja Lück,Ernststraße,59,13509,Berlin,+493043726783,,,,https://www.tanja-lueck.de/,,"Mo-We 09:00-13:00,16:00-19:00; Th 15:00-20:00; Fr 09:00-13:00,16:00-19:00; PH off",,,,,52.5838893,13.3006927,POINT (13.3006927 52.5838893),re_ortsteil.1211,Reinickendorf,11012012,Borsigwalde,1211
1791397445,node,node/1791397445,Tierarzt-Praxis Ralf Boxhammer,,,,,,,,,,,"Mo,We 09:00-12:00; Tu,Th,Fr 14:00-17:00; Sa,Su 11:00-13:00",,no,,,52.4544641,13.5780156,POINT (13.5780156 52.4544641),re_ortsteil.0910,Treptow-Köpenick,11009009,Köpenick,0910
1832317052,node,node/1832317052,Tierarztpraxis Michael Voigt,Ernststraße,9,12437,Berlin,+49 30 532 9481,,,,https://tierarzt-voigt.de/,,"Mo 09:00-12:00,15:00-18:00; Tu 13:00-18:00; We 09:00-12:00; Th 09:00-12:00,15:00-18:00; Fr 13:00-18:00",,,,,52.465439,13.4889671,POINT (13.4889671 52.465439),re_ortsteil.0903,Treptow-Köpenick,11009009,Baumschulenweg,0903
1882067156,node,node/1882067156,filu,Olivaer Platz,15,10707,Berlin,,,,,,,,,limited,,,52.4998738,13.3142714,POINT (13.3142714 52.4998738),re_ortsteil.0401,Charlottenburg-Wilmersdorf,11004004,Charlottenburg,0401
1905963733,node,node/1905963733,Tierarztpraxis Bärenwiese/ Tiernotarzt Berlin,Uhlandstraße,151,10719,Berlin,,+49 30 23362627,,,,https://www.tierarzt-baerenwiese.de/,"Mo 08:00-20:00; Tu-Fr 10:00-20:00; Sa,Su 10:00-13:00",,limited,,,52.497396,13.3245464,POINT (13.3245464 52.497396),re_ortsteil.0402,Charlottenburg-Wilmersdorf,11004004,Wilmersdorf,0402
1914085674,node,node/1914085674,Tierarztpraxis am Bundesplatz,Detmolder Straße,3,10715,Berlin,,,,,,,"Mo,Tu,Th,Fr 09:00-12:00,16:00-18:00; We 09:00-11:00; Sa 10:00-12:00",,,,,52.4788705,13.3269233,POINT (13.3269233 52.4788705),re_ortsteil.0402,Charlottenburg-Wilmersdorf,11004004,Wilmersdorf,0402
1965863459,node,node/1965863459,"Dr. Demmler, Dr. Wehming",Wiener Straße,25,10999,Berlin,,,,,,,"Mo-Fr 10:00-12:00,16:00-19:00; Sa 10:00-12:00; Su 10:00-11:00",,,,,52.4969564,13.4325994,POINT (13.4325994 52.4969564),re_ortsteil.0202,Friedrichshain-Kreuzberg,11002002,Kreuzberg,0202
1978736705,node,node/1978736705,Tierarzt Scheibner,Dörpfeldstraße,46,12489,Berlin,+49 30 677 54 03,,,,https://www.tierarzt-adlershof.de/,,"Mo-Sa 09:00-11:00; Mo,We 16:00-18:30; Tu 18:30-20:30; Fr 16:00-18:00; PH off  || ""Nach Vereinbarung""",,yes,,,52.4380728,13.5481783,POINT (13.5481783 52.438072799999986),re_ortsteil.0907,Treptow-Köpenick,11009009,Adlershof,0907
2000251280,node,node/2000251280,Tierarztpraxis am Lietzenseepark,Riehlstraße,3,14057,Berlin,+49 30 3215058,,mail@tierarztpraxis-am-lietzenseepark.de,,https://tierarztpraxis-am-lietzenseepark.de/,,"Mo-Fr 09:00-12:00 16:00-19:00, Sa 11:00-13:00, Mo-Fr 12:00-16:00 ""nur mit Voranmeldung""",Tierarztpraxis am Lietzenseepark GmbH,,,,52.509309,13.2859209,POINT (13.2859209 52.509309),re_ortsteil.0401,Charlottenburg-Wilmersdorf,11004004,Charlottenburg,0401
2018939619,node,node/2018939619,Tierarztpraxis Dr. H. Brieger,,,,,,+49 30 8015852,,,,https://www.dr-brieger.de,"Mo-We, Fr 09:30-11:00,16:00-19:00; Th 16:00-19:00; Sa 09:30-11:00",,,,,52.431227,13.2561565,POINT (13.2561565 52.431227),re_ortsteil.0604,Steglitz-Zehlendorf,11006006,Zehlendorf,0604
2021286582,node,node/2021286582,Esther Bartels,,,,,,,,,,,,,yes,,,52.503473,13.3067983,POINT (13.3067983 52.503473),re_ortsteil.0401,Charlottenburg-Wilmersdorf,11004004,Charlottenburg,0401
2099577566,node,node/2099577566,Tierarztpraxis Dr. Veit-Uwe Stuhrberg,Bernulfstraße,43-45,12524,Berlin,+49 30 6723384,,,,https://www.tierarztpraxis-altglienicke.de/,,"Mo,Tu,Th,Fr 09:00-11:00,16:00-19:00; We 09:00-11:00; Sa 09:00-11:00",,no,Grössere Treppe (abwärts) zum Eingang,,52.4127843,13.541714,POINT (13.541714 52.412784299999984),re_ortsteil.0906,Treptow-Köpenick,11009009,Altglienicke,0906
2132599964,node,node/2132599964,Dr. med. vet. Ulrich Bemm,Krummenseer Straße,10,12685,Berlin,+49 30 54378250,,,,https://www.tierarzt-bemm.de/,,"Mo 13:00-18:00, Tu 10:00-15:00; We 10:00-15:00; Th 13:00-18:00; Fr 10:00-15:00",,yes,,,52.541678,13.5721215,POINT (13.5721215 52.541678),re_ortsteil.1001,Marzahn-Hellersdorf,11010010,Marzahn,1001
2136188609,node,node/2136188609,Tierarztpraxis Vesmes,Blumberger Damm,158,12685,Berlin,+49309340440,,info@tierarztpraxis-vesmes.de,,https://www.tierarztpraxis-vesmes.de,,"Mo 09:00-12:00, 16:00-20:00; Tu 09:00-12:00, 16:00-20:00; We 16:00-20:00; Th 09:00-12:00, 16:00-20:00; Fr 09:00-12:00, 16:00-20:00",Joel Vesmes,yes,,,52.54542,13.5719026,POINT (13.5719026 52.54542),re_ortsteil.1001,Marzahn-Hellersdorf,11010010,Marzahn,1001
2303053618,node,node/2303053618,,,,,,,,,,,,,,no,,,52.5477287,13.2022574,POINT (13.2022574 52.5477287),re_ortsteil.0501,Spandau,11005005,Spandau,0501
2332698000,node,node/2332698000,Flick,,,,,,,,,,,Mo-Sa 17:00-19:00,,,,,52.4178034,13.3061609,POINT (13.3061609 52.4178034),re_ortsteil.0602,Steglitz-Zehlendorf,11006006,Lichterfelde,0602
2420872095,node,node/2420872095,Dr. Wolfgang Hoffmann,,,,,,,,,,,"Mo-Fr 10:00-12:00,15:00-18:00",,no,,,52.5286363,13.3412782,POINT (13.3412782 52.52863629999999),re_ortsteil.0102,Mitte,11001001,Moabit,0102
2444304869,node,node/2444304869,Kleintierpraxis Dr. Jana Pohlenz,Sabinensteig,15,13053,Berlin,,,,,http://www.kleintierpraxis-pohlenz.de,,,,,,,52.5490713,13.4937991,POINT (13.4937991 52.5490713),re_ortsteil.1110,Lichtenberg,11011011,Alt-Hohenschönhausen,1110
2444308316,node,node/2444308316,Tierarzt Dr. Niels Lösch,Am Faulen See,54,13053,Berlin,,,,,,,,,,,,52.5535045,13.49705,POINT (13.49705 52.5535045),re_ortsteil.1110,Lichtenberg,11011011,Alt-Hohenschönhausen,1110
2509134926,node,node/2509134926,Praxis im Märchenviertel,,,,,+49 30 6574725,,tierarzt@tierpraxis-rudelt.de,,http://www.tierpraxis-rudelt.de/,,"Mo 14:00-18:00, Tu,Th 09:00-12:00, We 15:00-19:00; PH off",Anette Rudelt,no,,,52.4617784,13.5859364,POINT (13.5859364 52.4617784),re_ortsteil.0910,Treptow-Köpenick,11009009,Köpenick,0910
2525117416,node,node/2525117416,Medivet Berlin Pankow,Pasewalker Straße,25,13127,Berlin,+49 30 47469232,,,,https://www.medivetgroup.com/de-de/tierarzt/berlin-pankow,,Mo-Fr 09:00-19:00; Sa 09:00-16:00; Su 11:00-13:00,,yes,,,52.5883891,13.429743,POINT (13.429743 52.5883891),re_ortsteil.0310,Pankow,11003003,Französisch Buchholz,0310
2674384521,node,node/2674384521,Tierarztpraxis Tempelhof,,,,,,,,,,,,,,,,52.4478307,13.3865847,POINT (13.3865847 52.4478307),re_ortsteil.0704,Tempelhof-Schöneberg,11007007,Mariendorf,0704
2746780787,node,node/2746780787,Dr. med. vet. Jeanette Sagawe,Steglitzer Damm,30,12169,Berlin,+49 30 7951435,,info@tieraerzte-steglitz.de,,https://www.tieraerzte-steglitz.de,,"Mo-Fr 09:00-13:00,16:00-20:00; Sa 10:00-16:00",,,,,52.4505337,13.3410324,POINT (13.3410324 52.45053369999999),re_ortsteil.0601,Steglitz-Zehlendorf,11006006,Steglitz,0601
2952593533,node,node/2952593533,Bania,Kremnitzufer,2,,,+49308051172,,,,,,,,,,,52.396095,13.161149,POINT (13.161149 52.396095),re_ortsteil.0607,Steglitz-Zehlendorf,11006006,Wannsee,0607
3065368552,node,node/3065368552,Tierarztpraxis Dr. Koch,Lichtenrader Damm,39,12305,Berlin,+49 30 67 03 76 57,,koch@tierarztpraxis-koch.de,,http://www.tierarztpraxis-koch.de/,,"Mo,We,Fr 09:00-14:00; Tu,Th 15:00-20:00",Dr. Christian Koch,no,,,52.4107877,13.403669,POINT (13.403669 52.4107877),re_ortsteil.0706,Tempelhof-Schöneberg,11007007,Lichtenrade,0706
3080776284,node,node/3080776284,Tierärzliche Praxis am Lützowufer,Lützowufer,26,10787,Berlin,,,,,,,,,,,,52.5061832,13.3494203,POINT (13.3494203 52.5061832),re_ortsteil.0104,Mitte,11001001,Tiergarten,0104
3098125229,node,node/3098125229,Kleintierpraxis in der Torstraße,,,,,,,,,,,,,,,,52.5288283,13.4082068,POINT (13.4082068 52.52882829999998),re_ortsteil.0101,Mitte,11001001,Mitte,0101
3133634694,node,node/3133634694,Praxis Tierzuliebe,Edisonstraße,63,12459,Berlin,+49 30 535 38 00,,,,https://tierarztinberlin.de/,,"Mo,Tu,Th,Fr 10:00-18:00; Sa 10:00-14:00; Su 11:00-13:00",Miriam Bertram,yes,,,52.4614933,13.5131144,POINT (13.5131144 52.4614933),re_ortsteil.0909,Treptow-Köpenick,11009009,Oberschöneweide,0909
3178164316,node,node/3178164316,Dirk Trimpe,Bahnhofstraße,3,12159,Berlin,+49 30 8521920,,,,http://www.tierarztpraxis-trimpe.de/,,"Mo-Sa 10:00-12:30, Mo,Tu,Th,Fr 17:00-19:00",,no,,,52.4699319,13.3395083,POINT (13.3395083 52.469931899999985),re_ortsteil.0701,Tempelhof-Schöneberg,11007007,Schöneberg,0701
3284006061,node,node/3284006061,Tierarztpraxis Andrea Reich,Holländerstraße,95,13407,Berlin,+49304557051,,,,https://www.tierarztpraxis-reinickendorf.de/,,"Mo 10:00-18:00; Th,Fr 10:00-16:00; Tu 10:00-14:00; We 14:00-18:00",Andrea Reich,no,,,52.561957,13.353401,POINT (13.353401 52.561957),re_ortsteil.0105,Mitte,11001001,Wedding,0105
3393786475,node,node/3393786475,Tierarztpraxis,,,,,+49 30 40534618,,,,,,"Mo,We,Th 09:30-13:00; Tu,Fr 15:00-19:00; Sa 09:00-11:00",,,,,52.5769899,13.2792318,POINT (13.2792318 52.5769899),re_ortsteil.1202,Reinickendorf,11012012,Tegel,1202
3444597275,node,node/3444597275,Tierarztpraxis am Südkreuz,Gustav-Müller-Straße,19,10829,Berlin,,,,,https://www.tierarztpraxis-am-suedkreuz.de/,,"Mo-Fr 10:00-12:00, Mo,We 16:00-19:00, Tu,Th,Fr 16:00-18:00",,no,,,52.4807694,13.3623013,POINT (13.3623013 52.4807694),re_ortsteil.0701,Tempelhof-Schöneberg,11007007,Schöneberg,0701
3649210316,node,node/3649210316,Tierarztpraxis an den Allee-Arcaden,Greifenhagener Straße,45,10437,Berlin,,+49 30 30361381,,,https://www.tierarztpraxis-allee-arcaden.de/,,"Mo,Tu,Th 09:00-12:00,16:00-18:00; Fr 09:00-12:00",Anne Gamalski,limited,Mobile Rampe vorhanden; bei Bedarf klingeln,,52.5496022,13.4168501,POINT (13.4168501 52.5496022),re_ortsteil.0301,Pankow,11003003,Prenzlauer Berg,0301
3694035418,node,node/3694035418,Tierarztpraxis Dr. med. vet. Gerald Schmid,Eisenacher Straße,40,10781,Berlin,+49 30 211 17 79,,,,http://doctor-dolittle.de,,"Mo-We,Fr 10:00-14:00; Th 15:00-18:00",Dr. med. vet. Gerald Schmid,yes,,,52.4897742,13.3488645,POINT (13.3488645 52.4897742),re_ortsteil.0701,Tempelhof-Schöneberg,11007007,Schöneberg,0701
3754655246,node,node/3754655246,Tierarzt Dr. Ferencz,Elberfelder Straße,3,10555,Berlin,,,,,http://www.tierarztpraxis-moabit.de,,"""'Weiter Terminsprechstunde. Bitte rufen Sie an 030-3988 9278'""",,no,,,52.5241824,13.3359576,POINT (13.3359576 52.5241824),re_ortsteil.0102,Mitte,11001001,Moabit,0102
3786067403,node,node/3786067403,Tierarztpraxis Tierlieb,Preußenallee,40,14052,Berlin,,,,,,,"Mo-Fr 09:00-13:00, Mo,Tu,Th 14:00-18:00; Sa 09:30-11:00",Frau Annette Oehler,,,,52.5154998,13.2608183,POINT (13.2608183 52.5154998),re_ortsteil.0405,Charlottenburg-Wilmersdorf,11004004,Westend,0405
3826013974,node,node/3826013974,Tierarztpraxis am Nollendorfplatz,Nollendorfstraße,20,10777,Berlin,,+49 30 2167711,,,,http://hund-katze-vogel.de/,"Mo-Tu 10:00-12:00,17:00-19:00; We 17:00-19:00; Th 10:00-12:00,16:00-18:00; Fr 10:00-14:00; Sa ""by appointment""",Dr. Petra Birkefeld & Dr. Elisabeth Nolte,no,,,52.4976524,13.3504475,POINT (13.3504475 52.4976524),re_ortsteil.0701,Tempelhof-Schöneberg,11007007,Schöneberg,0701
3905732054,node,node/3905732054,Tierarztpraxis Tobias Krause,,,,,,+49 30 91443116,,tierarzt@ta-krause.de,,http://www.ta-krause.de,"Mo-Fr 09:30-12:00,16:30-19:00; Sa 10:00-12:00",,,,,52.4459974,13.3307775,POINT (13.3307775 52.44599739999999),re_ortsteil.0601,Steglitz-Zehlendorf,11006006,Steglitz,0601
3906998156,node,node/3906998156,Tierheilpraxis Kreuzberg,Warschauer Straße,29,10243,Berlin,,,,,,,"Mo,We,Fr 11:00-17:00; Tu,Th 14:00-20:00",,no,,,52.5097882,13.4509749,POINT (13.4509749 52.5097882),re_ortsteil.0201,Friedrichshain-Kreuzberg,11002002,Friedrichshain,0201
3911381119,node,node/3911381119,Katharina Andreas,Hampsteadstraße,7,14167,Berlin,,,,,,,,,,,,52.433136,13.2749799,POINT (13.2749799 52.433136),re_ortsteil.0604,Steglitz-Zehlendorf,11006006,Zehlendorf,0604
4014948628,node,node/4014948628,Tierarztpraxis am Wildrosengehölz,Hönower Straße,263,,Berlin,+49 30 99285501,,info@tierarztpraxis-mahlsdorf.de,,https://www.tierarztpraxis-mahlsdorf.de/,,"Mo-Sa 08-20, So (Notfall) 10-16",,yes,,,52.5278578,13.6243765,POINT (13.6243765 52.5278578),re_ortsteil.1004,Marzahn-Hellersdorf,11010010,Mahlsdorf,1004
4080579671,node,node/4080579671,Dr. med. vet. Susann Zimmer,Weerthstraße,10,12489,Berlin,+49 30 67 132 67,,,,,,"Mo 10:00-12:00,16:00-18:00, Tu 10:00-12:00,16:00-19:00, We 10:00-12:00, Th 16:00-19:00, Fr 10:00-12:00,16:00-18:00; PH off",,,,,52.4346817,13.544154,POINT (13.544154 52.4346817),re_ortsteil.0907,Treptow-Köpenick,11009009,Adlershof,0907
4137973040,node,node/4137973040,Tierpraxis Dr. Gerriets,Morgensternstraße,16,12207,Berlin,+49 30 7724027,,,,https://www.tierpraxis-drgerriets.de/,,"Mo 10:00-13:00,17:00-19:00; Tu 10:00-12:00; We 17:00-19:00; Th 10:00-12:00; Fr 10:00-12:00",,,,,52.4259329,13.3186185,POINT (13.3186185 52.425932899999985),re_ortsteil.0602,Steglitz-Zehlendorf,11006006,Lichterfelde,0602
4174131466,node,node/4174131466,Tierarztpraxis Dr. med. vet. Joachim Kirchner,Florastraße,43,13187,Berlin,+49 30 49 50 09 49,,info@tierarzt-in-pankow.de,,http://www.tierarzt-in-pankow.de/,,"Mo-Fr 14:00-18:00; Tu,Th 09:00-12:00,14:00-18:00",Dr. med. vet. Joachim Kirchner,no,,,52.5661672,13.4090789,POINT (13.4090789 52.5661672),re_ortsteil.0307,Pankow,11003003,Pankow,0307
4366353588,node,node/4366353588,Tierarztpraxis Am Westend,,,,,+4930 3228 247,,info@tierarztamwestend.de,,https://www.tierarztamwestend.de/,,"Mo,Tu,Th,Fr 10:00-13:00,17:00-19:00; We,Sa 10:00-13:00",,,,,52.5179456,13.2866144,POINT (13.2866144 52.5179456),re_ortsteil.0401,Charlottenburg-Wilmersdorf,11004004,Charlottenburg,0401
4412304406,node,node/4412304406,Tierarztpraxis Alexandra Sypitzki,Sesenheimer Straße,15,10627,Berlin,+49 30 78957110,,,,https://www.tierarztpraxis-sypitzki.de/,,Mo-Fr 08:30+,,no,,,52.5105206,13.3075345,POINT (13.3075345 52.5105206),re_ortsteil.0401,Charlottenburg-Wilmersdorf,11004004,Charlottenburg,0401
4686885506,node,node/4686885506,Tierarztpraxis Dr. Dorothea Werning,Lindenthaler Allee,6,14163,Berlin,+49 30 8025009,,,,https://www.tierarztpraxis-mexikoplatz.de/de/index.html,,"Mo, Tu, Th 10:00-13:00, 17:00-19:00; We 10:00-13:00, 17:00-20:00; Fr 10:00-17:00",Dr. Dorothea Werning,,,,52.4358777,13.2310121,POINT (13.2310121 52.4358777),re_ortsteil.0604,Steglitz-Zehlendorf,11006006,Zehlendorf,0604
4709401189,node,node/4709401189,Tiergesundheitszentrum,,,,,,,,,,,"Mo-Sa 10:00-12:00, Mo-Fr 15:00-19:00, Sa 10:00-12:00; PH off",,yes,,,52.4981659,13.5208894,POINT (13.5208894 52.4981659),re_ortsteil.1101,Lichtenberg,11011011,Friedrichsfelde,1101
4715820728,node,node/4715820728,Kleintierpraxis Jan Schneider,Großbeerenstraße,169-171,12277,Berlin,+49 30 29032092,,,,https://www.kleintierpraxis-schneider.com/,,"Mo,We,Fr 10:00-13:00,15:00-19:00; Tu,Th 17:00-21:00; Sa-Su 11:00-14:00",,no,,,52.428896,13.3758384,POINT (13.3758384 52.428896),re_ortsteil.0704,Tempelhof-Schöneberg,11007007,Mariendorf,0704
4789962778,node,node/4789962778,Tierarztpraxis Oldenburger Straße,Oldenburger Straße,44,10551,Berlin,+49303951555,,,,https://www.tierarztpraxis-oldenburger-strasse.de,,"Mo 10:00-12:00,15:00-18:00; Tu 10:00-14:00,18:00-20:00; We 10:00-12:00,15:00-18:00; Th 10:00-14:00,18:00-20:00; Fr 10:00-12:00,15:00-18:00; Sa 09:00-11:00",,no,,,52.5289464,13.3357023,POINT (13.3357023 52.5289464),re_ortsteil.0102,Mitte,11001001,Moabit,0102
4809992565,node,node/4809992565,Tierarztpraxis am Burgerpark,Wilhelm-Kuhr-Straße,1,13187,Berlin,+49 30 48479400,,,,https://www.tierarzt-pankow.de/,,"Mo,We 14:00-19:00; Tu,Th 09:00-14:00; Fr 10:00-15:00",,no,,,52.5694182,13.4001258,POINT (13.4001258 52.56941819999999),re_ortsteil.0307,Pankow,11003003,Pankow,0307
5029362624,node,node/5029362624,,Wattstraße,10,13629,,,,,,,,,,,,,52.5373732,13.2664047,POINT (13.2664047 52.5373732),re_ortsteil.0503,Spandau,11005005,Siemensstadt,0503
5090019016,node,node/5090019016,Tierarztpraxis,Max-Steinke-Straße,2,13086,Berlin,+49 30 9252160,,,,,,"Mo-Fr 09:00-11:00, Mo,Tu,Th,Fr 16:00-18:00, Sa 10:00-12:00",Dr.med.vet. Cordula Nitschke,yes,,,52.5488636,13.4513273,POINT (13.4513273 52.5488636),re_ortsteil.0302,Pankow,11003003,Weißensee,0302
5166206721,node,node/5166206721,Kleintierpraxis Ralf Boxhammer,Zingster Straße,5,13051,,+49 30 9206644,,,,http://www.ta-boxhammer.de,,,,no,,,52.5640461,13.5033148,POINT (13.5033148 52.5640461),re_ortsteil.1109,Lichtenberg,11011011,Neu-Hohenschönhausen,1109
5190500390,node,node/5190500390,Tierarztpraxis Ralf Neuer,Fischerinsel,2,10179,Berlin,,,,,,,,,,,,52.5140108,13.408851,POINT (13.408851 52.5140108),re_ortsteil.0101,Mitte,11001001,Mitte,0101
5297162644,node,node/5297162644,Vets for cats,Bayerischer Platz,2,10779,Berlin,,+49 30 34398877,,info@vetsforcats.de,,https://www.vetsforcats.de/,"Mo-Fr 09:00-20:00; We 09:00-14:00; Sa,Su 10:00-12:00; PH off",,limited,,,52.4897098,13.3392413,POINT (13.3392413 52.4897098),re_ortsteil.0701,Tempelhof-Schöneberg,11007007,Schöneberg,0701
5326151790,node,node/5326151790,Tierarztpraxis Lenk,Schönfließer Straße,1,,,+49304469769,,info@tierarztpraxis-lenk.de,,https://tierarztpraxis-lenk.de/,,"Mo-Fr 08:00-19:00, Sa 09:00-18:00, Su 10:00-18:00",,no,,,52.5502349,13.408248,POINT (13.408248 52.5502349),re_ortsteil.0301,Pankow,11003003,Prenzlauer Berg,0301
5357470034,node,node/5357470034,Tierarztpraxis am Mauerpark,,,,,,,,,,,Mo-Fr 09:00-19:00,,limited,,,52.5470756,13.4082736,POINT (13.4082736 52.5470756),re_ortsteil.0301,Pankow,11003003,Prenzlauer Berg,0301
5424941690,node,node/5424941690,Chung & Wahle,Hauptstraße,89,12159,Berlin,+49 30 8593215,,info@tierarztpraxis-chung-wahle.com,,https://tierarztpraxis-chung-wahle.com/,,"Mo,Fr 09:00-18:00; Tu,Th 09:00-20:00; We,Sa 09:00-14:00",Tierarztpraxis Chung und Wahle GbR,limited,,,52.4751968,13.3401022,POINT (13.3401022 52.4751968),re_ortsteil.0701,Tempelhof-Schöneberg,11007007,Schöneberg,0701
5514404517,node,node/5514404517,Tierarztpraxis Dr. Klaus Lendner,,,,,,,,,,,"Mo,Tu,Th,Fr 09:00-12:00,16:00-19:00; We,Sa 09:00-12:00",,yes,,,52.4990938,13.344571,POINT (13.344571 52.4990938),re_ortsteil.0701,Tempelhof-Schöneberg,11007007,Schöneberg,0701
5554342322,node,node/5554342322,Martyna Pohnke Tierarzt,Ostpreußendamm,65,,,+49 30 75765970,,,,,,"Mo-Fr 09:00-12:00, Mo 16:00-19:00, Th 16:00-20:00",,,,,52.4212925,13.3101216,POINT (13.3101216 52.421292499999986),re_ortsteil.0602,Steglitz-Zehlendorf,11006006,Lichterfelde,0602
5733901242,node,node/5733901242,Dr. Miriam Oczipka,Mindener Straße,22,10589,Berlin,+49303441864,,,,,,"Mo-Fr 09:00-12:00,16:00-19:00; Sa 11:00-13:00",,no,,,52.5247542,13.3008749,POINT (13.3008749 52.5247542),re_ortsteil.0401,Charlottenburg-Wilmersdorf,11004004,Charlottenburg,0401
5762374254,node,node/5762374254,Dr. med. vet. Sven Albrecht,Baumschulenstraße,34,12437,Berlin,,,,,,,"Mo,We,Fr 09:00-12:00,15:00-19:00; Tu,Th 09:00-12:00,13:00-15:00",,no,,,52.4637752,13.4852571,POINT (13.4852571 52.4637752),re_ortsteil.0903,Treptow-Köpenick,11009009,Baumschulenweg,0903
6270311794,node,node/6270311794,Dr. Wegeler,,,,,+49 307956044,,,,,,"""nach Vereinbarung""",,,,,52.3889212,13.3905608,POINT (13.3905608 52.3889212),re_ortsteil.0706,Tempelhof-Schöneberg,11007007,Lichtenrade,0706
6344954141,node,node/6344954141,Tierarztpraxis Hohenzollerndamm 3,Hohenzollerndamm,3,10717,Berlin,,+49 30 88679111,,tierarztpraxis@hohenzollerndamm-3.de,,https://tierarztpraxis-hohenzollerndamm-3.de/,"Mo-Tu,Th-Fr 10:00-12:30,17:00-19:00; We 18:00-20:00; Sa 11:00-13:00",Dr. A. Randelhoff,no,,,52.4954404,13.3293192,POINT (13.3293192 52.4954404),re_ortsteil.0402,Charlottenburg-Wilmersdorf,11004004,Wilmersdorf,0402
6449519970,node,node/6449519970,Tierarztpraxis Anke Meeuw,,,,,+49 30 96 59 96 52,,praxis@tierarzt-karlshorst.info,,http://www.tierarzt-karlshorst.info/willkommen.html,,"Mo,We 09:00-19:00; Tu 07:30-14:00; Th 10:00-21:00; Fr 09:00-12:00; Sa 10:00-15:00",,yes,,,52.4800707,13.5205309,POINT (13.5205309 52.4800707),re_ortsteil.1102,Lichtenberg,11011011,Karlshorst,1102
6470421529,node,node/6470421529,Tierarztpraxis Sonnenallee,Sonnenallee,204,12059,Berlin,,+49 30 6814455,,post@tierarztpraxis-sonnenallee.de,,https://tierarztpraxis-sonnenallee.de/,"Mo-Fr 09:00-12:00,16:00-20:00; Sa 11:00-13:00 || ""und nach Vereinbarung""",Dr. Jana Kudritzki & Daniel Kitzing,no,,,52.4748376,13.4534973,POINT (13.4534973 52.4748376),re_ortsteil.0801,Neukölln,11008008,Neukölln,0801
6509362833,node,node/6509362833,Tierarztpraxis Laskawy,Bänschstraße,58,,Berlin,+49 30 4267684,,,,http://www.laskawy-berlin.de,,"Mo,We 14:00-19:00; Tu,Th 08:00-13:00; Fr 08:00-13:00,14:00-19:00",,yes,,,52.5177488,13.4661107,POINT (13.4661107 52.5177488),re_ortsteil.0201,Friedrichshain-Kreuzberg,11002002,Friedrichshain,0201
6603772445,node,node/6603772445,neko Tiergesundheit,Provinzstraße,47,,,+49 30 54814390,,,,https://www.neko-tiergesundheit.de,,"Mo 15:00-18:00, Tu 10:00-13:00, We 10:00-15:00, Fr 10:00-15:00, Tu 15:00-19:00, Th 15:00-19:00",Jennifer Geiseler,no,,,52.5687932,13.3794234,POINT (13.3794234 52.5687932),re_ortsteil.1201,Reinickendorf,11012012,Reinickendorf,1201
6705031970,node,node/6705031970,Kleintierpraxis Dirk Oschika,Krossener Straße,35A,10245,Berlin,,+49 30 2946333,,,,http://www.doschika.de/,"Mo,Tu,Th 09:00-11:00,15:00-19:00",,no,,,52.5094514,13.4645357,POINT (13.4645357 52.5094514),re_ortsteil.0201,Friedrichshain-Kreuzberg,11002002,Friedrichshain,0201
6982811309,node,node/6982811309,Vogelpraxis,Mierendorffstraße,23,10589,Berlin,,+49 30 34902843,,info@vogelpraxis.de,,https://vogelpraxis.de/,,,limited,,,52.5241017,13.3024823,POINT (13.3024823 52.5241017),re_ortsteil.0401,Charlottenburg-Wilmersdorf,11004004,Charlottenburg,0401
7211094992,node,node/7211094992,Rex Tierarztpraxis,Greifswalder Straße,204,10405,Berlin,,,,,,,Mo-Fr 08:00-20:00; Sa 09:00-16:00,,no,,,52.5333026,13.4292251,POINT (13.4292251 52.5333026),re_ortsteil.0301,Pankow,11003003,Prenzlauer Berg,0301
7227468226,node,node/7227468226,Fahrpraxis Feske,Allmendeweg,116,13509,Berlin,,+49 30 40571512,,,,https://www.tierarzt-feske.de/,"Mo-Fr 08:00-20:00 open ""telefonisch erreichbar""",Dr. med. vet. Dana Feske,,,,52.6047279,13.298452,POINT (13.298452 52.604727899999986),re_ortsteil.1202,Reinickendorf,11012012,Tegel,1202
7310483025,node,node/7310483025,Tierarztpraxis Claudia Handke,Danziger Straße,15,10435,Berlin,+49 30 4421760,,post@tierarztpraxis-prenzlauerberg.de,,https://www.tierarztpraxis-prenzlauerberg.de,,"Mo,Th,Fr 10:00-12:00, Tu,We 10:00-15:00, Mo 16:00-20:00, Th 16:00-19:00, Fr 16:00-18:00, Sa 11:00-13:00",,no,,,52.5407903,13.4154364,POINT (13.4154364 52.5407903),re_ortsteil.0301,Pankow,11003003,Prenzlauer Berg,0301
7326193661,node,node/7326193661,Dr. Angelika Block,,,,,,,,,http://ta-block.weebly.com,,"Mo-Tu 10:00-12:00,16:00-18:30; We 16:00-18:30; Th-Fr 10:00-12:00,16:00-18:30; Sa 10:00-12:00",,limited,,,52.4955514,13.2968989,POINT (13.2968989 52.4955514),re_ortsteil.0407,Charlottenburg-Wilmersdorf,11004004,Halensee,0407
7478178484,node,node/7478178484,Lorenz,,,,,,,,,https://www.tierarzt-lichterfelde.de/,,,,,,,52.4183404,13.3320075,POINT (13.3320075 52.4183404),re_ortsteil.0602,Steglitz-Zehlendorf,11006006,Lichterfelde,0602
7546074503,node,node/7546074503,Wolf & Tiger,Lauterstraße,12,12159,Berlin,+49 175 7366718,,,,https://www.wolfandtiger.de/,,,MyVet GmbH,,,,52.4726236,13.33503,POINT (13.33503 52.4726236),re_ortsteil.0702,Tempelhof-Schöneberg,11007007,Friedenau,0702
7609585407,node,node/7609585407,Tierarztpraxis Denisse Barrera,Karl-Marx-Straße,133,12043,Berlin,,+49 30 6812161,,,,,Mo-Sa 16:00-20:00,,no,,,52.4774124,13.439113,POINT (13.439113 52.4774124),re_ortsteil.0801,Neukölln,11008008,Neukölln,0801
7617449010,node,node/7617449010,Angelika Weber,Kundrystraße,2,12159,Berlin,,,,,,,"Mo-Sa 10:00-12:00, Tu 16:00-19:00, Su 13:00-14:00",,,,,52.4741292,13.3293259,POINT (13.3293259 52.474129199999986),re_ortsteil.0702,Tempelhof-Schöneberg,11007007,Friedenau,0702
7623775572,node,node/7623775572,Tierarztpraxis S. Lattermann,Transvaalstraße,14,13351,Berlin,,+49 30 45290790,,,,http://www.tierarzt-wedding.de/,"Mo,We 08:00-14:00,13:30-18:30; Tu,Th-Fr 14:00-20:00; PH closed",,yes,,,52.5519001,13.3411969,POINT (13.3411969 52.5519001),re_ortsteil.0105,Mitte,11001001,Wedding,0105
7643245687,node,node/7643245687,Tierarztpraxis Otto Suhr,,,,,,,,,,,Mo-Fr 09:00-19:00,,no,,,52.5150531,13.3130502,POINT (13.3130502 52.51505310000001),re_ortsteil.0401,Charlottenburg-Wilmersdorf,11004004,Charlottenburg,0401
7746191786,node,node/7746191786,,,,,,,,,,,,,,,,,52.5877876,13.3651552,POINT (13.3651552 52.5877876),re_ortsteil.0313,Pankow,11003003,Wilhelmsruh,0313
7747019462,node,node/7747019462,Tierarztpraxis B. Migdal,Grazer Platz,12,12157,Berlin,,,,,,,"Mo,We 10:00-16:00; Tu,Th 16:00-20:00; Fr 12:00-18:00",,,,,52.4667894,13.3465937,POINT (13.3465937 52.4667894),re_ortsteil.0701,Tempelhof-Schöneberg,11007007,Schöneberg,0701
7776123991,node,node/7776123991,Silke Sanft,Florastraße,6,12163,Berlin,,,,,http://www.tierarztpraxis-sanft.de,,"Mo,Tu,Th,Fr 09:00-19:00; We,Sa 09:00-12:00",,,,,52.4613066,13.3269746,POINT (13.3269746 52.4613066),re_ortsteil.0601,Steglitz-Zehlendorf,11006006,Steglitz,0601
7777530635,node,node/7777530635,Tierarztpraxis Rex,Südwestkorso,11a,12161,Berlin,,,,,https://www.rex.app/,https://www.tierarztpraxis-schluesing.de/,"""Sprechzeiten nach Vereinbarung""",,no,,,52.474559,13.3227841,POINT (13.3227841 52.474559),re_ortsteil.0702,Tempelhof-Schöneberg,11007007,Friedenau,0702
7813575354,node,node/7813575354,Tierarztpraxis am Schlachtensee,Breisgauer Straße,3,14129,Berlin,,+49 30 80905830,info@tierarztpraxis-am-schlachtensee.de,,,https://www.tierarztpraxis-am-schlachtensee.de,"Mo-Th 09:00-13:00; We,Fr 14:00-18:00; Sa 10:00-14:00",Dr. Katharina Gröndahl,,,,52.4391475,13.215708,POINT (13.215708 52.43914749999998),re_ortsteil.0604,Steglitz-Zehlendorf,11006006,Zehlendorf,0604
7937984201,node,node/7937984201,Tierarztpraxis am Hermannplatz,Lucy-Lameck-Straße,1,12049,Berlin,,,,,,https://www.tierarztpraxis-am-hermannplatz.de,,,,,,52.4863263,13.4233555,POINT (13.4233555 52.4863263),re_ortsteil.0801,Neukölln,11008008,Neukölln,0801
7978440760,node,node/7978440760,Dr. L. Chelminski,,,,,+49 30 4954038,,,,,,"Mo-Tu,Th-Fr,Su 08:30-11:00,15:30-17:30",,no,,,52.5691003,13.3612016,POINT (13.3612016 52.5691003),re_ortsteil.1201,Reinickendorf,11012012,Reinickendorf,1201
8000786185,node,node/8000786185,Tierarztpraxis PD Dr. med. vet. Thomas Göbel,Blissestraße,68,10713,Berlin,,,,,https://www.tierarzt-goebel.de/,,,,,,,52.4789701,13.3200646,POINT (13.3200646 52.4789701),re_ortsteil.0402,Charlottenburg-Wilmersdorf,11004004,Wilmersdorf,0402
8068408243,node,node/8068408243,Berliner Tierarztpraxis,Mansfelder Straße,19,10713,Berlin,,,,,https://www.berliner-tierarztpraxis.de/,,,Dr. med. vet. S. Heinemann;Beatrix Strathmann,,,,52.4888413,13.3110131,POINT (13.3110131 52.4888413),re_ortsteil.0402,Charlottenburg-Wilmersdorf,11004004,Wilmersdorf,0402
8068513185,node,node/8068513185,Naturheilkunde für Tiere,Bornimer Straße,6,10711,Berlin,,,,,,,,Petra Clausius,,,,52.4961991,13.2853794,POINT (13.2853794 52.496199099999984),re_ortsteil.0407,Charlottenburg-Wilmersdorf,11004004,Halensee,0407
8330198884,node,node/8330198884,Tierärztliche Gemeinschaftspraxis Blessing & Richter,Quickborner Straße,76,13439,Berlin,,+49 30 40710151,,info@ta-blessing-richter.de,,https://ta-blessing-richter.de/,Mo-Fr 09:00-19:00; Sa 09:00-11:00; Su off,,,,,52.6045044,13.3664162,POINT (13.3664162 52.6045044),re_ortsteil.1210,Reinickendorf,11012012,Märkisches Viertel,1210
8330236501,node,node/8330236501,Katharina Dralle,Rotdornstraße,7,12161,Berlin,,+49 30 8527705,,,,https://www.dr-dralle-berlin.de/,,,,,,52.4709098,13.3254977,POINT (13.3254977 52.4709098),re_ortsteil.0702,Tempelhof-Schöneberg,11007007,Friedenau,0702
8357625079,node,node/8357625079,Tierarztpraxis Matthias Müller,Berliner Straße,11,13467,Berlin,+49 30 4034440,,,,https://tierarzt-matthiasmueller.de/,,"Mo-Fr 11:00-13:00, 18:00-20:00; Sa-Su11:00-13:00; PH 11:00-13:00",,yes,,,52.6139984,13.316783,POINT (13.316783 52.6139984),re_ortsteil.1206,Reinickendorf,11012012,Hermsdorf,1206
8579480418,node,node/8579480418,Tierarztpraxis Galina Schirow GmbH,Bartningallee,5,10557,Berlin,+49 30 39886966,,,,https://www.vetpraxis-schirow.de/,,"Mo-Fr 10:00-13:00,16:00-19:00",,limited,,,52.5189471,13.3427257,POINT (13.3427257 52.5189471),re_ortsteil.0103,Mitte,11001001,Hansaviertel,0103
8691573555,node,node/8691573555,Dr. Kurt Helmich;Dr. Dieter Oelke,Kufsteiner Straße,22,10825,Berlin,,,,,https://tiermedizinzentrum.de/,,,,,,,52.4854474,13.3367552,POINT (13.3367552 52.4854474),re_ortsteil.0402,Charlottenburg-Wilmersdorf,11004004,Wilmersdorf,0402
8844721918,node,node/8844721918,Am Schlosspark,,,,,,+49 30 475 316 93,,,,https://tierarzt-schlosspark.de/,"Mo-Fr 10:00-12:00,16:00-19:00; Sa 10:00-12:00",,,,,52.5826045,13.40387,POINT (13.40387 52.5826045),re_ortsteil.0311,Pankow,11003003,Niederschönhausen,0311
8850856432,node,node/8850856432,Tierärztliche Gemeinschaftspraxis für Kleintiere,Birnhornweg,3,12107,Berlin,,,,,,,,Thomas Hübner;Birte Nannen,,,,52.4240806,13.3948851,POINT (13.3948851 52.4240806),re_ortsteil.0704,Tempelhof-Schöneberg,11007007,Mariendorf,0704
9038458603,node,node/9038458603,Tierärzte-Kreuzberg,Liegnitzer Straße,19,10999,Berlin,,+49 30 6126474,,tierarztpraxis.liegnitzerstr@t-online.de,,http://www.tieraerzte-kreuzberg.de,"Mo-Fr 10:00-24:00,16:00-20:00; PH,Sa,Su 10:00-24:00",,,,,52.4929733,13.4338357,POINT (13.4338357 52.4929733),re_ortsteil.0202,Friedrichshain-Kreuzberg,11002002,Kreuzberg,0202
9166121510,node,node/9166121510,Tierarztpraxis Dr. Dirk Mauch,Elsa-Brändström-Straße,13,13189,Berlin,+49 30 4710133,,,,http://www.elsavet.de/,,,Dr. Dirk Mauch,yes,,,52.5600099,13.4154386,POINT (13.4154386 52.56000989999998),re_ortsteil.0307,Pankow,11003003,Pankow,0307
9221860122,node,node/9221860122,Tierarztpraxis am Amalienpark,,,,,,,,,https://www.tierarztpraxis-amalienpark.de/,,"Mo,Tu,Th 09:00-12:00,15:00-18:00; We 09:00-12:00; Fr 09:00-15:00",,no,,,52.5721186,13.4135786,POINT (13.4135786 52.57211860000001),re_ortsteil.0307,Pankow,11003003,Pankow,0307
9238314072,node,node/9238314072,Tierarztpraxis Sarah Watson,Altenbraker Straße,29,12051,Berlin,,+49 30 6257209,,info@tierarzt-watson.de,,https://www.tierarzt-watson.de/,"We,Fr 09:00-15:00; Sa 10:00-12:00; Mo 09:00-17:00; Tu,Th 11:00-19:00",,no,,,52.468653,13.4330363,POINT (13.4330363 52.468653),re_ortsteil.0801,Neukölln,11008008,Neukölln,0801
9396508717,node,node/9396508717,4 Pfoten,Fanningerstraße,27,10365,Berlin,+49 30 553 15 72,,,,https://www.praxis4pfoten.de/,,"Mo 09:00-12:00,16:00-18:00; Tu 17:00-20:00; We 09:00-12:00; Th 09:00-12:00,16:00-18:00; Fr 09:00-12:00,14:00-16:00",,,,,52.5143907,13.4951561,POINT (13.4951561 52.5143907),re_ortsteil.1103,Lichtenberg,11011011,Lichtenberg,1103
9400600599,node,node/9400600599,Tierarztpraxis Friedrichshain,Auerstraße,44,10249,Berlin,+49 30 78 08 34 85,,,,https://www.tierarztpraxis-friedrichshain.de,,Mo 09:00-15:00; Tu-We 12:00-15:00; Th 10:30-15:00; Fr 09:00-15:00,,,,,52.5208823,13.4462478,POINT (13.4462478 52.5208823),re_ortsteil.0201,Friedrichshain-Kreuzberg,11002002,Friedrichshain,0201
9432134789,node,node/9432134789,Praxis für Kleintiermedizin Janine Lenk,Eschengraben,47,13189,Berlin,,+49 30 91203200,,,,https://www.kleintiermedizin-lenk.de,"Mo,Tu,Th 13:00-19:00; We 17:00-21:00; Fr 10:00-14:00",,,,,52.556357,13.4245524,POINT (13.4245524 52.556357),re_ortsteil.0307,Pankow,11003003,Pankow,0307
9456247850,node,node/9456247850,Peter Vogel,Finowstraße,14,,,+49 30 29776835,,,,https://www.drpetervogel.de/,,"Tu, We 10:00-15:00; Th 10:00-12:00; Mo, Fr 10:00-12:00, 16:00-19:00",,,,,52.5111185,13.4668484,POINT (13.4668484 52.5111185),re_ortsteil.0201,Friedrichshain-Kreuzberg,11002002,Friedrichshain,0201
9461140241,node,node/9461140241,Dr. Karin Block,Zimmermannstraße,16,12163,Berlin,,,,,,,,,,,,52.4607219,13.3195225,POINT (13.3195225 52.46072189999999),re_ortsteil.0601,Steglitz-Zehlendorf,11006006,Steglitz,0601
9516282788,node,node/9516282788,Tierarztpraxis im Komponistenviertel,Bizetstraße,48,13088,Berlin,+49309273441,,,,https://www.tierarztpraxis-peters-weissensee.de/,,Mo-Sa 10:00-12:00; Mo-Tu 16:00-19:00; Th-Fr 16:00-19:00,Dr. med. vet Anja Peters,,,,52.5476848,13.4541052,POINT (13.4541052 52.547684799999985),re_ortsteil.0302,Pankow,11003003,Weißensee,0302
9653871480,node,node/9653871480,Tierarztpraxis Lankwitz,Bruchwitzstraße,30,12247,Berlin,+49 30 77208260,,info@tierarztpraxis-lankwitz.de,,https://www.tierarztpraxis-lankwitz.de/,,"Mo-Tu,Th-Fr 10:00-13:00,15:00-18:00; We,Sa 09:00-12:00",,limited,,,52.4370703,13.349587,POINT (13.349587 52.4370703),re_ortsteil.0603,Steglitz-Zehlendorf,11006006,Lankwitz,0603
9786575482,node,node/9786575482,Tierärztliche Praxis Beck,Weichselstraße,25,12045,Berlin,,+49 30 6239664,,,,,"Mo-Fr 09:00-11:00,15:00-19:00",,no,,,52.4870325,13.4368022,POINT (13.4368022 52.4870325),re_ortsteil.0801,Neukölln,11008008,Neukölln,0801
9880855648,node,node/9880855648,Tierarztpraxis Marion Bickert,Marchandstraße,38,12249,Berlin,,+49 30 7755462,,office@tierarztpraxis-bickert.de,,https://www.tierarztpraxis-bickert.de,"Mo-Fr 09:00-11:00,16:00-18:00; Sa 09:30-10:30",,,,,52.4227865,13.3566908,POINT (13.3566908 52.4227865),re_ortsteil.0603,Steglitz-Zehlendorf,11006006,Lankwitz,0603
10003860025,node,node/10003860025,Teresa Lankes,,,,,,,,,,,"Mo,We,Fr 09:00-11:00, Mo-Fr 16:00-18:00",,,,,52.5133005,13.2937818,POINT (13.2937818 52.5133005),re_ortsteil.0401,Charlottenburg-Wilmersdorf,11004004,Charlottenburg,0401
10169596123,node,node/10169596123,Patrick O. Bolz,,,,,,,,,,,"Mo-Fr 10:00-12:00,16:00-19:00; PH,Sa,Su 10:00-12:00",,,,,52.4564344,13.4367908,POINT (13.4367908 52.4564344),re_ortsteil.0802,Neukölln,11008008,Britz,0802
10169838053,node,node/10169838053,Tierarztpraxis Kaulsdorf-Süd,,,,,+49 30 5666176,,juraske@tierarztpraxis-kaulsdorf-sued.de,,https://tierarztpraxis-kaulsdorf-sued.de/,,"Tu,Th,Sa 10:00-12:00, Mo,Tu,Th 15:00-20:00, We,Fr 15:00-19:00; PH off",Friederike Juraske,,,,52.486422,13.5746936,POINT (13.5746936 52.486422),re_ortsteil.1003,Marzahn-Hellersdorf,11010010,Kaulsdorf,1003
10180980038,node,node/10180980038,Tierarztpraxis Gasteiner Straße,Gasteiner Straße,33,10717,Berlin,,,,,https://tierarztpraxis-gasteiner-strasse.de/,,,Dr. Heike Hübner;Dr. Carolin Hallmann,,,,52.4872926,13.3259046,POINT (13.3259046 52.4872926),re_ortsteil.0402,Charlottenburg-Wilmersdorf,11004004,Wilmersdorf,0402
10781978832,node,node/10781978832,,,,,,,,,,,,,,,,,52.4873166,13.6046801,POINT (13.6046801 52.4873166),re_ortsteil.1004,Marzahn-Hellersdorf,11010010,Mahlsdorf,1004
10816474165,node,node/10816474165,Valera,,,,,,,,,https://valera.vet/,,24/7,,,,,52.4338095,13.2466898,POINT (13.2466898 52.4338095),re_ortsteil.0604,Steglitz-Zehlendorf,11006006,Zehlendorf,0604
10944187119,node,node/10944187119,Tierarztpraxis am Tierheim Berlin,Hausvaterweg,39,,,+493093662200,,info@tierarztpraxis-am-tierheim.de,,https://tierarztpraxis-am-tierheim.de/,,"Mo-Fr 10:00-20:00; Sa,Su 10:00-17:00; PH 11:00-14:00",,,,,52.5743133,13.5465736,POINT (13.5465736 52.574313299999986),re_ortsteil.1104,Lichtenberg,11011011,Falkenberg,1104
10946259246,node,node/10946259246,Praxis für Tierzahnheilkunde,Soorstraße,76,14050,Berlin,,,,,https://rux.vet/,,"""nach Vereinbarung""",Dr. med. vet. Helmut Rux,,,,52.5134999,13.2774866,POINT (13.2774866 52.5134999),re_ortsteil.0405,Charlottenburg-Wilmersdorf,11004004,Westend,0405
10956712577,node,node/10956712577,Tierarztpraxis Birkenstein  Dr. med. vet H. Fuhrmann und Team,,,,,,,,,,,"Mo-Fr 09:30-11:00, Mo,Tu,Th,Fr 16:30-19:00, Sa 14:00-16:00",,,,,52.5211838,13.6465809,POINT (13.6465809 52.5211838),re_ortsteil.1004,Marzahn-Hellersdorf,11010010,Mahlsdorf,1004
11008683231,node,node/11008683231,Tierarztpraxis Alt-Buch,Alt-Buch,57,13125,Berlin,+4930 911 42 778,,,,https://www.tierarztpraxis-alt-buch.de/,,"Mo,Fr 09:00-16:00; Tu-Th 09:00-12:00, Tu,Th 16:00-19:00; Sa[1] 10:00-12:00; PH off",Tierärztin Lydia Klemer,,,,52.636563,13.5022262,POINT (13.5022262 52.636563),re_ortsteil.0309,Pankow,11003003,Buch,0309
11052551506,node,node/11052551506,Ute Teutenberg,,,,,+49 30 37588910,,,,,,"Mo-Fr 08:00-12:00,15:00-18:00; We 08:00-12:00,17:00-20:00",,no,,,52.5507862,13.1685048,POINT (13.1685048 52.5507862),re_ortsteil.0508,Spandau,11005005,Falkenhagener Feld,0508
11101616402,node,node/11101616402,Tierarzt Bello & Co.,,,,,,,,,https://belloundco.de/,,,,,,,52.425741,13.4838753,POINT (13.4838753 52.425741),re_ortsteil.0804,Neukölln,11008008,Rudow,0804
11201794003,node,node/11201794003,Tierarztpraxis Dr. Pollmann,Berliner Straße,17,,,+493081099440,,,,https://tierarztpraxis-pollmann.de,,"Tu, Th 09:00-15:00; We, Fr 13:00-19:00; Sa 11:00-16:00",,,,,52.4361962,13.2660844,POINT (13.2660844 52.43619619999998),re_ortsteil.0604,Steglitz-Zehlendorf,11006006,Zehlendorf,0604
11313866984,node,node/11313866984,Dr. Fenina + Burwieck,Manteuffelstraße,74,12103,,+493063314227,,,,https://meintierarzt.berlin,,,,,,,52.4678078,13.3783605,POINT (13.3783605 52.46780780000001),re_ortsteil.0703,Tempelhof-Schöneberg,11007007,Tempelhof,0703
11345799891,node,node/11345799891,Rex,,,,,,,,,https://www.rex.app/,,Mo-Fr 08:00-20:00,,yes,,,52.5073508,13.4569833,POINT (13.4569833 52.5073508),re_ortsteil.0201,Friedrichshain-Kreuzberg,11002002,Friedrichshain,0201
11556295677,node,node/11556295677,Tierärztliche Gemeinschaftspraxis,Hohenzollerndamm,185,10713,Berlin,,,,,https://www.tierarztpraxis-berlin.net/,,,Antje Stolle-Malorny;Jens Vöster;Dr. med. vet. Iris Vöster,,,,52.491509,13.3183436,POINT (13.3183436 52.491509),re_ortsteil.0402,Charlottenburg-Wilmersdorf,11004004,Wilmersdorf,0402
11717159971,node,node/11717159971,Rex Tierarztpraxis,Hermannstraße,227,12049,Berlin,,,,,,,Mo-Sa 08:00-20:00,,,,,52.4807206,13.425592,POINT (13.425592 52.4807206),re_ortsteil.0801,Neukölln,11008008,Neukölln,0801
11847097396,node,node/11847097396,Kleintierkardiologie Tempelhof,Burgemeisterstraße,34,12103,Berlin,+49 30 47006869,,,,https://www.kardiobewegt.berlin/,,Mo-Th 08:00-18:00; PH off,Sinah Dohlen,yes,,,52.4583689,13.3734169,POINT (13.3734169 52.4583689),re_ortsteil.0703,Tempelhof-Schöneberg,11007007,Tempelhof,0703
11985547873,node,node/11985547873,Tierarztpraxis Kutzner,Zum Kappgraben,13,13125,Berlin,+49 30 94382030,,,,https://tierarzt-kutzner.de/,,"Mo-We,Fr 09:00-12:00,16:30-19:30; Th,Sa 09:00-12:00",,,,,52.6164598,13.4890268,POINT (13.4890268 52.6164598),re_ortsteil.0305,Pankow,11003003,Karow,0305
12108668170,node,node/12108668170,"Tierarztpraxis - Dr. med. vet. Dirk Emmelmann, Dr. med. vet. Albrecht Fengler",Max-Beer-Straße,7,,,+49 30 2426512,,,,https://www.augentierarzt-berlin.de,,"Mo, Tu, Th, Fr 09:00-12:00, 15:00-19:00; We 15:00-19:00",,no,,,52.5251722,13.408013,POINT (13.408013 52.5251722),re_ortsteil.0101,Mitte,11001001,Mitte,0101
12219145454,node,node/12219145454,Tierarztpraxis & Katzenbetreuung am Botanischen Garten,Tietzenweg,23,,,+49 30 32294480,,,,https://www.tierarztpraxis-botanischergarten.de,,"Mo, We 10:00-19:00; Tu, Th 08:30-14:00; Sa 10:00-12:00; Fr 10:00-14:00",Daniela Friedrich,,,,52.4456015,13.3020665,POINT (13.3020665 52.4456015),re_ortsteil.0602,Steglitz-Zehlendorf,11006006,Lichterfelde,0602
12238881093,node,node/12238881093,Janine Bräuer,Krüllsstraße,5,12435,Berlin,,,,,,,"Mo 10:00-12:00,13:00-16:00; Tu 16:00-19:00; We 12:00-17:00; Fr,Sa 10:00-12:00; Th,Su off",Janine Bräuer,,,,52.4922101,13.447823,POINT (13.447823 52.4922101),re_ortsteil.0901,Treptow-Köpenick,11009009,Alt-Treptow,0901
12793397931,node,node/12793397931,Tierärztezentrum Birte Nannen,Schlierbacher Weg,5,12349,Berlin,+49 30 25 92 17 88,,,,https://www.tieraerztezentrum-nannen.de,,,,,,,52.4160917,13.4047411,POINT (13.4047411 52.41609169999999),re_ortsteil.0803,Neukölln,11008008,Buckow,0803
12849196704,node,node/12849196704,Praxis für Kleine Haustiere Dr. Niels Lösch,,,,,+49309866411,,,info@tierarzt-drloesch.de,https://tierarzt-drloesch.de,,"Mo-We, Fr 10:00-12:00; Mo, Tu, Th 16:00-19:00; Fr 16:00-18:00; Sa 11:00-12:30",,,,,52.5399544,13.4849492,POINT (13.4849492 52.5399544),re_ortsteil.1110,Lichtenberg,11011011,Alt-Hohenschönhausen,1110
12851066023,node,node/12851066023,Dr. Pastor,Brüsseler Straße,52a,13353,Berlin,,,,,https://www.tierarztpraxis-pastor.de/,,"Mo-Fr 09:00-11:00,16:00-19:00; Sa,Su 14:00-16:00",,,,,52.5486928,13.3531883,POINT (13.3531883 52.54869279999998),re_ortsteil.0105,Mitte,11001001,Wedding,0105
12877756489,node,node/12877756489,Sonnenberg,,,,,,,,,,,,,,,,52.4406394,13.6866147,POINT (13.6866147 52.4406394),re_ortsteil.0912,Treptow-Köpenick,11009009,Rahnsdorf,0912
12989186501,node,node/12989186501,Tierarztpraxis am Wasserturm,Rykestraße,4,10405,,,,,,https://www.tierarztpraxis-wasserturm.de/,,,,,,,52.5350637,13.419688,POINT (13.419688 52.5350637),re_ortsteil.0301,Pankow,11003003,Prenzlauer Berg,0301
13169469903,node,node/13169469903,Haveldüne,Gatower Straße,131,,,+49 30 362 91 07,,,,https://www.tierarztpraxis-havelduene.de,,,,,,,52.508699,13.180438,POINT (13.180438 52.508699),re_ortsteil.0509,Spandau,11005005,Wilhelmstadt,0509
13188941112,node,node/13188941112,Praxis für Vögel & Reptilien,Berliner Str.,69,14169,Berlin,+4930 847 257 38,,,,https://www.vogel-tierarzt.de,,"Mo 09:00-13:00; Tu 15:00-19:00; We 09:00-13:00,15:00-19:00; Th 09:00-13:00; Fr 09:00-13:00,15:00-19:00",Dr. Mandy Carnarius,,,,52.4399433,13.2754078,POINT (13.2754078 52.4399433),re_ortsteil.0604,Steglitz-Zehlendorf,11006006,Zehlendorf,0604
13344679483,node,node/13344679483,Tierartzpraxis Sybille Schickert,,,,,,,,,,,,,,,,52.5937039,13.3282999,POINT (13.3282999 52.5937039),re_ortsteil.1209,Reinickendorf,11012012,Wittenau,1209
13358308355,node,node/13358308355,Roux,,,,,,,,,https://www.tierarztpraxis-roux.de/,,,,,,,52.452648,13.139175,POINT (13.139175 52.452648),re_ortsteil.0506,Spandau,11005005,Kladow,0506
24921047,way,way/24921047,Das Veterinärmedizinische Zentrum Berlin,Scharnweberstraße,136,13405,Berlin,+49 30 4127357,,info@vetzentrum-berlin.de,,https://www.vetzentrum-berlin.de/,,24/7,Kai S. Rödiger,,,,52.56383603380803,13.325898385003244,POINT (13.325898385003244 52.56383603380803),re_ortsteil.1201,Reinickendorf,11012012,Reinickendorf,1201
28608972,way,way/28608972,Zete Marton,Alt-Reinickendorf,37,13407,Berlin,,,,,,,"Mo-Fr 09:00-12:00, Mo,Th 16:00-19:00, Tu,We,Fr 15:00-18:00",,no,,,52.57484167749068,13.351276845633086,POINT (13.351276845633086 52.57484167749068),re_ortsteil.1201,Reinickendorf,11012012,Reinickendorf,1201
71173694,way,way/71173694,Tierärztlichen Klinik für Kleintiere,Märkische Allee,258,12679,Berlin,,,,,https://www.tierklinik-in-berlin.de/,,24/7,,yes,,,52.55555539479237,13.553247578348108,POINT (13.553247578348108 52.55555539479237),re_ortsteil.1001,Marzahn-Hellersdorf,11010010,Marzahn,1001
89101208,way,way/89101208,Tierarztpraxis Kathrin Böhm,Robert-Siewert-Straße,90,10318,Berlin,+49 30 32669736,,,,,,"Th 10:00-18:00; Tu,We 10:00-19:00; Fr 10:00-15:00; Mo 10:00-17:00",Kathrin Böhm,limited,,,52.49264998370056,13.536918159788863,POINT (13.536918159788863 52.49264998370056),re_ortsteil.1102,Lichtenberg,11011011,Karlshorst,1102
117230559,way,way/117230559,Tierartzpraxis Gotthardt,Winkler Straße,21,14193,Berlin,,,,,,,,,,,,52.487615697246845,13.266615867092089,POINT (13.266615867092089 52.487615697246845),re_ortsteil.0404,Charlottenburg-Wilmersdorf,11004004,Grunewald,0404
163836866,way,way/163836866,Tierklinik Berlin-Biesdorf,Alt-Biesdorf,22,12683,Berlin,+49 30 5143760,,,,https://www.tierklinik-in-biesdorf.de/,,"Mo-Fr 08:00-13:00,15:00-20:00; Sa 09:00-12:00",,no,,yes,52.508730023001156,13.55573553414166,POINT (13.55573553414166 52.508730023001156),re_ortsteil.1002,Marzahn-Hellersdorf,11010010,Biesdorf,1002
286010852,way,way/286010852,Tierarztpraxis Dr. Christine Mueller,Südekumzeile,26E,13591,Berlin,,+49 30 366 0128,,christinemueller.berlin@web.de,,http://tierarztpraxis-spandau.de/,,,,,,52.53114943497109,13.148550095436324,POINT (13.148550095436324 52.53114943497109),re_ortsteil.0504,Spandau,11005005,Staaken,0504
