market_id,market_name,market_type,address,postal_code,district,neighborhood_id,district_id,opening_days,opening_hours,operator,contact_email,website,accessibility,latitude,longitude,data_source,notes
FM001,Winter am THF,christmas_market,Tempelhofer Damm 53,12101,Tempelhof-Schöneberg,0703,11007007,See website,"2. Adventswochenende: 05. bis 07.12.2025 
3. Adventswochenende: 12. bis 14.12.2025 

Freitags 15:00 – 20:00 Uhr 
Samstags und Sonntags 12:00 – 20:00 Uhr",Flughafen Tempelhof (Tempelhof Projekt GmbH),kommunikation@thf-berlin.de,https://www.thf-berlin.de/winter-am-thf,ja,52.477,13.386,berlin.de_official,"Die Alte Feuerwache ist barrierefrei von außen zugänglich, die 6. Etage des THF TOWERs ist barrierefrei über einen Fahrstuhl zugänglich. Wintermarkt in der Alten Feuerwache am THF TOWER mit: - Foodtrucks &amp; Glühwein  - Handgemachten Designobjekten und Geschenkideen - Weihnachtlicher Musik - Basteln &amp; Weihnachtsfilme für Kinder (6. Etage des THF TOWERs)
 Außerdem findet am 14.12. ein großes Weihnachtssingen in der ehemaligen Haupthalle des Flughafen Tempelhof statt!"
FM002,LGBT*Winterdays und Christmas Avenue Nollendorfplatz,christmas_market,Kleiststraße,10787,Tempelhof-Schöneberg,0701,11007007,See website,LGBTQIA* Winterdays:,Rutwiess Events Berlin & LGBT*Aktionsgemeinschaft Berlin,Info@Rutwiess-events.de,https://www.christmas-avenue.berlin/,nein,52.5,13.353,berlin.de_official,"auf dem Markt sind Holzhecksel gestreut. Sollten gehandicapte Besucher:innen hier Hilfe benötigen, spechen sie gerne unsere Mitarbeiter an Christmas Avenue & LGBTQIA Winterdays 2025: Glitzer, Beats und queere Liebe am Nollendorfplatz* Ab dem 5. November starten die LGBTQIA Winterdays*, ab dem 24. November öffnet die CHRISTMAS AVENUE – Berlins einziger queerer Weihnachtsmarkt – wieder ihre Pforten. Bis 23. Dezember wird der Nollendorfplatz zum funkelnden Treffpunkt für Community, Freund:innen und Familien. Wenn draußen das Grau regiert, leuchtet unter der Hochbahn ein Ort voller Glitzer, Wärme und Miteinander: Die Christmas Avenue wird auch 2025 wieder das weihnachtliche Wohnzimmer der queeren Szene.
 Zum Start lädt Drag-Queen Margot Schlönzke am 5. November zum legendären Drag-Bingo. Danach sorgen Live-Musik, Drag-Shows, Karaoke und die heißesten DJs der Szene für Partylaune – von House bis Pop. Berlins bekannteste Drag-Performerinnen übernehmen Moderation und Bühne. Dazu gibt’s kulinarische Highlights, Kunst, Design & Manufaktur-Stände, wettergeschützte Gemütlichkeit unter der Hochbahn – und jede Menge queere Sichtbarkeit: Vereine und Initiativen präsentieren ihre Arbeit, sammeln Spenden und laden zum Austausch ein. Für Gruppen gibt es eine Partyhütte zum Mieten. 
 Wöchentliche Specials wie Happy Hour (Mo), After Work (Do) und Aperol o’Clock (So) runden das Programm ab.
 Fotos können auf unsere Homepage zur freien Verfügung runtergeladen werden."
FM003,30. Weihnachtsmarkt auf Lehmanns Bauernhof,christmas_market,"Lehmanns Bauernhof 
Alt-Marienfelde 35-37",12277,Tempelhof-Schöneberg,0705,11007007,See website,"Freitag: 14 - 20 Uhr 
Samstag: 12 - 20 Uhr 
Sonntag: 12 - 20 Uhr",Lehmanns Bauernhof E&E Trade Event UG (haftungsbeschränkt) & Co. KG,karstenemail@gmx.de,https://www.lehmannsbauernhof.de,Ja,52.413,13.366,berlin.de_official,"ebenerdiges Gelände, teilweise Kopfsteinpflaster, mit gut zugänglichen Innenräumen. Auf einem denkmalgeschützten Vierseitenhof, direkt gegenüber der Dorfkirche an der romantischen Dorfaue gelegen, findet zum 30. Mal ein familiär geprägter Weihnachtsmarkt statt. Der Fokus liegt auf Kunsthandwerk und außergewöhnlichen Geschenkidee, ergänzt durch weihnachtliche Gaumengenüsse. Ein Bühnenprogramm, eine Märchenerzählerin sowie Ponyreiten und die Tiere des Hofes runden das Erlebnis bei freiem Eintritt ab."
FM004,Weihnachtsmarkt Alt-Kaulsdorf,christmas_market,Dorfstraße,12621,Marzahn-Hellersdorf,1003,11010010,See website,13-20 Uhr,Heimatverein Marzahn-Hellersdorf,organisation@kaulsdorfer-weihnachtsmarkt.de,https://www.kaulsdorfer-weihnachtsmarkt.de,Ja,52.509,13.581,berlin.de_official,"Von U-Bahn, S-Bahn und Bus gut erreichbar"
FM005,Weihnachtsmarkt in der Linde,christmas_market,Johannisberger Str. 15A,14197,Charlottenburg-Wilmersdorf,0402,11004004,See website,12-18 Uhr,Ev. Lindenkirchengemeinde,buero@lindenkirche.de,https://www.lindenkirche.de,Ja,52.474,13.31,berlin.de_official,Der Weihnachtsmarkt findet im Erdgeschoß (Gemeindehaus und Kirche) und im Lindengarten statt. Die Kirche und das Gemeindehaus sind über eine Rollstühlrampe erreichbar. Im Gemeindehaus befindet sich auch eine Berrierefreietoilette.
FM006,Kunsthandwerklicher Weihnachtsmarkt vor dem Bröhan-Museum,christmas_market,Schloßstraße 1a,14059,Charlottenburg-Wilmersdorf,0401,11004004,See website,"06.12.2025: 14:00 - 20:00 Uhr 
07.12.2025: 13:00 - 19:00 Uhr",KiezKulturWerkstadt e.V.,kontakt@kiezkulturwerkstadt.de,https://www.kiezkulturwerkstadt.de,Ja,52.519,13.295,berlin.de_official,Der Weihnachtsmarkt findet ebenerdig statt. Die Stände sind sehr gut ausgeleuchtet.
FM007,Weihnachtsmarkt Charlottenburg,christmas_market,Spandauer Damm 17,14059,Charlottenburg-Wilmersdorf,0401,11004004,See website,10:00-22:00 Uhr,Aksiniya Shitel Private Guide,ischitel@gmail.com,Not available,ja,52.519,13.295,berlin.de_official,None
FM008,A very British Christmas - Your eco-friendly Christmas Fair,christmas_market,Preussenallee 17-19,14052,Charlottenburg-Wilmersdorf,0405,11004004,See website,14:00-17:30 Uhr,St George&#039;s Anglican Church Berlin,christmasfair@stgeorgesberlin.de,https://www.stgeorgesberlin.de/,Ja,52.513,13.259,berlin.de_official,"https://www.berlin.de/weihnachtsmarkt/7689300-3496862-englischer-weihnachtsmarkt.html.
Unter dem Motto ""A Very British Christmas - your eco-friendly Christmas market"" laden wir zum stimmungsvollen Adventsnachmittag mit englischem Weihnachtsgebäck, englischem Glühwein, Dudelsackklängen und englischen Weihnachtsliedern ein."
FM009,27. Alt-Kaulsdorfer Weihnachtsmarkt,christmas_market,Dorfstraße 39N,12621,Marzahn-Hellersdorf,1003,11010010,See website,13:00 bis 20:00 Uhr,Heimatverein Marzahn-Hellersdorf,fischer.matthias@berlin.de,https://www.kaulsdorfer-weihnachtsmarkt.de/,Ja,52.507,13.58,berlin.de_official,"Barrierefreie Wege, Rollstuhlgerecht. Beim nachbarschaftlichen Weihnachtsmarkt in Alt-Kaulsdorf kommt jedes Jahr im Dezember der Kiez zu gebrannten Mandeln und Glühwein zusammen.
 Der familiäre Weihnachtsmarkt mit seinen knapp 100 Ständen findet bereits seit über 20 Jahren statt und zählt inzwischen einige Stammkunden aus dem Bezirk. Auch beim 27. Alt-Kaulsdorfer Weihnachtsmarkt im Jahr 2025 bieten die Händler kleine, weihnachtliche Kostbarkeiten sowie süße und deftige Naschereien. Adventskonzerte und Ortsgeschichte
 Wer nicht nur stöbern, essen und trinken möchte, kann sich bei dem Veranstalter, dem Heimatverein Marzahn-Hellersdorf e.V. über die Geschichte des Dorfes Alt-Kaulsdorf informieren. In der mittelalterlichen Jesuskirche am Dorfanger laden zudem weihnachtliche Konzerte dazu ein, kurz innezuhalten."
FM010,Adventmarkt in der Leonhardtstraße,christmas_market,Leonhardtstraße 11,14057,Charlottenburg-Wilmersdorf,0401,11004004,See website,11-20 Uhr,Family & Friends e. V.,stadtkultur@family-and-friends-ev.de,https://www.family-and-friends-ev.de/,Ja,52.506,13.297,berlin.de_official,findet auf dem Bürgersteig statt
FM012,Weihnachtsmarkt im Paul Gerhardt Stift zu Berlin,christmas_market,Müllerstraße 56 - 58,13349,Mitte,0105,11001001,See website,14:00 - 18:00 Uhr,Paul Gerhardt Stift zu Berlin,veranstaltung@paulgerhardtstift.de,https://www.paulgerhardtstift.de,Ja,52.556,13.347,berlin.de_official,None
FM013,Historische Weihnacht - Friedrichshain,christmas_market,"Revaler Straße 99 
Eingang Höhe Dirschauer Straße",10245,Friedrichshain-Kreuzberg,0201,11002002,See website,"Montag bis Donnerstag: 15:00 - 22:00 Uhr 
Freitag: 15:00 - 23:00 Uhr 
Samstag: 12:00 - 23:00 Uhr 
Sonntag: 12:00 - 22:00 Uhr",Carnica-Veranstaltungen GmbH,tickets@carnica.de,https://www.carnica-spectaculi.de,Nein,52.509,13.451,berlin.de_official,"Kitschige Plastikweihnachtsmänner sind hier Fehlanzeige, stattdessen präsentieren und verkaufen Töpfer, Schmiede, Holzschnitzer und viele mehr ihr Handwerk. Besucher können sich an den Tavernen mit so manch edlem Tröpfchen, wie heißem Met, Glühwein, Glühbier und Feuerzangenbowle das Gemüt erwärmen und mit deftigen und süßen Speisen den Gaumen verwöhnen. Bei historischer Musik bringen Gaukler und Akrobaten mit ihren Feuershows das Publikum zum Staunen. Auch für die Unterhaltung der Kleinen ist gesorgt. Besonders schön & einzigartig für Kinder ist das handbetriebene Holzkarussell und Holzriesenrad. Beim Bogenschießen und Armbrustschießen können kleine & große Ritter und Prinzessinnen ihr Geschick beweisen. Die historische Weihnacht in Berlin Friedrichshain wird somit in der Vorweihnachtszeit zu einem einzigartigen Erlebnis für die ganze Familie."
FM014,Romantischer Weihnachtsmarkt,christmas_market,"Haus der Lebenshilfe, Dohnagestell 10",13351,Mitte,0105,11001001,See website,13:00 - 18:00 Uhr,Lebenshilfe gGmbH,hausderlebenshilfe@lebenshilfe-berlin.de,https://www.lebenshilfe-berlin.de,Ja,52.544,13.333,berlin.de_official,"Es ist ein besonderer Samstag in der Advents·zeit. Im Haus der Lebenshilfe und draußen im Garten. Für Groß und Klein im Weddinger Kiez. An Markt·ständen gibt es:Schöne Geschenk·ideen mit Liebe gemacht. Selbst·gebasteltes und Selbst·gemachtes. Kunst·handwerk und vieles mehr. Heiße Waffeln, Crêpes, Plätzchen und Kuchen. Kinder·punsch, Kakao und Glühwein. Bratwurst vom Grill, Grünkohl und andere Leckereien. Mit Musik vom Leierkasten·mann und Besuch vom Weihnachts·paar. Ab 16 Uhr tritt der Chor der Nogat-Singers auf."
FM015,WEINachtsmarkt am Ludwig-Beck-Platz,christmas_market,Moltkestraße 41,12203,Steglitz-Zehlendorf,0602,11006006,See website,11-20 Uhr,Family & Friends e. V.,stadtkultur@family-and-friends-ev.de,https://www.family-and-friends-ev.de/,Ja,52.444,13.311,berlin.de_official,von allen Seiten zugänglicher ebenerdiger Platz
FM016,Weihnachtsmarkt auf der Dicken Linda,christmas_market,Kranoldplatz 11,12051,Neukölln,0801,11008008,See website,10-18 Uhr,diemarktplaner Nikolaus FInk,info@diemarktplaner.de,https://www.diemarktplaner.de,Ja,52.466,13.438,berlin.de_official,"Der Markt befindet sich auf einem ebenerdigen Platz. Auf dem Neuköllner Kranoldplatz findet das achte Jahr in Folge am 2. Advents-Samstag eine weihnachtliche Marktausgabe statt, 10 bis 18 Uhr. An allen anderen Samstagen im Jahr ist hier von 10 bis 16 Uhr der Wochenmarkt DIE DICKE LINDA zu finden, der ebenfalls von diemarktplaner organisiert wird."
FM017,Weihnacht to go im Kranoldkiez,christmas_market,Königsberger Straße,12207,Steglitz-Zehlendorf,0602,11006006,See website,14:00 - 19:00 Uhr,Mein LiLa - Lichterfelde/Lankwitz e.V.,jutta.goedicke@meinlila.de,https://www.meinlila.de,Ja,52.428,13.326,berlin.de_official,Der Weihnachtsmarkt findet auf öffentlichem Straßenglände in Lichterfelde-Ost statt
FM018,Weihnachten an der Spree,christmas_market,Stralauer Allee 2,10245,Friedrichshain-Kreuzberg,0201,11002002,See website,17-22 Uhr,Spreespeicher Event GmbH,support@weihnachten-an-der-spree.de,https://www.weihnachten-an-der-spree.de/,Nein,52.502,13.448,berlin.de_official,"All Inklusive Weihnachtsmarkt - alle Speisen / Getränke sind im Eintrittspreis enthalten. Exklusiver Weihnachtsmarktbesuch mit einzigartigem Blick auf die Oberbaumbrücke. Bier, Wein, Sekt, alkoholfreie Getränke, Glühwein, Punsch, heiße Schokolade, Finnisches Flammlachs-Baguette mit Meerrettich-Dillsauce. Pulled Christmas Pork Burger mit Senfzwiebeln und Rotkraut, Bratwurst, Fleischkäse, Spätzle mit Gulasch oder Käse, Pilzpfanne, Chilli con Carne, Laugenbrezeln, Crepes, Waffeln, Quarkbällchen, gebrannte Mandeln Feuertonnen. Eisstockschießen, Hau den Lukas, XXL Jenga, 4 Gewinnt XXL & Baumstammnageln. Perfekt für Weihnachtsfeiern mit den Kollegen! Tickets nur per Vorverkauf über unsere Webseite - keine Abendkasse. Nicht vollständig barrierefrei"
FM019,Weihnachten an der Spree -All-Inclusiv-Weihnachtsmarkt,christmas_market,Stralauer Allee 2,10245,Friedrichshain-Kreuzberg,0201,11002002,See website,10-22 Uhr,Spreespeicher Event GmbH,marketing@faro-gruppe.de,https://www.weihnachten-an-der-spree.de/,Ja,52.503,13.447,berlin.de_official,"Ja, aber teilweise mit Einschränkungen. Bitte beachten Sie, dass sich auf dem Gelände teilweise alte Schienen und Kabelbrücken befinden, die je nach Art der Mobilitätshilfen ein Hindernis darstellen können. Barrierefreie Toiletten stehen im Gebäude des Spreespeichers zur Verfügung. Es wird einen speziellen Eingang geben, der Rollstuhlfahrenden einen barrierefreien Zugang ermöglicht."
FM020,Weihnachtsmarkt Bölschestraße,christmas_market,Myliusgarten,12587,Treptow-Köpenick,0911,11009009,See website,"Freitag, 19.12.2025: 14:00 - 22:00 Uhr 
Samstag, 20.12.2025: 12:00 - 22:00 Uhr 
Sonntag, 21.12.2025: 12:00 - 20:00 Uhr",Hauptstadt Kultur,info@juettner-entertainment.de,https://www.hauptstadtkultur.berlin/weihnachtsmarkt-bolschestrase-1/,Ja,52.452,13.624,berlin.de_official,"Es stehen barrierefreie WCs zur Verfügung, Kabel und Schläuche werden mit Überfahrbrücken gesichert. Der Weihnachtsmarkt an der Bölschestraße hat sich in den vergangenen Jahren als fester Bestandteil der Friedrichshagener Weihnacht etabliert. Eingebettet in die gemütliche Atmosphäre des Kiezes, lockt der Markt mit Ständen, die eine Vielfalt an handgemachten Geschenken, Kunsthandwerk und kulinarischen Klassikern wie Glühweintreff und gebrannten Mandeln bieten. Für die kleinen Gäste . sorgen Fahr- und Spielgeschäfte für Abwechslung und Unterhaltung bei jedem Wetter. Erleben Sie den Weihnachtsmarkt Bölschestraße – hier trifft Berliner Weihnachtskultur auf den Charme eines lebendigen Kiezes! Der Eintritt ist frei!!"
FM021,Weihnachten in Westend,christmas_market,Preußenallee 21,14052,Charlottenburg-Wilmersdorf,0405,11004004,See website,12-20 Uhr,Family & Friends e. V.,stadtkultur@family-and-friends-ev.de,https://www.family-and-friends-ev.de/,Ja,52.512,13.259,berlin.de_official,Ebenerdige Strasse
FM022,Rudower Weihnachtsmeile,christmas_market,Kappenstraße 15,12357,Neukölln,0804,11008008,See website,"Samstag, 20.12.2025: 12:00 - 22:00 Uhr 
Sonntag, 21.12.2025: 12:00 - 20:00 Uhr",Hauptstadt Kultur,info@juettner-entertainment.de,https://www.hauptstadtkultur.berlin/rudower-weihnachtsmeile-1/,Ja,52.421,13.492,berlin.de_official,"Es stehen barrierefreie WCs zur Verfügung, Kabel und Schläuche werden mit Überfahrbrücken gesichert. Die AG Rudow lädt zur traditionellen Rudower Weihnachtsmeile ein. Am 21. und 22. Dezember verwandeln sich die Straßen Alt Rudow und Krokusstraße in ein stimmungsvolles Weihnachtsdorf voller Musik, Unterhaltung und kulinarischer Highlights. Besucherinnen und Besucher können sich auf eine Vielzahl an Programmpunkten freuen, die für die perfekte Einstimmung auf die Feiertage sorgen. Die Rudower Weihnachtsmeile bietet an beiden Tagen ein vielseitiges Bühnenprogramm, das Jung und Alt gleichermaßen begeistert. Neben liebevoll dekorierten Ständen, die alles von handgefertigtem Kunsthandwerk bis zu weihnachtlichen Spezialitäten bieten, finden sich zahlreiche Attraktionen für Groß und Klein. Wärmender Glühwein und süße Köstlichkeiten wie gebrannte Mandeln, frische Waffeln und knackige Bratwürste sorgen für das leibliche Wohl. Ein nostalgisches Karussell und weitere Spielgeschäfte bieten Abwechslung und Spaß für die jüngsten Gäste. Der traditionelle Glühwein-Treff ist der perfekte Ort für Familien, Freunde und Nachbarn, die die Weihnachtszeit gemeinsam genießen möchten. Der Eintritt ist frei!!"
FM023,Lichterfest Rudow,christmas_market,"Alte Dorfschule Rudow, Alt-Rudow 60",12355,Neukölln,0804,11008008,See website,16.00 - 21.00 Uhr,Not specified,guenther@juettner-entertainment.de,https://www.hauptstadtkultur.berlin,Ja,52.417,13.495,berlin.de_official,"Berlin-Rudow lädt am 24. November 2025 herzlich zum „Lichterfest Rudow“ ein! Genießen Sie den Zauber der Weihnachtszeit auf dem festlich beleuchteten Hof der Alten Dorfschule Rudow. Diese junge Tradition wird von der AG Rudow ins Leben gerufen und sorgt für einen großartigen Auftakt in die Weihnachtssaison – mit kostenfreiem Eintritt! Die Besucher erwartet ein stimmungsvoll geschmückter Hof, der die Vorfreude auf die Weihnachtszeit lebendig werden lässt. Inmitten des charmanten Alt-Rudow bietet das Fest ein abwechslungsreiches Programm, das keine Wünsche offen lässt."
FM025,Weihnachtsmarkt Tempelhofer Hafen,christmas_market,"Tempelhofer Hafen, Berlin, Tempelhofer Damm 227",12099,Tempelhof-Schöneberg,0703,11007007,See website,"Mo.-Sa. 11.00-21.00 Uhr 
So. 13.00-19.00 Uhr 
24.-26.12.24 geschlossen",Hauptstadt Kultur,guenther@juettner-entertainment.de,https://www.hauptstadtkultur.berlin,nein,52.457,13.385,berlin.de_official,"Nur teilweise. Weihnachtsmarkt Tempelhofer Hafen Leckereien, Live Musik am Wochenende, Kinderkarussell - Eintritt frei. Dieses wird es ab Mitte Dezember zusätzlich ein großes Riesenrad im Hafen geben! Lasst euch überraschen!
 24.11.-30.12.25 Mo.-Sa. 11-21 Uhr / So. 13-19 Uhr (24.-26.12.24 geschlossen)"
FM026,Weihnachtsmarkt Fußgängerzone Wilmersdorfer Strasse,christmas_market,Wilmersdorfer Straße 46,10627,Charlottenburg-Wilmersdorf,0401,11004004,See website,"Mo - Sa 11:00 bis 20:00 Uhr 
So 12:00 bis 19:00 Uhr 
Heiligabend 10:00 bis 14:00 Uhr 
Am 25. Dezember und 26.12.2025 bleibt der Markt geschlossen!",Lauenburger Veranstaltungen,lauenburger-pony@gmx.de,Not available,Ja,52.509,13.305,berlin.de_official,25 Jahre Jubiläum - Weihnachtsmarkt in Berlins größter Fußgängerzone mit tollen Attraktionen! Weihnachtsbaum mit über 25.000 Lichtern Lichterglanz und Weihnachtszauber in der gesamten Fußgängerzone
FM027,Weihnachtsmarkt Berlin by »der Weinlobbyist«,christmas_market,Kolonnenstr. 62,10827,Tempelhof-Schöneberg,0701,11007007,See website,"Mo-So 
15-22 Uhr",der Weinlobbyist,kontakt@weinlobbyist.de,https://www.derweinlobbyist.de/weihnachtsmarkt-berlin-2025,"Ja, stufenlos",52.486,13.359,berlin.de_official,Auch zwischen den Jahren geöffnet.
FM028,Weihnachtsmarkt am Schloss Charottenburg,christmas_market,Spandauer Damm 20,14059,Charlottenburg-Wilmersdorf,0401,11004004,See website,"Mo-Do 
13-22 Uhr 
Fr-So 
12-22 Uhr 
1. und 2. Feiertag 
12-22 Uhr 
24.12.2025 geschlossen",Jens Schmidt GmbH,marktleitung@schloss-weihnachtsmarkt.de,https://www.schloss-weihnachtsmarkt.de,Ja,52.519,13.294,berlin.de_official,"Instagram: schloss_weihnachtsmarkt 
Facebook: Weihnachtsmarkt am Schloss Charlottenburg"
FM030,Weihnachtsmarkt am Tempelhofer Hafen,christmas_market,Ordensmeisterstraße 60,12099,Tempelhof-Schöneberg,0703,11007007,See website,"Mo-Sa 
11-21 Uhr 
So 13-19 Uhr 
24.-26.12.2025: geschlossen",Hauptstadt Kultur,info@juettner-entertainment.de,https://www.hauptstadtkultur.berlin/weihnachtsmarkt-tempelhofer-hafen/,Ja,52.456,13.385,berlin.de_official,"Es stehen barrierefreie WCs zur Verfügung und Kabel und Schläuche werden mit Überfahrbrücken gesichert. Leckereien, Live Musik am Wochenende, Kinderkarussell - Eintritt frei."
FM031,Weihnachtsmarkt Hallen am Borsigturm,christmas_market,Gorkistraße 11-21,13507,Reinickendorf,1202,11012012,See website,"Mo-Sa 
11-21 Uhr 
So 13-19 Uhr 
24.-26.12.2025: geschlossen",Hauptstadt Kultur,info@juettner-entertainment.de,https://www.hauptstadtkultur.berlin/weihnachtsmarkt-hallen-am-borsigturm-1/,Ja,52.5901,13.286,berlin.de_official,"Es stehen barrierefreie WCs zur Verfügung, Kabel und Schläuche werden mit Überfahrbrücken gesichert. Ob zum Ausklang eines Weihnachtseinkaufs in den Borsighallen oder als entspannter Familienausflug am Wochenende – dieser Weihnachtsmarkt bietet zahlreiche Gelegenheiten für besondere Momente und vereint besinnliche Feststimmung, Live-Musik und das ideale Ambiente für einen gelungenen Weihnachtseinkauf. Genießen Sie die festliche Atmosphäre, die musikalischen Höhepunkte und die Nähe zum Shopping – ein rundum stimmungsvolles Erlebnis im Herzen Berlins. Erleben Sie alles, was das Herz zur Adventszeit begehrt: liebevoll geschmückte Stände mit süßen und herzhaften Köstlichkeiten, die perfekt zur winterlichen Jahreszeit passen. Besonders die kleinen Gäste kommen hier auf ihre Kosten – das große Kinderkarussell lässt Kinderaugen leuchten und macht den Besuch für Familien zu einem besonderen Erlebnis. Der Markt ist Montags bis Samstags von 11 bis 21 Uhr und Sonntags von 13 bis 19 Uhr geöffnet, mit einer kurzen Pause an den Feiertagen vom 24. bis 26. Dezember."
FM032,Weihnachtsrummel Helle-Mitte,christmas_market,Kastanienallee,12627,Marzahn-Hellersdorf,1005,11010010,See website,"11.00-21.00 Uhr 
24.12. geschlossen",Hauptstadt Kultur,guenther@juettner-entertainment.de,https://www.hauptstadtkultur.berlin,ja,52.54,13.602,berlin.de_official,Der Berliner Weihnachtsrummel 2025 am Alice-Salomon-Platz. Der Weihnachtsrummel am Alice-Salomon-Platz lädt vom 26. November bis zum 28. Dezember 2025 zu einem unvergesslichen Erlebnis ein. Täglich von 11 bis 21 Uhr können Besucher die festliche Stimmung genießen – und das bei freiem Eintritt
FM033,Winterquartier,christmas_market,"Napoleon Komplex 
Modersohnstraße 35–45",10245,Friedrichshain-Kreuzberg,0201,11002002,See website,"Weihnachtsmarkt 
Montag: 15 - 22 Uhr 
Dienstag: 15 - 22 Uhr
Mittwoch: 15 - 22 Uhr 
Donnerstag: 15 - 22 Uhr 
Freitag:  15 - 23 Uhr 
Samstag: 12 - 23 Uhr 
Sonntag: 12 - 22 Uhr 

Eisbahn 
Montag: 12 - 20 Uhr 
Dienstag: 12 - 20 Uhr 
Mittwoch: 12 - 20 Uhr 
Donnerstag: 12 - 22 Uhr 
Freitag: 12 - 24 Uhr 
Samstag: 10 - 24 Uhr 
Sonntag: 10 - 22 Uhr 
Eisdisco und Eisstockschießen siehe Webseite.",Strandbad Wendenschloss GmbH,info@winterquartier-berlin.de,https://www.winterquartier-berlin.de/,Ja,52.503,13.458,berlin.de_official,None
FM034,Schwedischer Weihnachtsbasar,christmas_market,Landhausstr.26-28,10717,Charlottenburg-Wilmersdorf,0402,11004004,See website,"Freitag den 28.11. zwischen 16-20 Uhr 
Samstag den 29.11. zwischen 12-19 Uhr 
Sonntag den 30.11. zwischen 12-18 Uhr",Schwedische Victoriagemeinde e.V.,berlin@svenskakyrkan.se,https://www.svenskakyrkan.se/berlin/nyheter/weihnachtsbasar-der-schwedische-kirche,ja,52.489,13.328,berlin.de_official,"Bitte beim Eingang melden, dass man den Fahrstuhl benutzen möchte. Dann wird man ca 30 m zur nächsten Eingang begleitet, wo es einen Fahrstuhl gibt. Der ganze Markt ist ebenerdig, mit Wegen oder Rasen. Herzlich willkommen zum Weihnachtsbasar der schwedischen Kirche!  Bei uns gibt es Kunsthandwerk, Weihnachtsdecken und Weihnachtsschmuck, Lebensmittel aus Schweden. Cafeteria, Imbisse. Die Lichtkönigin Lucia  singt mit ihrem Chor am Samstag- und Sonntagnachmittag. Eintritt 2 Euro. (Kinder bis 12 Jahre frei.) Der ganzen Markt findet wie im Vorjahr ausschließlich draußen statt. Hunde sind leider nicht erlaubt."
FM035,Umwelt- und Weihnachtsmarkt in der Sophienstraße,christmas_market,Große Hamburger Straße 27,10115,Mitte,0101,11001001,See website,"Samstags: 12-20 Uhr 
Sonntags: 11-19 Uhr",EVENTS-R.Bielefeldt,post@weihnachtsmarkt-sophienstrasse.de,https://www.weihnachtsmarkt-sophienstrasse.de,Ja,52.525,13.4,berlin.de_official,"Normales Straßenland. Direkt neben den Hackeschen Höfen in einer der ältesten Straßen von Berlin, erwartet Sie ein außergewöhnliches Angebot an einzigartiger Designer- und Künstlerware. Das einmalige Konzept wurde bereits 1996 mit dem 1.Preis des Umweltwettbewerbs honoriert und hebt sich von den anderen Weihnachtsmärkten der Stadt wohltuend ab. Von trendig-hippem Berliner Design- und Kunsthandwerk über Naturwaren höchster Bio-Güte bis hin zu den verschiedensten Gegenständen aus fairem Handel. Hier findet jeder Besucher sein individuelles Geschenk! Seit über 20 Jahren in Berlin und über die Stadtgrenzen hinaus bekannt!"
FM036,Adventsmarkt an der Sophienkirche,christmas_market,Große Hamburger Str. 29/30,10115,Mitte,0101,11001001,See website,12-18 Uhr,Marktzeit - Ökowochenmärkte & mehr,marktzeit@posteo.de,https://www.marktzeit.berlin/mz/,ja,52.525,13.4,berlin.de_official,None
FM037,Alt-Buckower Adventsmarkt,christmas_market,Alt-Buckow 36-38,12349,Neukölln,0803,11008008,See website,14-22 Uhr,Ev. Kirchengemeinde Berlin-Alt-Buckow,buero@dorfkirche-alt-buckow.de,https://www.dorfkirche-alt-buckow.de,Ja,52.423,13.43,berlin.de_official,"Der Außen- und Innenbereich, sowie die Toiletten sind Barrierefrei."
FM038,Adventsbasar: Miteinander statt nebeneinander,christmas_market,Bahnhofstr. 32,13129,Pankow,0303,11003003,See website,15:00-18:00 Uhr,Albert Schweitzer Stiftung - Wohnen & Betreuen,jillbalkow@ass-berlin.org,https://www.ass-berlin.org,ja,52.591,13.448,berlin.de_official,"Die Adventszeit ist eine Gelegenheit, innezuhalten und das Miteinander zu feiern, ins Gespräch zu kommen, Gemeinschaft zu erleben und Freude zu teilen. Unser Adventsbasar soll genau dafür ein Ort sein – offen, herzlich und lebendig. Besucher*innen können an den vielen Verkaufsständen liebevoll angefertigte Geschenke und festliche Dekorationen erwerben.  An den Essensständen erwarten sie süße Leckereien, herzhafte Spezialitäten und wärmende Getränke. Das Programm sorgt mit weihnachtlicher Musik und und einer Feuershow für Begeisterung bei Groß und Klein."
FM040,Wedding-Weihnachtsmarkt,christmas_market,Nazarethkirchstraße,13347,Mitte,0105,11001001,See website,11:00 - 19:00 Uhr,Weddingmarkt,weddingkulturmarkt@gmail.com,https://wedding-markt.de/,Ja,52.548,13.36,berlin.de_official,"ebenerdiger Platz, direkte Anschluss zur U-Bahn und Öffi Netz mit Aufzügen. Weddingmarkt wird Weihnachtsmarkt Alle Adventssonntage von 11 – 19 Uhr, Leopoldplatz Markt mit handgemachter Kunst, Design & Streetfood Lagerfeuer & Nebenprogramm
 An allen vier Adventssonntagen wird der Weddingmarkt im winterlichen Glanz erstrahlen - am 30. Nov., 07., 14. und 21 Dezember 2025 von 11-19 Uhr - mitten im Stadtteil Wedding auf dem Leopoldplatz, vor der historischen Schinkel-Kirche (Alte Nazarethkirche). Dieses Jahr können ganz besondere Geschenke unter den Weihnachtsbaum gelegt werden, denn der Besuch beim weihnachtlichen Weddingmarkt verspricht außergewöhnliche Kunst, Design und echte Handwerksliebe. Viele Weddinger Labels zeigen draußen auf dem Leopoldplatz die hochwertige Vielfalt des lebendigen Stadtteils.
 Die Besucher erwarten rund 100 Stände mit Design, Fotografe, Keramik, Illustrationen, Malerei, Wohnaccessoires, Möbel, Schmuck, Mode, Spirituosen, Tees und vieles mehr. 
 Insgesamt wirken rund 250 verschiedene Aussteller an vier Terminen mit, sodass der Besuch jedesmal abwechslungsreich und lohnenswert ist.
 Zudem gibt es internationales Streetfood mit Spätzle, Raclette, asiatische Speisen, mexikanischen Tacos, vegetarische Speisen, bis hinzu knusprigen Waffeln ist alles für den anspruchsvollen Gaumen dabei. Glühwein und Lagerfeuer mit kostenloser „Stockbrot-Station“ für die kleinen Besucher laden zur weihnachtlichen Atmosphäre ein. Das Ganze wird begleitet durch ein künstlerisches Nebenprogramm mit Musik und vielen weiteren Überraschungen.
 Der Eintritt zum Markt ist wie immer frei. Im Vorfeld werden über Social Media Weddingmarkt-Unikate als Adventskalender verlost. Alle aktuellen Informationen unter: wedding-markt.de"
FM041,Adventsbasar im Lübarser Pfarrgarten - mit Bläsermusik und Adventssingen,christmas_market,Alt-Lübars 24,13469,Reinickendorf,1208,11012012,See website,12-17 Uhr,Ev. Kirchengemeinde Lübars,kirche-luebars@web.de,https://www.noomi-evangelisch.de/,Ja,52.621,13.359,berlin.de_official,Der Pfarrgarten ist barrierefrei zugänglich. Bitte öffentliche Verkehrsmittel nutzen. Es stehen nur sehr begrenzt Parkplätze zur Verfügung. Bitte unbedingt die Parkverbote beachten!
FM042,Kunsthandwerklicher Adventmarkt am Karl-August-Platz,christmas_market,Pestalozzistraße 25,10627,Charlottenburg-Wilmersdorf,0401,11004004,See website,11-18 Uhr,Family & Friends e. V.,stadtkultur@family-and-friends-ev.de,https://www.family-and-friends-ev.de/,Ja,52.508,13.309,berlin.de_official,ebenerdiger Platz
FM043,Lichtenrader Lichtermarkt und 650 Jahre Lichtenrade,christmas_market,Alt-Lichtenrade 71,12309,Tempelhof-Schöneberg,0706,11007007,See website,13:00 - 19:00 Uhr,Bezirksamt Tempelhof-Schöneberg,veranstaltungen-pressestelle@ba-ts.berlin.de,https://www.berlin.de/ba-ts/lichtenrader-lichtermarkt,Nein,52.396,13.411,berlin.de_official,None
FM059,Wochenmarkt Charlottenburg - Suarezstraße,weekly_market,Suarezstraße 48,14057,Charlottenburg-Wilmersdorf,0401,11004004,Do,Do 8-14 Uhr,Deutsche Marktgilde eG,d.dieter@marktgilde.de,https://www.treffpunkt-wochenmarkt.de/,Nein,52.508,13.295,berlin.de_official,None
FM060,Markt in der Markthalle Neun,weekly_market,Eisenbahnstraße 42/43,10997,Friedrichshain-Kreuzberg,0202,11002002,Mo-Sa,"Mo-Fr 12-18 Uhr 
Sa 10-18 Uhr",Markthalle Neun,info@markthalleneun.de,https://markthalleneun.de/,"Ja, barreierearmer Raum",52.5,13.432,berlin.de_official,None
FM061,Kreativmarkt im Hubertusbad,weekly_market,Hubertusstraße 47,10365,Lichtenberg,1103,11011011,So,11-18 Uhr,"Bezirksamt Lichtenberg, Wirtschaftsförderung",heike.betzwieser@lichtenberg.berlin.de,Not available,"Ja, Räume sind barrierefrei betretbar",52.515,13.493,berlin.de_official,"Kunst- und Kreativmarkt mit über 40 Künstlern, DJ, Workshop und Streetfood-Markt. Lokation ist ein historisches Schwimmbad. Eintritt frei."
FM062,Ökomarkt & mehr an der Sophienkirche,weekly_market,Große Hamburger Str. 29/30,10115,Mitte,0101,11001001,Dienstag,12-18 Uhr,Marktzeit Ökowochenmärkte & mehr,marktzeit@posteo.de,https://www.marktzeit.berlin,Ja,52.525,13.4,berlin.de_official,None
FM063,Wochenmarkt Reinickendorf (Hermsdorf),weekly_market,Fellbacher Straße 30 A,13467,Reinickendorf,1206,11012012,Fr,Fr 10-18 Uhr,Deutsche Marktgilde eG,d.dieter@marktgilde.de,https://spremberg.treffpunkt-wochenmarkt.de/Marktplatz/startseite,Nein,52.615,13.306,berlin.de_official,None
FM064,Wochenmarkt Reinickendorf (Hermsdorf),weekly_market,Fellbacher Straße 30 A,13467,Reinickendorf,1206,11012012,Freitag,10-18 Uhr,Deutsche Marktgilde eG,d.dieter@marktgilde.de,https://berlin.treffpunkt-wochenmarkt.de/Fellbacher-Platz-am-SBahn-Aufgang/startseite,Nein,52.616,13.307,berlin.de_official,None
FM065,Wochenmarkt Mariendorfer Damm / Prinzenstraße,weekly_market,Mariendorfer Damm 189A,12107,Tempelhof-Schöneberg,0704,11007007,Mi und Sa,8-13 uhr,Bezirksamt Tempelhof-Schöneberg von Berlin,marktverwaltung@ba-ts.berlin.de,https://ba-tempelhof-schoeneberg/politik-und-verwaltung/aemter/ordnungsamt/maerkte,"Ja, Wochenmarkt befindet sich im öffentlichen Straßenland",52.435,13.39,berlin.de_official,None
FM066,Wochenmarkt Winterfeldtplatz,weekly_market,Luitpoldstraße 1,10781,Tempelhof-Schöneberg,0701,11007007,Mi und Sa,"Mi 8-14 Uhr 
Sa 8-16 Uhr",Bezirksamt Tempelhof-Schöneberg von Berlin,marktverwaltung@ba-ts.berlin.de,https://ba-tempelhof-schoeneberg/politik-und-verwaltung/aemter/ordnungsamt/maerkte,Ja,52.496,13.352,berlin.de_official,Wochenmarkt befindet sich im öffentlichen Straßenland
FM067,Wochenmarkt John-F.-Kennedy-Platz,weekly_market,John-F.-Kennedy-Platz 1,10825,Tempelhof-Schöneberg,0701,11007007,Di und Fr,8-13 Uhr,Bezirksamt Tempelhof-Schöneberg von Berlin,marktverwaltung@ba-ts.berlin.de,https://ba-tempelhof-schoeneberg/politik-und-verwaltung/aemter/ordnungsamt/maerkte,Ja,52.484,13.344,berlin.de_official,Wochenmarkt befindet sich im öffentlichen Straßenland
FM068,Wochenmarkt Breslauer Platz,weekly_market,Rheinstraße 65,12159,Tempelhof-Schöneberg,0702,11007007,"Mi 08-14 Uhr 
Do 12-18 Uhr 
Sa 08-14 Uhr",See website,Bezirksamt Tempelhof-Schöneberg von Berlin,marktverwaltung@ba-ts.berlin.de,https://ba-tempelhof-schoeneberg/politik-und-verwaltung/aemter/ordnungsamt/maerkte,Ja,52.471,13.335,berlin.de_official,Wochenmarkt befindet sich im öffentlichen Straßenland
FM069,Wochenmarkt Crellestraße,weekly_market,Crellestraße 24,10827,Tempelhof-Schöneberg,0701,11007007,Mi und Sa,10-15 Uhr,Bezirksamt Tempelhof-Schöneberg von Berlin,marktverwaltung@ba-ts.berlin.de,https://ba-tempelhof-schoeneberg/politik-und-verwaltung/aemter/ordnungsamt/maerkte,Ja,52.49,13.365,berlin.de_official,Wochenmarkt befindet sich im öffentlichen Straßenland
FM070,SCHOENEBOERG FLOWMARKT,weekly_market,Crellestraße,10827,Tempelhof-Schöneberg,0701,11007007,See website,10-16:30 Uhr,SCHOENEBOERG FLOWMARKT,Info@SCHOENEBOERG.de,https://www.SCHOENEBOERG.de,Ja,52.49,13.365,berlin.de_official,"DER SCHOENEBOERG FLOWMARKT BRINGT PRIVATE SECOND-HAND, KUNST, MUSIK UND ORIGINAL HANDMADES NACH SCHÖNEBERG."
FM071,Wochenmarkt Wittenbergplatz (Nordseite),weekly_market,Wittenbergplatz 5,10789,Tempelhof-Schöneberg,0701,11007007,Di und Fr,08-15 Uhr,Bezirksamt Tempelhof-Schöneberg von Berlin,marktverwaltung@ba-ts.berlin.de,https://ba-tempelhof-schoeneberg/politik-und-verwaltung/aemter/ordnungsamt/maerkte,Ja,52.502,13.343,berlin.de_official,Wochenmarkt befindet sich im öffentlichen Straßenland
FM072,Berd Gelllesch,weekly_market,Megedestraße 1,12487,Treptow-Köpenick,0904,11009009,Sa,08:00 bis 14:00 Uhr,Gakenholz + Gellesch GmbH,gakenholz-gellesch@t-online.de,https://www.gakenholz-gellesch.de,Nein,52.443,13.502,berlin.de_official,None
FM073,Wochenmarkt Wutzkyallee,weekly_market,Horst-Caspar-Steig,12353,Neukölln,0805,11008008,See website,We 08:00-14:00; Sa 08:00-13:00,Not specified,Not available,Not available,Not specified,52.4232357,13.4753018,OSM,None
FM074,Wochenmarkt am Maybachufer,weekly_market,Maybachufer,12047,Neukölln,0801,11008008,See website,Tu 11:00-18:30; Fr 11:00-18:30,Not specified,Not available,Not available,Not specified,52.4952407,13.422854,OSM,None
FM075,Wochenmarkt Helene-Weigel-Platz,weekly_market,Helene-Weigel-Platz,12681,Marzahn-Hellersdorf,1001,11010010,See website,See website,Not specified,Not available,Not available,Not specified,52.5279049,13.5388525,OSM,None
FM076,Genter Wochenmarkt,weekly_market,Genter Straße,13353,Mitte,0105,11001001,See website,"We,Sa 07:00-19:00; PH off",Not specified,Not available,Not available,Not specified,52.5470551,13.3546547,OSM,None
FM077,Wochenmarkt Koppenstraße,weekly_market,Koppenstraße,10243,Friedrichshain-Kreuzberg,0201,11002002,See website,Tu 10:00-18:00,Not specified,Not available,Not available,Not specified,52.5182062,13.4366777,OSM,None
FM078,Wochenmarkt am Kosmos,weekly_market,Karl-Marx-Allee,10243,Friedrichshain-Kreuzberg,0201,11002002,See website,Fr 10:00-16:00,Not specified,Not available,Not available,Not specified,52.5165736,13.4498297,OSM,None
FM079,Wochenmarkt Arkonaplatz,weekly_market,Arkonaplatz,10435,Mitte,0101,11001001,See website,Fr 12:00-19:00,Not specified,Not available,Not available,Not specified,52.5373699,13.4018749,OSM,None
FM080,Markt am Bärenschaufenster,weekly_market,Heinrich-Dathe-Platz,10319,Lichtenberg,1101,11011011,See website,"Mo,Th,Fr 08:00-17:00",Not specified,Not available,Not available,Not specified,52.4979615,13.5221871,OSM,None
FM081,Treptower Hallentrödelmarkt,weekly_market,Eichenstraße 4,12435,Treptow-Köpenick,0901,11009009,See website,Sa-Su 08:00-18:00,Not specified,Not available,Not available,Not specified,52.4970017,13.4537898,OSM,None
FM082,"Wochenmarkt Rathaus Lankwitz, Leonorenstraße",weekly_market,Leonorenstraße,12247,Steglitz-Zehlendorf,0603,11006006,See website,"Mo,Fr 08:00-13:00",Not specified,Not available,Not available,Not specified,52.4387174,13.343433,OSM,None
FM083,Wochenmarkt Pankow,weekly_market,Breite Straße,13187,Pankow,0307,11003003,See website,Tu 08:00-14:00; Fr 08:00-16:00; Sa 09:00-17:00,Not specified,Not available,Not available,Not specified,52.5701146,13.4065769,OSM,None
FM084,Ökomarkt am Hohenstaufenplatz,weekly_market,Schönleinstraße,10967,Friedrichshain-Kreuzberg,0202,11002002,See website,Tu 12:00-18:30;Sa 09:00-15:00,Not specified,Not available,Not available,Not specified,52.4915549,13.420647,OSM,None
FM085,Freitags Regionalmarkt,weekly_market,Lausitzer Platz,10997,Friedrichshain-Kreuzberg,0202,11002002,See website,Fr 11:00-18:00,Not specified,Not available,Not available,Not specified,52.5007632,13.4312447,OSM,None
FM086,Flohmarkt am Arkonaplatz,weekly_market,Granseer Straße,10435,Mitte,0101,11001001,See website,Su 10:00-16:00,Not specified,Not available,Not available,Not specified,52.5370746,13.4020996,OSM,None
FM087,Wochenmarkt Klausenerplatz,weekly_market,Klausenerplatz,14059,Charlottenburg-Wilmersdorf,0401,11004004,See website,"Tu, Fr 08:00-13:00",Not specified,Not available,http://www.berlin.de/ba-charlottenburg-wilmersdorf/verwaltung/aemter/ordnungsamt/wochenmaerkte/,Not specified,52.5181537,13.2904267,OSM,None
FM088,Food Court,weekly_market,Hohenzollerndamm,10707,Charlottenburg-Wilmersdorf,0402,11004004,See website,Tu 11:00-14:00;Th 11:00-14:00,Not specified,Not available,Not available,Not specified,52.4900109,13.3138411,OSM,None
FM089,Street Food Thursday,weekly_market,Eisenbahnstraße,10997,Friedrichshain-Kreuzberg,0202,11002002,See website,Th 17:00-22:00,Not specified,Not available,Not available,Not specified,52.5020746,13.4317885,OSM,None
FM090,Wochenmarkt Kollwitzplatz,weekly_market,Kollwitzstraße 68,10435,Pankow,0301,11003003,See website,Sa 10:00-17:00; Th 12:00-19:00,Not specified,Not available,Not available,Not specified,52.5365702,13.4183629,OSM,None
FM091,Ökomarkt am Kollwitzplatz,weekly_market,Wörther Straße,10435,Pankow,0301,11003003,See website,Th 12:00-19:00,Not specified,Not available,Not available,Not specified,52.5366375,13.4180812,OSM,None
FM092,Marktschwärmer Neukölln-Elsenstraße,weekly_market,Elsenstraße 52,12059,Neukölln,0801,11008008,See website,Tue 17:00-18:00,Not specified,Not available,https://marktschwaermer.de/de-DE/assemblies/146,Not specified,52.486113,13.4482324,OSM,None
FM093,Neuköllner Stoff,weekly_market,Maybachufer,12047,Neukölln,0801,11008008,See website,Sa 11:00-17:00,Not specified,Not available,Not available,Not specified,52.4955204,13.4221115,OSM,None
FM094,YAAM,food_court,An der Schillingbrücke 3,10243,Friedrichshain-Kreuzberg,0201,11002002,See website,We 16:00-02:00; Th 16:00-04:00; Fr 16:00-05:00; Sa 13:00-05:00; Su 13:00-01:00,Not specified,Not available,https://www.yaam.de/,Not specified,52.5098465,13.4302553,OSM,None
FM095,Flohmarkt Friedrichshagen,weekly_market,Schöneicher Straße 1,12587,Treptow-Köpenick,0911,11009009,See website,Su 08:00-16:00,Not specified,Not available,https://oldthing.de/Berliner-Flohmarkt/Secondhand-und-Kunst/Flohmarkt-Friedrichshagen/,Not specified,52.4578134,13.6260219,OSM,None
FM096,Trödelmarkt am Boxhagener Platz,weekly_market,Trödelmarkt am Boxhagener Platz,10245,Friedrichshain-Kreuzberg,0201,11002002,See website,Su 10:00-18:00,Not specified,Not available,Not available,Not specified,52.5112571,13.4589749,OSM,None
FM097,Flohmarkt Nowkoelln Flowmarkt,weekly_market,Maybachufer,12047,Neukölln,0801,11008008,See website,week 12-48/2 Su 10:00-17:00,Not specified,Not available,https://www.nowkoelln.de/,Not specified,52.492487,13.4313042,OSM,None
FM098,Wilhelmplatz,weekly_market,Wilhelmplatz,14109,Steglitz-Zehlendorf,0607,11006006,See website,Fr 13:00-18:00,Not specified,Not available,Not available,Not specified,52.4123017,13.1415907,OSM,None
FM099,Bauernmarkt Leopoldplatz,weekly_market,Leopoldplatz,13353,Mitte,0105,11001001,See website,"Tu,Fr 10:00-17:00",Not specified,Not available,https://bbm-maerkte.de/bauernmarkt-leopoldplatz-berlin/,Not specified,52.5469113,13.3590397,OSM,None
FM100,Trödelmarkt,weekly_market,Leopoldplatz,13353,Mitte,0105,11001001,See website,Sa 08:00-15:30,Not specified,Not available,https://bbm-maerkte.de/troedelmarkt-flohmarkt-leopoldplatz/,Not specified,52.5469796,13.3591899,OSM,None
FM101,Ökomarkt im Hansaviertel,weekly_market,Altonaer Straße,10557,Mitte,0103,11001001,See website,Fr 12:00-18:00,Not specified,Not available,https://www.marktzeit.berlin/mz/oekomarkt_hansaviertel/,Not specified,52.5178391,13.34137,OSM,None
FM102,Warung Bali,food_court,Eisenacher Straße,12685,Marzahn-Hellersdorf,1001,11010010,See website,See website,Not specified,Not available,Not available,Not specified,52.5394754,13.5773476,OSM,None
FM103,Wochenmarkt Arnswalder Platz,weekly_market,Pasteurstraße,10407,Pankow,0301,11003003,See website,Sa 08:00-15:00,Not specified,Not available,Not available,Not specified,52.5323856,13.4359922,OSM,None
FM104,Ökomarkt Chamissoplatz,weekly_market,Chamissoplatz,10965,Friedrichshain-Kreuzberg,0202,11002002,See website,Sa 08:00-14:00,Not specified,Not available,Not available,Not specified,52.488042,13.3915146,OSM,None
FM105,Wochenmarkt Rathaus Spandau,weekly_market,Werner-Salomon-Platz,13597,Spandau,0501,11005005,See website,We; Fr,Not specified,Not available,Not available,Not specified,52.5357067,13.2010619,OSM,None
FM106,Wochenmarkt Preußenallee,weekly_market,Preußenallee,14052,Charlottenburg-Wilmersdorf,0405,11004004,See website,"Tu,Fr 08:00-13:00",Not specified,Not available,Not available,Not specified,52.5147162,13.2595465,OSM,None
FM107,Wochenmarkt Karl-Marx-Platz,weekly_market,Karl-Marx-Platz,12043,Neukölln,0801,11008008,See website,We 11:00-18:00; Sa 08:00-15:00,Not specified,Not available,https://www.aktion-kms.de/wochenmarkt/,Not specified,52.4736891,13.4412709,OSM,None
FM108,Regionalmarkt am Kranoldplatz,weekly_market,Kranoldplatz,12051,Neukölln,0801,11008008,See website,Sa 10:00-16:00,Not specified,Not available,Not available,Not specified,52.4662082,13.4372321,OSM,None
FM109,Ökomarkt an der Apostel-Paulus-Kirche,weekly_market,Apostel-Paulus-Straße,10823,Tempelhof-Schöneberg,0701,11007007,See website,Th 12:00-18:00; PH off,Not specified,Not available,Not available,Not specified,52.4889443,13.3531035,OSM,None
FM110,Kranoldmarkt,weekly_market,Ferdinandstraße,12209,Steglitz-Zehlendorf,0602,11006006,See website,"We,Sa 07:00-14:00",Not specified,Not available,Not available,Not specified,52.4281755,13.3277154,OSM,None
FM111,Wochenmarkt Nestorstraße,weekly_market,Nestorstraße,10709,Charlottenburg-Wilmersdorf,0407,11004004,See website,"Tu,Fr 08:00-13:00",Not specified,Not available,Not available,Not specified,52.4957781,13.2997086,OSM,None
FM112,Wochenmarkt am Mexikoplatz,weekly_market,Beerenstraße,14163,Steglitz-Zehlendorf,0604,11006006,See website,Sa 09:00-15:00,Not specified,Not available,Not available,Not specified,52.4374709,13.2326305,OSM,None
FM113,Street Food Markt Berlin,weekly_market,Sredzkistraße,10435,Pankow,0301,11003003,See website,Jan 14-Nov 11: Su 12:00-18:00,Not specified,Not available,Not available,Not specified,52.538871,13.4132482,OSM,None
FM114,Bauernmarkt,weekly_market,Seelower Straße,10439,Pankow,0301,11003003,See website,Sa 10:00-16:00,Not specified,Not available,https://bbm-maerkte.de/bauernmarkt-seelower-strasse/,Not specified,52.5503942,13.4102372,OSM,None
FM115,Trödelmarkt John-F.-Kennedy-Platz,weekly_market,John-F.-Kennedy-Platz,10825,Tempelhof-Schöneberg,0701,11007007,See website,"Sa,Su 08:00-16:00",Not specified,Not available,Not available,Not specified,52.4849195,13.3446676,OSM,None
FM116,Antikmarkt am Ostbahnhof,weekly_market,Erich-Steinfurth-Straße,10243,Friedrichshain-Kreuzberg,0201,11002002,See website,Su 09:00-17:00,Not specified,Not available,Not available,Not specified,52.5108583,13.4357968,OSM,None
FM117,Thaipark,weekly_market,Württembergische Straße,10707,Charlottenburg-Wilmersdorf,0402,11004004,See website,"Apr-Sep: Sa,Su 11:00-21:00",Not specified,Not available,Not available,Not specified,52.4920594,13.3146687,OSM,None
FM118,Schloßplatz,weekly_market,Schloßplatz,12555,Treptow-Köpenick,0910,11009009,See website,"Tu,Th 08:30-17:00",Not specified,Not available,https://www.in-berlin-brandenburg.com/Einkaufen_Berlin/Wochenmaerkte/Treptow-Koepenick/,Not specified,52.4446594,13.5746778,OSM,None
FM119,Marktplatz Adlershof,weekly_market,Marktplatz,12489,Treptow-Köpenick,0907,11009009,See website,"We,Th 09:00-17:00",Not specified,Not available,https://www.markt-verzeichnis-bb.de/region/12/treptow-koepenick,Not specified,52.4378995,13.5473582,OSM,None
FM120,Wochenmarkt am Barnimplatz,weekly_market,Barnimplatz,12689,Marzahn-Hellersdorf,1001,11010010,See website,See website,Not specified,Not available,Not available,Not specified,52.5675691,13.5732825,OSM,None
FM121,Foodfactory,food_court,Washingtonplatz 3,10557,Mitte,0102,11001001,See website,"PH,Mo-Su 08:00-20:30",Not specified,Not available,https://www.foodfactory-home.de/,Not specified,52.5236906,13.3690788,OSM,None
FM122,Ökomarkt an der Heilandskirche,weekly_market,Thusnelda-Allee,10555,Mitte,0102,11001001,See website,We 12:00-18:30,Not specified,Not available,Not available,Not specified,52.526076,13.3393479,OSM,None
FM123,RAW-Flohmarkt,weekly_market,Revaler Straße,10245,Friedrichshain-Kreuzberg,0201,11002002,See website,Su 08:00-17:00,Not specified,Not available,Not available,Not specified,52.5077303,13.4533672,OSM,None
FM124,Trödelmarkt Spandau,weekly_market,Am Juliusturm,13599,Spandau,0502,11005005,See website,Su 10:00-18:00,Not specified,Not available,Not available,Not specified,52.5378477,13.2152229,OSM,None
FM125,Antik- und Trödelmarkt Goerzallee,weekly_market,Goerzallee,14167,Steglitz-Zehlendorf,0602,11006006,See website,Su 06:00-16:00,Not specified,Not available,Not available,Not specified,52.4176783,13.2877921,OSM,None
FM126,Trödelmarkt Hermann-Ehlers-Platz,weekly_market,Albrechtstraße,12165,Steglitz-Zehlendorf,0601,11006006,See website,Su 08:00-16:00,Not specified,Not available,Not available,Not specified,52.4568736,13.3217445,OSM,None
FM127,Flohmarkt Mecklenburgische Straße,weekly_market,Mecklenburgische Straße,14197,Charlottenburg-Wilmersdorf,0402,11004004,See website,Su 08:00-16:00,Not specified,Not available,Not available,Not specified,52.4736825,13.3013181,OSM,None
FM128,Flohmarkt am Fehrbelliner Platz,weekly_market,Fehrbelliner Platz,10707,Charlottenburg-Wilmersdorf,0402,11004004,See website,"Sa,Su 10:00-16:00",Not specified,Not available,Not available,Not specified,52.4909435,13.3141436,OSM,None
FM129,Flohmarkt in der Mierendorfstraße,weekly_market,Nordhauser Straße,10589,Charlottenburg-Wilmersdorf,0401,11004004,See website,See website,Not specified,Not available,Not available,Not specified,52.5248092,13.3036302,OSM,None
FM130,Flohmarkt Wittenau,weekly_market,Wilhelmsruher Damm,13435,Reinickendorf,1209,11012012,See website,See website,Not specified,Not available,Not available,Not specified,52.5952608,13.3342994,OSM,None
FM131,Flohmarkt Marienfelde,weekly_market,Wilhelm-von-Siemens-Straße,12277,Tempelhof-Schöneberg,0704,11007007,See website,Su 09:00-15:00,Not specified,Not available,Not available,Not specified,52.4304169,13.377544,OSM,None
FM132,Trödelmarkt am Marheinekeplatz in der Bergmannstraße,weekly_market,Marheinekeplatz,10961,Friedrichshain-Kreuzberg,0202,11002002,See website,Su 11:00-17:00; Sa 10:00-16:00,Not specified,Not available,Not available,Not specified,52.4891534,13.3957331,OSM,None
FM133,Kunstmarkt am Zeughaus,weekly_market,Hinter dem Zeughaus,10117,Mitte,0101,11001001,See website,Su 11:00-17:00,Not specified,Not available,Not available,Not specified,52.5186418,13.397574,OSM,None
FM134,Acud Flohmarkt,weekly_market,Veteranenstraße,10119,Mitte,0101,11001001,See website,See website,Not specified,Not available,Not available,Not specified,52.5329956,13.4013758,OSM,None
FM135,Lübarser Dorfmarkt,weekly_market,Alt-Lübars,13469,Reinickendorf,1208,11012012,See website,Su 11:00-18:00,Not specified,Not available,Not available,Not specified,52.6209233,13.3583949,OSM,None
FM136,Hackescher Markt,weekly_market,Hackescher Markt 4,10178,Mitte,0101,11001001,See website,"Th,Sa 09:00-18:00",Not specified,Not available,Not available,Not specified,52.5231603,13.4027781,OSM,None
FM137,Wochenmarkt Helmholtzplatz,weekly_market,Lychener Straße,10437,Pankow,0301,11003003,See website,Sa 09:00-16:00,Not specified,Not available,Not available,Not specified,52.5435956,13.4173724,OSM,None
FM138,Subaermarkt,weekly_market,Schnellerstraße 137,12439,Treptow-Köpenick,0905,11009009,See website,Sa 12:00-18:00,Not specified,Not available,https://reviersuedost.de/subaermarkt,Not specified,52.4606246,13.508975,OSM,None
FM139,Wochenmarkt am Hohenzollernplatz,weekly_market,Hohenzollernplatz,10717,Charlottenburg-Wilmersdorf,0402,11004004,See website,"We, Sa 08:00-13:00",Not specified,Not available,https://www.wochenmarkt-deutschland.de/maerkte/berlin/hohenzollernplatz/,Not specified,52.4943512,13.3262265,OSM,None
FM140,Winterfeldmarkt,weekly_market,Gleditschstraße,10781,Tempelhof-Schöneberg,0701,11007007,See website,We 08:00-14:00; Sa 08:00-16:00,Not specified,Not available,Not available,Not specified,52.4965172,13.354378,OSM,None
FM141,Ökomarkt am Nordbahnhof,weekly_market,Elisabeth-Schwarzhaupt-Platz 1,10115,Mitte,0101,11001001,See website,We 11:00-18:00,Not specified,Not available,Not available,Not specified,52.5320019,13.38734,OSM,None
FM142,Manifesto,food_court,Alte Potsdamer Straße 7,10785,Mitte,0104,11001001,See website,"Mo-Th,Su 11:00-22:00; Fr-Sa 11:00-24:00",Not specified,Not available,https://www.manifestomarket.com/berlin/potsdamer-platz/de/,Not specified,52.5074713,13.3736934,OSM,None
FM143,Ökomarkt am Südstern,weekly_market,Blücherstraße,10961,Friedrichshain-Kreuzberg,0202,11002002,See website,Sa 10:00-16:00; PH off,Not specified,Not available,Not available,Not specified,52.4896901,13.406541,OSM,None
FM144,Mensa OSZ,food_court,Lippstädter Straße 9-11,12207,Steglitz-Zehlendorf,0602,11006006,See website,See website,Not specified,Not available,Not available,Not specified,52.4115603,13.305507,OSM,None
FM145,Streetfood-Markt Berlin Ostbahnhof,weekly_market,Lange Straße,10243,Friedrichshain-Kreuzberg,0201,11002002,See website,See website,Not specified,Not available,Not available,Not specified,52.5117241,13.4348277,OSM,None
FM146,Wilhelmsmarkt,weekly_market,Goethestraße 2,13158,Pankow,0313,11003003,See website,Sa 09:00-14:00,Not specified,Not available,https://wilhelmsmarkt.de/,Not specified,52.5874176,13.3673925,OSM,None
FM147,Europacity Vibes,food_court,Invalidenstraße,10557,Mitte,0102,11001001,See website,See website,Not specified,Not available,https://www.europacity-vibes.de/,Not specified,52.5268508,13.3692747,OSM,None
FM148,Wochenmarkt Antonplatz,weekly_market,Berliner Allee,13088,Pankow,0302,11003003,See website,"Tu,Fr 09:00-18:00; PH off",Not specified,Not available,Not available,Not specified,52.5486283,13.4509978,OSM,None
FM149,Kerb Food Hall,food_court,Potsdamer Straße 2,10785,Mitte,0104,11001001,See website,"Mo-Th,Su 11:30-23:00; Fr-Sa 11:30-24:00",Not specified,Not available,https://kerbberlin.de/,Not specified,52.5099868,13.3727933,OSM,None
FM150,Wochenmarkt Schnellerstraße,weekly_market,Schnellerstraße,12439,Treptow-Köpenick,0905,11009009,See website,Th 08:00-16:00,Not specified,Not available,https://www.in-berlin-brandenburg.com/Einkaufen_Berlin/Wochenmaerkte/Treptow-Koepenick/,Not specified,52.4563196,13.5104469,OSM,None
FM151,Open Air Market,weekly_market,Maybachufer,12047,Neukölln,0801,11008008,See website,"Tu,Fr 11:00-18:00",Not specified,Not available,Not available,Not specified,52.4956143,13.4213548,OSM,None
FM152,Wochenmarkt Karlshorst,weekly_market,Odesaplatz,10318,Lichtenberg,1102,11011011,See website,Tu+Fr 8:00-17-00,Not specified,Not available,Not available,Not specified,52.4825781,13.5260097,OSM,None
FM153,Marktschwärmer Köpenick,weekly_market,Lindenstraße 2-4,12555,Treptow-Köpenick,0910,11009009,See website,Wed 17:00-18:30,Not specified,Not available,https://marktschwaermer.de/de-DE/assemblies/10997,Not specified,52.4520235,13.5708626,OSM,None
FM154,Marktschwärmer Adlershof,weekly_market,Volmerstraße 1,12489,Treptow-Köpenick,0907,11009009,See website,Thu 17:00-18:00,Not specified,Not available,https://marktschwaermer.de/de-DE/assemblies/11998,Not specified,52.4311793,13.5351548,OSM,None
FM155,Marktschwärmer Johannisthal,weekly_market,Sterndamm 102,12487,Treptow-Köpenick,0904,11009009,See website,Thu 18:30-19:30,Not specified,Not available,https://marktschwaermer.de/de-DE/assemblies/14010,Not specified,52.443713,13.5019088,OSM,None
FM156,Marktschwärmer Karlshorst,weekly_market,Treskowallee 159,10318,Lichtenberg,1102,11011011,See website,Wed 17:00-18:00,Not specified,Not available,https://marktschwaermer.de/de-DE/assemblies/13129,Not specified,52.4753233,13.522431,OSM,None
FM157,Marktschwärmer Kreuzberg - Paul-Lincke-Ufer,weekly_market,Paul-Lincke-Ufer 21,10999,Friedrichshain-Kreuzberg,0202,11002002,See website,Tue 18:30-19:30,Not specified,Not available,https://marktschwaermer.de/de-DE/assemblies/12660,Not specified,52.4938626,13.4294386,OSM,None
FM158,Kalle Halle,food_court,Karl-Marx-Straße 101,12043,Neukölln,0801,11008008,See website,Mo-Sa 12:00-22:00,Not specified,Not available,https://kallehalle.com,Not specified,52.4795552,13.4382367,OSM,None
FM159,Arminiusmarkthalle,weekly_market,Arminiusstraße 2-4,10551,Mitte,0102,11001001,See website,"Mo-Sa 08:00-22:00; Su,PH off",Not specified,Not available,https://arminiusmarkthalle.com/,Not specified,52.5278314,13.338592,OSM,None
FM160,Wochenmarkt Altstadt Spandau,weekly_market,Markt 2-3,13597,Spandau,0501,11005005,See website,See website,Not specified,Not available,Not available,Not specified,52.5371417,13.2044727,OSM,None
FM161,Städtischer Wochenmarkt Mierendorffplatz,weekly_market,Mierendorffplatz,10589,Charlottenburg-Wilmersdorf,0401,11004004,See website,"We, Sa 06:00-15:00",Not specified,Not available,Not available,Not specified,52.5251717,13.3043083,OSM,None
FM162,Wochenmarkt Eberbacher Straße / Rüdesheimer Platz,weekly_market,Pflaumenweg,14197,Charlottenburg-Wilmersdorf,0402,11004004,See website,"Tu,Fr 08:00-13:00",Not specified,Not available,Not available,Not specified,52.4732032,13.3113316,OSM,None
FM163,Crellemarkt,weekly_market,Willmanndamm,10827,Tempelhof-Schöneberg,0701,11007007,See website,We 06:00-15:00; Sa 06:00-15:00,Not specified,Not available,Not available,Not specified,52.4908428,13.3656444,OSM,None
FM164,Kantine,food_court,Köpenicker Chaussee,10317,Lichtenberg,1112,11011011,See website,See website,Not specified,Not available,Not available,Not specified,52.488223,13.4975874,OSM,None
FM165,Marheineke Markthalle,weekly_market,Marheinekeplatz 15,10961,Friedrichshain-Kreuzberg,0202,11002002,See website,Mo-Fr 08:00-20:00; Sa 08:00-18:00,Not specified,Not available,https://meine-markthalle.de/,Not specified,52.4892913,13.3946855,OSM,None
FM166,Der Original Berliner Trödelmarkt,weekly_market,Straße des 17. Juni,10623,Charlottenburg-Wilmersdorf,0401,11004004,See website,"Sa,Su 07:00-19:00",Not specified,Not available,http://berlinertroedelmarkt.com/,Not specified,52.5136686,13.3334234,OSM,None
FM167,Station Food,food_court,Eingangsebene,10557,Mitte,0102,11001001,See website,See website,Not specified,Not available,https://www.einkaufsbahnhof.de/berlin-hauptbahnhof/,Not specified,52.5245984,13.3690304,OSM,None
FM168,Wochenmarkt Kolberger Platz,weekly_market,Reichenhaller Straße,14199,Charlottenburg-Wilmersdorf,0403,11004004,See website,"We 6:00-15:00, Sa 6:00-15:00",Not specified,Not available,Not available,Not specified,52.4772424,13.2910679,OSM,None
FM169,HansaMarkt - Trödelmarkt Weißensee,weekly_market,Hansastraße 188,13088,Pankow,0302,11003003,See website,Su 09:00-16:00,Not specified,Not available,https://www.hansamarkt.de/,Not specified,52.5555009,13.4857204,OSM,None
FM170,Antik & Buchmarkt am Bodemuseum,weekly_market,Am Kupfergraben 1,10117,Mitte,0101,11001001,See website,"Sa-Su,PH 11:00-17:00",Not specified,Not available,http://antik-buchmarkt.de/,Not specified,52.52154,13.3931865,OSM,None
FM171,Wochenmarkt Parchimer Allee,weekly_market,Parchimer Allee,12359,Neukölln,0802,11008008,See website,Fr 10:00-18:00,Not specified,Not available,https://www.diemarktplaner.de/parchimer-allee/,Not specified,52.4455878,13.4514266,OSM,None
FM172,Markt Schlachtensee,weekly_market,Matterhornstraße,14129,Steglitz-Zehlendorf,0604,11006006,See website,"Tu,Fr 08:00-14:00",Not specified,Not available,https://www.marktschlachtensee.de/,Not specified,52.4386066,13.216812,OSM,None
FM173,Wochenmarkt Bundesplatz,weekly_market,Bundesplatztunnel,10715,Charlottenburg-Wilmersdorf,0402,11004004,See website,"Mo,Th 08:00-13:00",Not specified,Not available,Not available,Not specified,52.4789732,13.3285446,OSM,None
FM174,Wochenmarkt Frohnau,weekly_market,Zeltinger Platz,13465,Reinickendorf,1205,11012012,See website,Th-Sa 08:00-13:00,Not specified,Not available,Not available,Not specified,52.632802,13.290317,OSM,None
FM175,Flohmarkt am Mauerpark,weekly_market,Bernauer Straße,13355,Mitte,0106,11001001,See website,Su 09:00-17:00,Not specified,Not available,http://www.flohmarktimmauerpark.de,Not specified,52.5413503,13.402312,OSM,None
FM176,Wochenmarkt Mariendorf,weekly_market,Mariendorfer Damm,12109,Tempelhof-Schöneberg,0704,11007007,See website,"We,Sa 08:00-13:00",Not specified,Not available,Not available,Not specified,52.4442265,13.3855448,OSM,None
FM177,Wochenmarkt Karl-August.Platz,weekly_market,Goethestraße,10625,Charlottenburg-Wilmersdorf,0401,11004004,See website,We 08:00-13:00; Sa 08:00-14:00,Not specified,Not available,Not available,Not specified,52.508361,13.3103879,OSM,None
FM178,Wochenmarkt auf dem Anton- Saefkow-Platz,weekly_market,Anton-Saefkow-Platz,10369,Lichtenberg,1111,11011011,See website,"Tu,Th 09:00-18:00",Not specified,Not available,Not available,Not specified,52.5291385,13.4709366,OSM,None
FM179,Wochenmarkt Roederplatz,weekly_market,Herzbergstraße,10367,Lichtenberg,1111,11011011,See website,"tu, fr 8:00-17:00",Not specified,Not available,Not available,Not specified,52.5269675,13.4803354,OSM,None
FM180,Moa Bistro,food_court,Perleberger Straße,10551,Mitte,0102,11001001,See website,See website,Not specified,Not available,Not available,Not specified,52.5275381,13.3441202,OSM,None
FM181,Wochenmarkt Boxhagener Platz,weekly_market,Grünberger Straße,10245,Friedrichshain-Kreuzberg,0201,11002002,See website,Sa 09:00-15:30,Not specified,Not available,http://boxhagenerplatz.org/,Not specified,52.5108149,13.4597041,OSM,None
FM182,Markthalle Neun,weekly_market,Eisenbahnstraße 42-43,10997,Friedrichshain-Kreuzberg,0202,11002002,See website,See website,Not specified,Not available,https://markthalleneun.de/,Not specified,52.5021685,13.4314938,OSM,None
