geometry,addr:city,addr:country,addr:housenumber,addr:postcode,addr:street,addr:suburb,contact:phone,contact:website,craft,name,tourism,fee,opening_hours,wheelchair,shop,check_date,contact:email,operator,name:de,name:en,name:nl,website,wikidata,source,lgbtq,lgbtq:men,phone,contact:facebook,check_date:currency:XBT,check_date:opening_hours,currency:XBT,facebook,instagram,music,note,payment:lightning,payment:lightning_contactless,payment:onchain,description,gallery,amenity,toilets:wheelchair,wikipedia,opening_hours:signed,fee:icom_member,payment:cash,payment:credit_cards,payment:debit_cards,payment:mastercard,payment:visa,toilets,contact:fax,level,office,designation,operator:type,wheelchair:description,surveillance,email,fax,image,mapillary,name:zh,wikimedia_commons,payment:cards,addr:place,reservation,internet_access,internet_access:fee,alt_name,loc_name,air_conditioning,start_date,opening_hours:covid19,fixme,wheelchair:description:de,wheelchair:description:en,owner,name:etymology,name:etymology:wikidata,language:de,language:en,language:fr,language:nn,contact:instagram,source_ref:url,phone:disabled,operator:wikidata,addr:floor,toilets:unisex,mobile,addr:housename,building,building:levels,heritage,heritage:operator,lda:criteria,ref:lda,roof:levels,roof:shape,building:use,colour,indoor,type,name:ko
POINT (13.5713419 52.4097499),Berlin,DE,6,12524,Richterstraße,Bohnsdorf,+49 30 6764261,http://achimkuehn.de/,sculptor,Atelier Achim Kühn,gallery,,,,,,,,,,,,,,,,,,,,,,,,,,,,,,,,,,,,,,,,,,,,,,,,,,,,,,,,,,,,,,,,,,,,,,,,,,,,,,,,,,,,,,,,,,,,,,
POINT (13.3136309 52.5031345),Berlin,DE,57,10629,Mommsenstraße,Charlottenburg,,http://www.galeriezandi.com/,,Galerie Zandi,gallery,no,Mo-Fr 11:00-18:00; Sa 11:00-16:00,no,,,,,,,,,,,,,,,,,,,,,,,,,,,,,,,,,,,,,,,,,,,,,,,,,,,,,,,,,,,,,,,,,,,,,,,,,,,,,,,,,,,,,,,,,,,
POINT (13.4274903 52.4933269),Berlin,DE,31,12047,Bürknerstraße,Neukölln,,,,Studio für Gestaltung,gallery,no,"Th,Fr 13:00-18:00; Sa 12:00-16:00",yes,beverages,,,,,,,,,,,,,,,,,,,,,,,,,,,,,,,,,,,,,,,,,,,,,,,,,,,,,,,,,,,,,,,,,,,,,,,,,,,,,,,,,,,,,,,,,,
POINT (13.4370565 52.4929136),,,,,,,,,,La Girafe,gallery,no,,no,,,,,,,,,,,,,,,,,,,,,,,,,,,,,,,,,,,,,,,,,,,,,,,,,,,,,,,,,,,,,,,,,,,,,,,,,,,,,,,,,,,,,,,,,,,
POINT (13.3753262 52.5550908),Berlin,DE,16,13357,Schwedenstraße,Gesundbrunnen,+491708089110,http://www.kronenboden.de/?page_id=10,,kronenboden,gallery,,,yes,,,,,,,,,,,,,,,,,,,,,,,,,,,,,,,,,,,,,,,,,,,,,,,,,,,,,,,,,,,,,,,,,,,,,,,,,,,,,,,,,,,,,,,,,,,
POINT (13.4322642 52.4700118),Berlin,DE,35,12051,Schierker Straße,Neukölln,+49 176 62885391,https://lunasol.berlin/de/,,Galería Lunasol,gallery,no,"Tu-Th 11:00-22:00; Fr,Sa 11:00-23:00",yes,,2024-06-27,info@lunasol.berlin,,,,,,,,,,,,,,,,,,,,,,,,,,,,,,,,,,,,,,,,,,,,,,,,,,,,,,,,,,,,,,,,,,,,,,,,,,,,,,,,,,,,,,,,
POINT (13.4198213 52.5123622),Berlin,DE,20,10179,Rungestraße,Mitte,,https://errantsound.net/,,Errant Sound,gallery,,,,,,,Errant Sound e.V.,,,,,,,,,,,,,,,,,,,,,,,,,,,,,,,,,,,,,,,,,,,,,,,,,,,,,,,,,,,,,,,,,,,,,,,,,,,,,,,,,,,,,,,
POINT (13.395823 52.518549),,,,,,,,,,Saarländische Galerie,gallery,,,,,,,,Saarländische Galerie,Saarlandish Gallery,Saarlandse Galerij,https://www.saarlaendische-galerie.eu/,Q1585567,,,,,,,,,,,,,,,,,,,,,,,,,,,,,,,,,,,,,,,,,,,,,,,,,,,,,,,,,,,,,,,,,,,,,,,,,,,,,,,,,,
POINT (13.4511428 52.5246551),,,,10249,,,,,,Atelier Freier Fotografen,gallery,no,"Sa,Su 15:00-18:00",no,,,,,,,,https://www.aff-galerie.de/,,,,,,,,,,,,,,,,,,,,,,,,,,,,,,,,,,,,,,,,,,,,,,,,,,,,,,,,,,,,,,,,,,,,,,,,,,,,,,,,,,,
POINT (13.4882868 52.5417097),Berlin,DE,99,13055,Konrad-Wolf-Straße,Alt-Hohenschönhausen,,,,,gallery,,,,,,,,,,,,,,,,,,,,,,,,,,,,,,,,,,,,,,,,,,,,,,,,,,,,,,,,,,,,,,,,,,,,,,,,,,,,,,,,,,,,,,,,,,,,,,
POINT (13.4006477 52.5307136),,,,,,,,,,Alex Xandaton,gallery,no,"""by appointment""",,,,,,,,,,,,,,,,,,,,,,,,,,,,,,,,,,,,,,,,,,,,,,,,,,,,,,,,,,,,,,,,,,,,,,,,,,,,,,,,,,,,,,,,,,,,
POINT (13.4090758 52.5463837),,,,,,,,,,Galerie Marinova,gallery,,,,,,,,,,,,,OpenStreetBugs,,,,,,,,,,,,,,,,,,,,,,,,,,,,,,,,,,,,,,,,,,,,,,,,,,,,,,,,,,,,,,,,,,,,,,,,,,,,,,,,,
POINT (13.3227384 52.4971248),Berlin,DE,45,10719,Pariser Straße,Wilmersdorf,,,,Galerie Janssen,gallery,no,Mo-Sa 11:00-19:00,,,2023-11-16,,,,,,http://galerie-janssen.de/index.html,,survey,primary,primary,+49 30 8811590,,,,,,,,,,,,,,,,,,,,,,,,,,,,,,,,,,,,,,,,,,,,,,,,,,,,,,,,,,,,,,,,,,,,,,,,,,,,,,
POINT (13.1459292 52.4165206),Berlin,DE,15a,14109,Chausseestraße,Wannsee,+49 30 805 2311,https://www.mutter-fourage.de/,,Galerie Mutter Fourage,gallery,,"Fr 14:00-18:00; Sa,Su 12:00-17:00",,,,galerie@mutter-fourage.de,,,,,,,,,,,https://www.facebook.com/Mutter-Fourage-1423187864620162/,,,,,,,,,,,,,,,,,,,,,,,,,,,,,,,,,,,,,,,,,,,,,,,,,,,,,,,,,,,,,,,,,,,,,,,,,,,,,
POINT (13.4428239 52.498742),Berlin,DE,37,10997,Falckensteinstraße,Kreuzberg,,,,Galerie Heba im Atelier,gallery,no,"Su 14:00-17:00; Mo,Tu 11:00-18:00; Fr,Sa 11:00-18:00",no,art,,,,,,,,,,,,,,,,,,,,,,,,,,,,,,,,,,,,,,,,,,,,,,,,,,,,,,,,,,,,,,,,,,,,,,,,,,,,,,,,,,,,,,,,,,
POINT (13.4671354 52.5109844),Berlin,DE,25,10247,Finowstraße,Friedrichshain,,,,Disconnect Art Gallery and Record Shop,gallery,no,Th-Sa 14:00-19:00; PH off,limited,music,2025-10-11,,,,,,https://disconnectberlin.wordpress.com/,,,,,+49 175 8703908,,2025-10-11,2025-10-11,yes,http://www.facebook.com/disconnectberlin,https://www.instagram.com/storedisconnect/,recorded,Art and music from other worlds,yes,no,yes,,,,,,,,,,,,,,,,,,,,,,,,,,,,,,,,,,,,,,,,,,,,,,,,,,,,,,,,,,,,,,,,,,,
POINT (13.4349684 52.4832652),Berlin,DE,56,12043,Fuldastraße,Neukölln,,http://www.galerie-walden.de/,,WK+,gallery,,Th-Sa 16:00-20:00,yes,,,info@galerie-walden.de,,,,,,,,,,,,,,,,,,,,,,,,,,,,,,,,,,,,,,,,,,,,,,,,,,,,,,,,,,,,,,,,,,,,,,,,,,,,,,,,,,,,,,,,
POINT (13.4726497 52.5094253),Berlin,DE,34,10247,Oderstraße,Friedrichshain,,http://rpunkt.org,,Raum für drastische Maßnahmen,gallery,no,"Th,Sa 17:00-20:00",,,,,,,,,,,,,,,,,,,,,,,,,,Raum für drastische Maßnahmen,,,,,,,,,,,,,,,,,,,,,,,,,,,,,,,,,,,,,,,,,,,,,,,,,,,,,,,,,,,,,,,,,,
POINT (13.4108887 52.5321702),Berlin,DE,18-19,10119,Christinenstraße,Prenzlauer Berg,+4930 282 70 15,http://www.aedes-arc.de/,,Aedes Gallery,gallery,no,"Tu-Fr 11:00-18:30; Su,Mo,PH 13:00-17:00",no,,2024-10-14,,,,,,,,,,,,,,2024-10-14,,,,,,,,,Architectural Gallery,,,,,,,,,,,,,,,,,,,,,,,,,,,,,,,,,,,,,,,,,,,,,,,,,,,,,,,,,,,,,,,,,,
POINT (13.3817978 52.5220437),Berlin,DE,26,10117,Marienstraße,Mitte,,,,Argus,gallery,,closed,,,,,,,,,,,,,,,,,,,,,,,,,,,photo,,,,,,,,,,,,,,,,,,,,,,,,,,,,,,,,,,,,,,,,,,,,,,,,,,,,,,,,,,,,,,,,,
POINT (13.4237552 52.5045518),,,,,,,,,,Kunstraum Kreuzberg/Bethanien,gallery,no,Mo-Su 10:00-20:00,yes,,,,,,,,https://kunstraumkreuzberg.de/,Q1310526,,,,,,,,,,,,,,,,,,arts_centre,yes,de:Kunstraum Kreuzberg/Bethanien,,,,,,,,,,,,,,,,,,,,,,,,,,,,,,,,,,,,,,,,,,,,,,,,,,,,,,,,,,,,,,
POINT (13.4450094 52.4805238),Berlin,DE,56,12059,Stuttgarter Straße,Neukölln,,,,WIRWiR,gallery,,,,,,,Dérive UG,,,,https://wirwir.org/,,,,,,,,,,,,,,,,,,,,,,,,,,,,,,,,,,,,,,,,,,,,,,,,,,,,,,,,,,,,,,,,,,,,,,,,,,,,,,,,,,,
POINT (13.3910542 52.5271436),Berlin,DE,119,10115,Linienstraße,Mitte,,,,Galerie Neu,gallery,,,,,,,,,,,https://galerieneu.net/,,,,,,,,,,,,,,,,,,,,,,,,,,,,,,,,,,,,,,,,,,,,,,,,,,,,,,,,,,,,,,,,,,,,,,,,,,,,,,,,,,,
POINT (13.3912329 52.5269012),Berlin,DE,145,10115,Linienstraße,Mitte,,,,Imago,gallery,,,,,,,,,,,,,,,,,,,,,,,,,,,,,photo,,,,,,,,,,,,,,,,,,,,,,,,,,,,,,,,,,,,,,,,,,,,,,,,,,,,,,,,,,,,,,,,,
POINT (13.4941506 52.5006344),,,,,,,,,,Atelier Lücki,gallery,no,,,,,,,,,,,,,,,,,,2024-07-22,,,,,,,,,,,,,,no,,,,,,,,,,,,,,,,,,,,,,,,,,,,,,,,,,,,,,,,,,,,,,,,,,,,,,,,,,,,,
POINT (13.3958993 52.5267289),Berlin,DE,19,10117,Auguststraße,Mitte,,,,Galerie Schwind,gallery,,,yes,,,,,,,,,,,,,,,,,,,,,,,,,Galerie für Kunst,,,,,,,,,,,,,,,,,,,,,,,,,,,,,,,,,,,,,,,,,,,,,,,,,,,,,,,,,,,,,,,,,,
POINT (13.3720386 52.52844),Berlin,DE,50-51,10557,Invalidenstraße,,,,,Hamburger Bahnhof - Nationalgalerie der Gegenwart,gallery,yes,"Tu-We,Fr 10:00-18:00; Th 10:00-20:00; Sa-Su 11:00-18:00",yes,,2024-11-16,,Staatliche Museen zu Berlin,,Hamburger Bahnhof - Museum for Contemporary Art,,https://www.smb.museum/museen-einrichtungen/hamburger-bahnhof/home/,Q584756,,,,+49 30 266 424 242,,,,,,,,,,,,,,,yes,de:Hamburger Bahnhof – Museum für Gegenwart,,no,yes,yes,yes,yes,yes,yes,,,,,,,,,,,,,,,,,,,,,,,,,,,,,,,,,,,,,,,,,,,,,,,,,,,,,,
POINT (13.3120475 52.4894924),Berlin,DE,176,10713,Hohenzollerndamm,Wilmersdorf,+49 30 9029-16704,http://www.kommunalegalerie-berlin.de/,,Kommunale Galerie Berlin,gallery,no,Tu-Fr 10:00-17:00;We 10:00-19:00; Su 11:00-17:00,yes,,2025-09-21,,,,,,,,,,,,,,,,,,,,,,,,,,,,,,,,,,,,+49 30 9029-16705,,,,,,,,,,,,,,,,,,,,,,,,,,,,,,,,,,,,,,,,,,,,,,,,,,,,,
POINT (13.4174861 52.4930141),,,,,,,,,,studio.w,gallery,no,,,,,,,,,,,,,,,,,,,,,,,,,,,,,,,,,,,,,,,,,,,,,,,,,,,,,,,,,,,,,,,,,,,,,,,,,,,,,,,,,,,,,,,,,,,,,
POINT (13.3932794 52.4902771),Berlin,DE,5,10961,Riemannstraße,Kreuzberg,,,,Kunsthaus Davidu Berlin,gallery,no,,,,,,,,,,,,,,,,,,2024-09-04,,,,,,,,,,,,,,no,,,,,,,,,,,,,,,,,,,,,,,,,,,,,,,,,,,,,,,,,,,,,,,,,,,,,,,,,,,,,
POINT (13.3135977 52.5020343),,,,,,,,,,G-allery,gallery,no,,,,,,,,,,,,,,,,,,,,,,,,,,,,,,,,,,,,,,,,,,,,,,,,,,,,,,,,,,,,,,,,,,,,,,,,,,,,,,,,,,,,,,,,,,,,,
POINT (13.4087336 52.5291203),,,61,,Torstraße,,,,,Reister Webdesign,gallery,no,,no,,2024-10-14,,,,,,http://www.reister.de,,,,,,,,2024-10-14,,,,,,,,,,,,,,no,,,,,,,,,0,advertising_agency,,,,,,,,,,,,,,,,,,,,,,,,,,,,,,,,,,,,,,,,,,,,,,,,,,,
POINT (13.3566353 52.4868225),Berlin,DE,18,10827,Hauptstraße,Schöneberg,,,,Chert Lüdde,gallery,,,,,,,,,,,https://chertluedde.com/,,,,,,,,,,,,,,,,,,,,,,,,,,,,,,,,,,,,,,,,,,,,,,,,,,,,,,,,,,,,,,,,,,,,,,,,,,,,,,,,,,,
POINT (13.3203744 52.5065979),Berlin,DE,,10623,Bleibtreustraße,Charlottenburg,,,,Einbildmalen,gallery,,,no,,2024-03-16,,,,,,,,,,,,,,,,,,,,,,,,,,,,,,,,,,,,,0,,,,,,,,,,,,,,,,,,,,,,,,,,,,,,,,,,,,,,,,,,,,,,,,,,,,
POINT (13.3188208 52.5039978),Berlin,DE,78,10629,Niebuhrstraße,Charlottenburg,,,,Only Photography,gallery,,,,,,,,,,,,,,,,,,,,,,,,,,,,,,,,,,,,,,,,,,,,,,,,,,,,,,,,,,,,,,,,,,,,,,,,,,,,,,,,,,,,,,,,,,,,,,
POINT (13.4401793 52.4777027),Berlin,DE,104,12043,Richardstraße,,,,,Galerie Olga Benario,gallery,no,"""by appointment""",,,,,,,,,https://www.galerie-olga-benario.de,,,,,,,,,,,,,,,,,Politische Galerie und Veranstaltungsort,,,,,,,,,,,,,,,,,,,,,,,,,,,,,,,,,,,,,,,,,,,,,,,,,,,,,,,,,,,,,,,,,,
POINT (13.3855346 52.5571599),Berlin,DE,29,13359,Prinzenallee,Gesundbrunnen,,,,okk - Organ kritischer Kunst,gallery,,,,,2023-12-24,,,,,,http://www.kritische-kunst.org,,,,,,,,,,,,,Organ kritischer Kunst,,,,,,,,,,,,,,,,,,,,Project Space,,,,,,,,,,,,,,,,,,,,,,,,,,,,,,,,,,,,,,,,,,,,,,,,,,
POINT (13.6093671 52.5361105),Berlin,DE,10,12627,Heidenauer Straße,Hellersdorf,,,,Die Kiste,gallery,,,,,,,Steinstatt e.V.,,,,https://www.kiste.net/,,,,,+49 30 9987481,,,,,,,,,,,,,,,,,,,,,,,,,,,,,,,,,,,,,,,,,,,,,,,,,,,,,,,,,,,,,,,,,,,,,,,,,,,,,,
POINT (13.3239833 52.5055658),Berlin,DE,147,10623,Kantstraße,Charlottenburg,,,,Robert Grunenberg,gallery,,,,,,,,,,,,,,,,,,,,,,,,,,,,,,,,,,,,,,,,,,,,,,,,,,,,,,,,,,,,,,,,,,,,,,,,,,,,,,,,,,,,,,,,,,,,,,
POINT (13.4517863 52.4733762),,,,,,,,,,bauchhund salonlabor,gallery,yes,Th 20:00+,no,,,,,,,,https://www.bauchhund.de/,,,,,+49 30 56 82 89 31,,,,,,,,,,,,,,,,,,,,,,,,,,,,,,,,,,,,,,,,,,,,,,,,,,,,,,,,,,,,,,,,,,,,,,,,,,,,,,
POINT (13.4405365 52.5532159),Berlin,DE,17,13086,Friesickestraße,Weißensee,,,,Kunstgießerei & Galerie Flierl,gallery,,,yes,,,,,,,,,,Geoportal Berlin / Hauskoordinaten,,,,,,,,,,,,,,,,,,,,,,,,,,,,,,,,,,,,,,,,,,,,,,,,,,,,,,,,,,,,,,,,,,,,,,,,,,,,,,,,,
POINT (13.4366053 52.4711895),Berlin,DE,8,12051,Schierker Straße,Neukölln,+49 30 56823939,https://www.berlin.de/kunst-und-kultur-neukoelln/kulturorte/galerie-im-koernerpark/,,Galerie im Körnerpark,gallery,no,"Mo-Su,PH 10:00-20:00; Dec 24-25 off; Dec 31-Jan 01 off",yes,,2023-08-05,galerien@bezirksamt-neukoelln.de,"Bezirksamt Neukölln, Fachbereich Kultur",,,,,,,,,,,,,,,,,,,,,,,,,,,,,,,,,,,-1,,,public,Zugang über Wittmannsdorfer Straße,,,,,,,,,,,,,,,,,,,,,,,,,,,,,,,,,,,,,,,,,,,,,,,,
POINT (13.4420943 52.5162346),,,,,,,,,,Projektraum,gallery,no,,yes,,,,,,,,,,,,,,,,,,,,,,,,,,,,yes,,,,,,,,,,,,,,,,,,,,,,,,,,,,,,,,,,,,,,,,,,,,,,,,,,,,,,,,,,,,,,,
POINT (13.4388651 52.5510653),Berlin,DE,90,13086,Streustraße,Weißensee,,,,Sexauer Gallery,gallery,,,yes,,,,Jan-Philipp Sexauer,,,,,,,,,,,,2023-06-17,,,,,,,,,,,,,,no,,,,,,,,,,,,,,,,,,,,,,,,,,,,,,,,,,,,,,,,,,,,,,,,,,,,,,,,,,,,,
POINT (13.3891789 52.5136844),,,,,,,,,,Kunstwerkstatt des russischen Hauses in Berlin,gallery,,,,,,,,,,,,,,,,,,,,,,,,,,,,,,,,,,,,,,,,,,,,,,,,,,,,,,,,,,,,,,,,,,,,,,,,,,,,,,,,,,,,,,,,,,,,,,
POINT (13.4204361 52.5031955),Berlin,DE,79,10997,Adalbertstraße,Kreuzberg,,http://www.galerie-zeitzone.de/,,Galerie Zeitzone,gallery,,,,,,,,,,,,,,,,,,,,,,,,,,,,,,,,,,,,,,,,,,,,,,,indoor,,,,,,,,,,,,,,,,,,,,,,,,,,,,,,,,,,,,,,,,,,,,,,,
POINT (13.3903538 52.506575),,,,,,,,,,,gallery,,,,,,,,,,,,,http://wiki.openstreetmap.org/wiki/Key:cuisine,,,,,,,,,,,,,,,,,,,,,,,,,,,,,,,,,,,,,,,,,,,,,,,,,,,,,,,,,,,,,,,,,,,,,,,,,,,,,,,,,
POINT (13.4608911 52.5159293),Berlin,DE,4,10247,Proskauer Straße,Friedrichshain,,,,ART SQUARE,gallery,no,,,,,,,,,,,,,,,,,,2025-05-08,,,,,,,,,,,,,,no,,,,,,,,,,,,,,,,,,,,,,,,,,,,,,,,,,,,,,,,,,,,,,,,,,,,,,,,,,,,,
POINT (13.4001846 52.4947067),Berlin,DE,22,10961,Tempelherrenstraße,Kreuzberg,+49 30 221609312,http://www.2gas-station.net/,,G.A.S-station,gallery,no,We-Fr 15:00-18:00,no,,,,,,,,,,,,,,,,,,,,,,,,,,,,,,,,,,,,,,,,,,,,,,,,,,,,,,,,,,,,,,,,,,,,,,,,,,,,,,,,,,,,,,,,,,,
POINT (13.3505106 52.5066964),,,,,,,,,,galerie georg nothelfer,gallery,no,,yes,,,,,,,,https://www.galerie-nothelfer.de/,Q1491915,,,,+493025759806,,,,,,,,,,,,,,,,,,,,,,,,,,,,,,,,nothelfer@galerie-nothelfer.de,+49308818610,,,,,,,,,,,,,,,,,,,,,,,,,,,,,,,,,,,,,,,,,,,,,
POINT (13.3613629 52.4948089),,,,,,,,,,Zwitschermaschine,gallery,,,limited,art,,,,,,,https://www.zwitschermaschine-berlin.de,,,,,,,,,,,,,,,,,,,,,,no,,,,,,,,,,,,,,,,,,,,,,,,,,,,,,,,,,,,,,,,,,,,,,,,,,,,,,,,,,,,,
POINT (13.3244289 52.5048932),Berlin,DE,149,10623,Kantstraße,Charlottenburg,+49 30 31007776,,,Camera Work Photogalerie,gallery,,Tu-Sa 11:00-18:00,,,,info@camerawork.de,,,,,https://camerawork.de,,,,,,,,,,,,,,,,,,,,,,,,,,,,,,,,,,,,,,,https://www.tg-berlin.de/fileadmin/_processed_/d/c/csm_Camera_Work_Aussenansicht_5920318c29.jpeg,551812409563742,,,,,,,,,,,,,,,,,,,,,,,,,,,,,,,,,,,,,,,,,,,
POINT (13.3647889 52.4925651),Berlin,DE,17,10783,Kulmer Straße,Schöneberg,,,,Noah Klink Gallery,gallery,,,,,,,,,,,http://www.noahklink.com,,,,,,,,,,,,,,,,,,,,,,,,,,,,,,,,,,,,,,,,,,,,,,,,,,,,,,,,,,,,,,,,,,,,,,,,,,,,,,,,,,,
POINT (13.3948218 52.5271636),Berlin,DE,69,10117,Auguststraße,Mitte,+49 30 2434590,https://www.kw-berlin.de/,,KW Institute for Contemporary Art,gallery,yes,Fr-Mo 12:00-19:00; Th 12:00-21:00; We 12:00-19:00,no,,2024-06-11,,,,,,,Q1792296,,,,,,,,,,,,,,,,,,,no,de:KW Institute for Contemporary Art,,,,,,,,,,,,,,,,,,,,柏林當代藝術中心,Category:Kunst-Werke Berlin,,,,,,,,,,,,,,,,,,,,,,,,,,,,,,,,,,,,,,,,,
POINT (13.3259855 52.5020607),,,,,,,,,,galerie burster,gallery,,,,,,,,,,,https://www.galerieburster.com/,,,,,,,,,,,,,,,,,,,,,,,,,,,,,,,,,,,,,,,,,,,,,,,,,,,,,,,,,,,,,,,,,,,,,,,,,,,,,,,,,,,
POINT (13.3218562 52.5038664),Berlin,DE,28,10623,Knesebeckstraße,,,http://www.africaartgallery.de/,,Africa Art Gallery,gallery,,,yes,,,,,,,,,,,,,,,,,,,,,,,,,,,,,,,,,,,,,,,,,,,,,,,,,,,,,,,,,,,,,,,,,,,,,,,,,,,,,,,,,,,,,,,,,,,
POINT (13.4009105 52.5007422),Berlin,DE,118,10969,Alexandrinenstraße,Kreuzberg,,https://www.koeniggalerie.com/,,König Galerie,gallery,no,Tu-Sa 11:00-18:00,,,,,,,,,,,,,,+49 30 26103080,,,,,,,,,,,,,,,,,no,,,,,,,,,,,,,,,,,,,,,,,,,,,,,,,,,,,,,,,,,,,,,,,,,,,,,,,,,,,,,
POINT (13.365917 52.5018909),Berlin,DE,77-87,10785,Potsdamer Straße,Tiergarten,,,,Max Hetzler,gallery,,,,,,,,,,,https://www.maxhetzler.com/,,,,,,,,,,,,,,,,,,,,,,,,,,,,,,,,,,,,,,,,,,,,,,,,,,,,,,,,,,,,,,,,,,,,,,,,,,,,,,,,,,,
POINT (13.3209826 52.5027037),Berlin,DE,71/72,10629,Mommsenstraße,Charlottenburg,,,,re|space,gallery,,Tu-Sa 10:00-18:00,,,,,,,,,,,,,,,,,,,,,,,,,,,,,,,,,,,,,,,,,,,,,,,,,,,,,,,,,,,,,,,,,,,,,,,,,,,,,,,,,,,,,,,,,,,,
POINT (13.3245457 52.5035587),,,,,,,,,,R+R Galerie,gallery,no,"Tu-Fr 10:00-19:00, Sa 10:00-16:00; Mo,Su,PH off",no,frame,2024-03-16,,,,,,https://r-r-galerie.de/,,,,,,,,,,,,,,,,,,,,,,,,,,,,,,,0,,,,,,,,,,,,,,,,,,,,,,,,,,,,,,,,,,,,,,,,,,,,,,,,,,,,
POINT (13.3962312 52.5292588),Berlin,DE,161,10115,Torstraße,Mitte,,,,Galerie Torstraße - Popup Shop,gallery,no,,no,,,,,,,,https://www.gopopup.com/de/space/berlin/pop-up-space-torstrasse-161,,,,,,,,,,,,,,,,,,,,no,,,,,,,,,,,,,,,,,,,,,,,,,,,,,,,,,,,,,,,,,,,,,,,,,,,,,,,,,,,,,,,
POINT (13.3206186 52.5084239),,,58,,Grolmanstraße,,,,,Galerie kajetan,gallery,,"Mo-Tu,Su,PH off; We-Sa 12:00-18:00",no,,2023-07-01,,Tobias Posselt,,,,https://www.kajetan.de,,,,,,,,,,,,,,,,,,,,,,,,,no,no,,,,,0,,,,,,,,,,,,no,,,,,,,,,,,,,,,,,,,,,,,,,,,,,,,,,,,,,,,,
POINT (13.305353 52.5148769),Berlin,DE,10,10585,Thrasoltstraße,Charlottenburg,+49 30 3428379,,,Galerie Wigand,gallery,,,,,,,,,,,http://www.galerie-wigand.com/,,,,,,,,,,,,,,,,,,,,,,,,,,,,,,,,,,,,,,,,,,,,,,,,,,,,,,,,,,,,,,,,,,,,,,,,,,,,,,,,,,,
POINT (13.379524 52.560054),,,,,,,,,,Made in Wedding,gallery,,,,,2025-02-12,,,,,,http://made-in-wedding.de,,,,,,,,,,,,,,,,,,,,,,,,,,,,,,,,,,,,,,,,,,,,,,,,,,,,,,,,,,,,,,,,,,,,,,,,,,,,,,,,,,,
POINT (13.3795606 52.5601093),,,,,,,,,,toolbox Gallery,gallery,no,,,,2025-02-12,,,,,,,,,,,,,,,,,,,,,,,,,,,,,,,,,,,,,,,,,,,,,,,,,,,,,,,,,,,,,,,,,,,,,,,,,,,,,,,,,,,,,,,,,
POINT (13.4092451 52.5330823),,,,,,,,,,Atelier Sam Grigorian,gallery,no,,no,,2024-07-15,,Sam Grigorian,,,,http://www.samgrigorian.de,,,,,+49 174 3282433,,,,,,,,,,,,,,,,,no,,,,,,,,,,,,,,,samgrigorian@gmx.de,,,,,,,,,,,,,,,,,,,,,,,,,,,,,,,,,,,,,,,,,,,,,,
POINT (13.4091883 52.5152477),,,,,,,,,,Rath Factory,gallery,,,,,,,,,,,,,,,,,https://www.facebook.com/rathfactory/,,,,,,,,,,,,,,,,,,,,,,,,,,,,,,,,,,,,,,,,,,,,,,,,,,,,,,,,,,,,,,,,,,,,,,,,,,,,,
POINT (13.3944625 52.5264157),,,,,,,,,,The Kennedys,gallery,,,no,,,,,,,,https://www.thekennedys.de/,,,,,,,,,,,,,,,,,,,,,,,,,,,,,,,,,,,,,,,,,,,,,,,,,,,,,,,,,,,,,,,,,,,,,,,,,,,,,,,,,,,
POINT (13.4484701 52.5084047),,,1,10243,,,,,,Fotogalerie Friedrichshain,gallery,no,Tu-Sa 14:00-18:00; Th 10:00-20:00,yes,,2024-07-02,,,,,,https://fotogalerie.berlin/,,,,,+49 30 2961684,https://www.facebook.com/fotogaleriefriedrichshain/,,,,,,,,,,,,,,,,,,,,,,,,,,,,,,,fotogalerie@kulturring.org,,,,,,,Helsingforser Platz,,,,,,,,,,,,,,,,,,,,,,,,,,,,,,,,,,,,,,,
POINT (13.38404 52.523509),,,,,,,,,,Sammlung Boros,gallery,yes,Fr-Su 10:30-19:30,limited,,2023-07-03,,,,,,https://www.sammlung-boros.de/,Q15126890,,,,+49 30 240833300,,,,,,,,,,,,,,,no,de:Sammlung Boros,,,,,,,,,,,,,,,,,,,,,,,,required,,,,,,,,,,,,,,,,,,,,,,,,,,,,,,,,,,,,,,
POINT (13.3994517 52.5289959),Berlin,DE,83A,10119,Linienstraße,Mitte,,,,Linien83a Atelier Patricia Dreyfus,gallery,,,no,,2025-10-07,,,,,,,,,,,,,,,,,,,,,,,,,,,,,,,,,,,,,,,,,,,,,,,,,,,,,,,,,,,,,,,,,,,,,,,,,,,,,,,,,,,,,,,,,
POINT (13.3952512 52.5280088),Berlin,DE,161,10115,Linienstraße,Mitte,,,,HVW8,gallery,,,no,,2025-04-19,,,,,,,,,,,,,,,,,,,,,,,,,,,,,,,,,,,,,,,,,,,,,,,,,,,,,,,,,,,,,,,,,,,,,,,,,,,,,,,,,,,,,,,,,
POINT (13.391896 52.5273012),Berlin,DE,116,10115,Linienstraße,Mitte,,,,Jarvis Dooney,gallery,,,,,,,,,,,http://www.jarvisdooney.com/,,,,,,,,,,,,,,,,,,,,,,,,,,,,,,,,,,,,,,,,,,,,,,,,,,,,,,,,,,,,,,,,,,,,,,,,,,,,,,,,,,,
POINT (13.3944783 52.5277836),Berlin,DE,158,10115,Linienstraße,Mitte,,,,Kuckei + Kuckei,gallery,,,,,,,,,,,https://www.kuckei-kuckei.de/,,,,,,,,,,,,,,,,,,,,,,,,,,,,,,,,,,,,,,,,,,,,,,,,,,,,,,,,,,,,,,,,,,,,,,,,,,,,,,,,,,,
POINT (13.3920137 52.5271057),Berlin,DE,148,10115,Linienstraße,Mitte,,,,Martin Mertens,gallery,,,no,,,,,,,,https://martinmertens.com/,,,,,,,,,,,,,,,,,,,,,,,,,,,,,,,,,,,,,,,,,,,,,,,,,,,,,,,,,,,,,,,,,,,,,,,,,,,,,,,,,,,
POINT (13.3918812 52.5270755),Berlin,DE,148,10115,Linienstraße,Mitte,,,,Rasche Ripken,gallery,,,no,,,,,,,,https://www.rasche-ripken.de/,,,,,,,,,,,,,,,,,,,,,,,,,,,,,,,,,,,,,,,,,,,,,,,,,,,,,,,,,,,,,,,,,,,,,,,,,,,,,,,,,,,
POINT (13.3964194 52.526834),,,22,10117,Auguststraße,,,,,Jordan Seydoux,gallery,no,Tu-Sa 12:00-18:00,no,,,,,,,,https://www.jordan-seydoux.com/,,,,,+49 30 51736506,,,,,,,,,,,,,,,,,,,,,,,,,,,,,,,,galerie@jordan-seydoux.com,,,,,,,,,,,,,,,,,,,,,,,,,,,,,,,,,,,,,,,,,,,,,,
POINT (13.3154057 52.5020654),,,,,,,,,,Von Hirscheydt,gallery,no,,,,,,,,,,,,,,,,,,2024-09-03,,,,,,,,,,,,,,no,,,,,,,,,,,,,,,,,,,,,,,,,,,,,,,,,,,,,,,,,,,,,,,,,,,,,,,,,,,,,
POINT (13.3707092 52.5447307),Berlin,DE,17,13347,Reinickendorfer Straße,Gesundbrunnen,,https://savvy-contemporary.com/,,Savvy Contemporary,gallery,no,Th-Su 14:00-19:00,yes,,2025-06-27,,,,,,,,,,,,,,2025-06-27,,,,,,,,,,,,,,,,,,,,,,,0,,,,,,,,,,,,,,,,,,,,,,,,,,,,,,,,,,,,,,,,,,,,,,,,,,,,
POINT (13.4420426 52.5167018),Berlin,,96,10243,Karl-Marx-Allee,,,,,Architektur Galerie Berlin XXV,gallery,no,,,,,,,,,,,,,,,,,,,,,,,,,,,,,,,,,,,,,,,,,,,,,,,,,,,,,,,,,,,,,,,,,,,,,,,,,,,,,,,,,,,,,,,,,,,,,
POINT (13.3077018 52.5096614),Berlin,DE,7,10627,Sesenheimer Straße,Charlottenburg,,https://urbanartkids.com/,,Urban Art Kids,gallery,no,"Tu-Fr 16:00-18:00; Sa 11:00-14:00; Su,Mo off",,,,info@urbanartkids.com,Astrid Bassler,,,,,,,,,,,,2025-06-25,,,,,,,,,"Galerie speziell für Kinder; Kunstdrucke, Poster, internationale Kinderbücher, regelmäßige Workshops",,,,,,,,,,,,,,,,,,,,,,,,,,,,,,,,,,,,,,,,,,,,,,,,,,,,,,,,,,,,,,,,,,
POINT (13.3283478 52.5290451),Berlin,DE,66,10553,Beusselstraße,Moabit,+49 30 2835345,https://www.galeriefricke.de/,,Galerie M + R Fricke,gallery,no,Tu-Fr 11:00-18:00; Sa 12:00-17:00,no,,,,,,,,,,,,,,,,,,,,,,,,,,,,,,,,,,,,,,+49 30 2858919,,,,,,,,,,,,,,,,,,,,,,,,,,,,,,,,,,,,,,,,,,,,,,,,,,,,,
POINT (13.36739 52.5053398),Berlin,DE,58,10785,Potsdamer Straße,Tiergarten,,https://galerie-born.de,,Galerie Born,gallery,,Tu-Sa 11:00-18:00,limited,,,info@galerie-born.de,Matthias Fuhrmann,,,,,,,,,,,,,,,,,,,,,,,,,,,,,,,,,,,,,,,,,,,,,,,,,,wlan,no,,,,,,,,,,,,,,,,,,,,,,,,,,,,,,,,,,,,
POINT (13.367117 52.5056254),,,,,,,,,,House of Egorn,gallery,,,,,,,,,,,http://www.houseofegorn.com/,,,,,,,,,,,,,,,,,,,,,,,,,,,,,,,,,,,,,,,,,,,,,,,,,,,,,,,,,,,,,,,,,,,,,,,,,,,,,,,,,,,
POINT (13.3662054 52.5056639),,,,,,,,,,Verein Berliner Künstler,gallery,no,"Tu-Fr 15:00-19:00; Sa,Su 14:00-18:00",,,,,,,,,https://www.vbk-art.de/,,,,,,,,,,,,,,,,,,,,,,,,,,,,,,,,,,,,,,,,,,,,,,,,,,,,,,,,,,,,,,,,,,,,,,,,,,,,,,,,,,,
POINT (13.4071279 52.5031351),Berlin,DE,30-35,10969,Lobeckstraße,Kreuzberg,,,,Schau Fenster,gallery,no,,,,,,,,,,https://dasarty.com/schaufenster/,,,,,,,,2025-08-21,,,,,,,,,,,,,,no,,,,,,,,,,,,,,,,,,,,,,,,,,Schaufenster,,,,,,,,,,,,,,,,,,,,,,,,,,,,,,,,,,,
POINT (13.413786 52.5026724),Berlin,,161,10969,Oranienstraße,,,,,daad Galerie,gallery,,,,,,,,,,,http://www.daadgalerie.de/,,,,,+49 30 69807607,,,,,,,,,,,,,,,,,,,,,,,,,,,,,,,,,,,,,,,,,,,,,,,,,,,,,,,,,,,,,,,,,,,,,,,,,,,,,,
POINT (13.4199898 52.4915153),,,,,,,,,,MOEON,gallery,no,,no,,,,,,,,,,,,,,,,,,,,,,,,,,,,,,,,,,,,,,,,,,,,,,,,,,,,,,,,,,,,,,,,,,,,,,,,,,,,,,,,,,,,,,,,,,,
POINT (13.4099077 52.5029246),,,,,,,,,,Imago,gallery,no,Mo-Sa 11:00-19:00,yes,photo,,,,,,,https://www.imagocamera.com/,,,,,,,,2024-02-08,,,,,,,,,,,,,,,,,,,,,,,,,,,,,,,,,,,,,,,,,,,,,,,,,,,,,,,,,,,,,,,,,,,,,,,,,,,
POINT (13.4123477 52.5276077),,,23,,Linienstraße,,,,,Dittrich & Schlechtriem,gallery,no,We-Sa 11:00-18:00,yes,,2025-08-08,,,,,,,,,,,,,,2025-08-08,,,,,,,,,,,,,,,,,,,,,,,,,,,,,,,,,,,,,,,,,,,,,,,,,,,,,,,,,,,,,,,,,,,,,,,,,,,
POINT (13.3967165 52.5662932),,,,,,,+49 30 81 40 11 51,,,Wolf & Galentz,gallery,no,"Mo 17:30-21:30; Su 14:30-17:30 || ""nach Vereinbarung""",no,,2025-07-13,mail@wolf-galentz.de,,,,,https://wolf-galentz.de/,,,,,,,,,,,,,,,,,,,,,,,,,,,,,,,,,,,,,,,,,,,,,,,,,,,,,,,,,,,,,,,,,,,,,,,,,,,,,,,,,,,
POINT (13.402228 52.5694131),Berlin,DE,23,13187,Breite Straße,Pankow,,,,Galerie Amalienpark,gallery,no,Tu-Fr 14:00-19:00; Sa 12:00-17:00,limited,,,,,,,,,,,,,,,,2025-05-06,,,,,,,,,,,,,,,,,,,,,,,,,,,,,,,,,,,,,,,,,,,,,,,,,,,,,,,,,,,,,,,,,,,,,,,,,,,
POINT (13.3305783 52.5262483),,,,,,,,,,bäckerei moabit,gallery,no,Fr-Sa 13:00-18:00,limited,,,,,,,,https://www.baeckerei-moabit.de/,,,,,,,,2024-10-11,,,,,,,,,,,,,,no,,,,,,,,,,,,,,,,,,,,,,,,,,,,,,,,,,,,,,,,,,,,,,,,,,,,,,,,,,,,,
POINT (13.4056912 52.5132156),Berlin,DE,19,10178,Gertraudenstraße,Mitte,,http://www.galerie-dikmayer.de/,,Galerie Dikmayer,gallery,,,,,,,,,,,,,,,,,,,,,,,,,,,,,,,,,,,,,,,,,,,,,,,,,,,,,,,,,,,,,,,,,,,,,,,,,,,,,,,,,,,,,,,,,,,,,,
POINT (13.3212568 52.613956),Berlin,DE,11,13467,Alt-Hermsdorf,Hermsdorf,,https://aagaard-galerie.de/,,Aagaard-Galerie,gallery,,,,,,,Raija Freund,,,,,,,,,,,,,,,,,,,,,,,,,,,,,,,,,,,,,,,,,,,,,,,,,,,,,,,,,,,,,,,,,,,,,,,,,,,,,,,,,,,,,,,
POINT (13.4522163 52.5188379),,,,,,,,,,Inselgalerie,gallery,no,Tu-Fr 14:00-19:00; Sa 13:00-17:00,yes,,,,,,,,https://www.inselgalerie-berlin.de/,,,,,+49 30 28427050,,,2025-05-19,,,,,,,,,,,,,,,,,,,,,,,,,,,,,,,,,,,,,,,,,,,,,,,,,,,,,,,,,,,,,,,,,,,,,,,,,,,
POINT (13.3970004 52.4939207),Berlin,DE,6,10961,Mittenwalder Straße,Kreuzberg,,,,Pandora,gallery,no,"Tu-Th 14:00-18:00; Fr 14:00-20:00; Sa 14:00-22:00; Su,Mo off",no,juggling,2025-10-12,,,,,,,,,,,,,,2025-10-12,,,,,,,,,,,,,,,,,,,,,,,,,,,,,,,,,,,,,,,,,,,,,,,,,,,,,,,,,,,,,,,,,,,,,,,,,,,
POINT (13.4317629 52.4916083),,,,,,,,,,Atelier Lächeln des Lichts,gallery,,,,,,,,,,,,,,,,,,,,,,,,,,,,,,,,,,,,,,,,,,,,,,,,,,,,,,,,,,,,,,,,,,,,,,,,,,,,,,,,,,,,,,,,,,,,,,
POINT (13.4096091 52.5038331),,,,,,,,,,Galerie Kai Dikhas,gallery,no,Th-Sa 16:00-19:00,yes,,,,,,,,https://www.kaidikhas.com/,,,,,+49 30 34399309,,,2024-12-21,,,,,,,,,Gallery for Contemporary Art of Roma and Sinti in the AUFBAU HAUS,,,,,,,,,,,,,,,,,,,,info@kaidikhas.com,,,,,,,,,,,,,,,,,,,,,,,,,,,,,,,,,,,,,,,,,,,,,,
POINT (13.4480557 52.4771794),,,,,,,,,,oMo Artspace,gallery,,,,,2023-12-25,,,,,,,,,,,,,,,,,,,,,,,,,,,,,,,,,,,,,,,,,,,,,,,,,,,,,,,,,,,,,,,,,,,,,,,,,,,,,,,,,,,,,,,,,
POINT (13.3154058 52.5019264),,,,,,,,,,Hilleckes Gallery,gallery,no,,,,,,,,,,https://www.lesterberlin.de/,,,,,,,,,,,,,,,,,,,,,,,,,,,,,,,,,,,,,,,,,,,,,,,,,,,,,,,,,,,,,,,,,,,,,,,,,,,,,,,,,,,
POINT (13.3037675 52.5171797),,,,,,,,http://www.galerietheis.de/,,Galerie Theis,gallery,no,Mo 17:00-18:00; Tu-Sa 14:00-18:00,,,,,,,,,,,,,,,,,,,,,,,,,,zeitgenössische Keramik,,,,,,,,,,,,,,,,,,,,,,,,,,,,,,,,,,,,,,,,,,,,,,,,,,,,,,,,,,,,,,,,,,
POINT (13.4106201 52.5527979),,,,,,,,,,Blue Avantgarde,gallery,no,,,,,,,,,,,,,,,,,,,,,,,,,,,,,,,,no,,,,,,,,,,,,,,,,,,,,,,,,,,,,,,,,,,,,,,,,,,,,,,,,,,,,,,,,,,,,,
POINT (13.3970643 52.5242252),Berlin,DE,18,10178,Oranienburger Straße,Mitte,,,,Sprüth Magers,gallery,,Tu-Sa 10:00-18:00,,,,,,,,,https://www.spruethmagers.com/,,,,,,,,,,,,,,,,,,,,,,,,,,,,,,,,,,,,,,,,,,,,,,,,,,,,,,,,,,,,,,,,,,,,,,,,,,,,,,,,,,,
POINT (13.3642087 52.5010504),Berlin,,97,10785,Potsdamer Straße,,,,,Chert Lüdde,gallery,,,,,,,,,,,https://chertluedde.com/,,,,,,,,2024-12-12,,,,,,,,,,,,,,,,,,,,,,,,,,,,,,,,,,,,,,,,,,,,,,,,,,,,,,,,,,,,,,,,,,,,,,,,,,,
POINT (13.3943365 52.526314),,,,10117,,,,,,Salon Berlin,gallery,,,no,,,,Patricia Kamp / Burda,,,,https://www.museum-frieder-burda.de/de/salon-berlin,,,,,+49 30 24047404,,,,,,,,,,,,,,,,,,,,,,,,,,,,,,,,,,,,,,,,,,,,,,,,,,,,,,,,,,,,,,,,,,,,,,,,,,,,,,
POINT (13.4011627 52.5262162),,,21,10178,Sophienstraße,,,,,Sammlung Hoffmann,gallery,,,,,,,,,Collection Hoffmann,,https://sammlung-hoffmann.de/,,,,,+49 30 28499120,,,,,,,,,,,,,,,,,,,,,,,,,,,,,,,,,,,,,,,,,,,,,,,,,,,,,,,,,,,,,,,,,,,,,,,,,,,,,,
POINT (13.4011116 52.5690087),Berlin,,135,13187,Wollankstraße,Pankow,,,,Galerie Seelenkuss,gallery,,,,,,,,,,,,,,,,,,,,,,,,,,,,,,,,,,,,,,,,,,,,,,,,,,,,,,,,,,,,,,,,,,,,,,,,,,,,,,,,,,,,,,,,,,,,,,
POINT (13.364219 52.4881698),Berlin,,1,10829,Monumentenstraße,,,,,Photocircle,gallery,no,Mo-Fr 11:00-18:00; Sa 11:00-14:00,limited,,2022-11-14,,,,,,,,,,,,,,,,,,,,,,,,,,,,,,,,,,,,,0,,,,,,,,,,,,,,,,,,,,,,,,,,,,,,,,,,,,,,,,,,,,,,,,,,,,
POINT (13.3867337 52.5519354),,,9,,Grüntaler Straße,,,,,grüntaler9,gallery,,,,,,,,,,,http://www.gruentaler9.com,,,,,,,,2023-07-16,,,,,,,,,,,,,,no,,,,,,,,,,,,,,,,,,,,,,,,,,,,,,,,,,,,,,,,,,,,,,,,,,,,,,,,,,,,,
POINT (13.4516001 52.497163),Berlin,DE,3,12435,Am Flutgraben,Alt-Treptow,,http://www.alpha-nova-kulturwerkstatt.de/galerie/,,Galerie Futura,gallery,,,no,,,,Weibliche Visionen in Kultur Politik und Kunst e.V.,,,,,Q29015582,,,,,,,,,,,,,,,,,,,,de:Alpha nova & galerie futura,,,,,,,,,,,,,,,,,,,,,Category:Alpha nova & galerie futura,,,,,,,,,,,,,,,,,,,,,,,,,,,,,,,,,,,,,,,,,
POINT (13.3228522 52.5107327),Berlin,,1-2,10623,Knesebeckstraße,,,,,Bauhaus-Shop,gallery,no,Mo-Sa 10:00-18:00,limited,books,,,Bauhaus-Archiv GmbH,,,,https://www.bauhaus-shop.de/,,,,,,,,2024-03-15,,,,,"es ist primär ein Kunst-Shop und als Marketing-Instrument ein »Ort für Kooperationen, Veranstaltungen und Präsentationen« (Zitat von der Website). Es ist ein Ausstellungsraum mit der Bezeichnung »temporary bauhaus-archiv/museum für gestaltung«.",,,,,,,,,,,,,,,,,,,,,,,,,,,,,,,,,,,,,,,,,,,,,,,,,,,,,,,,,,,,,,,,,,,,,,
POINT (13.41187 52.5136681),,,,,,,,,,Hošek Contemporary,gallery,,,,,,,,,,,https://www.hosekcontemporary.com/,Q112610133,,,,+4915257486496,,,,,,,,"located on a boat, open for specific events",,,,,,,,en:Hošek Contemporary,,,,,,,,,,,,,,,,info@hosekcontemporary.com,,,,,,,,,,,,,,,,,,,,,,,,,,,,,,,,,,,,,,,,,,,,,,
POINT (13.4018335 52.5244794),Berlin,DE,39,10178,Rosenthaler Straße,Mitte,,http://monsterkabinett.de/,,Monsterkabinett,gallery,,"We,Th 18:30-21:30; Fr-Sa16:30-21:30",no,,,tour@monsterkabinett.de,,,,,,Q123095430,,,,,,,,,,,,,,,,,,,,,,,,,,,,,,-1,,,,,,,,,,,,,,,,,,,,,,,,,,,,,,,,,,,,,,,,,,,,,,,,,,,,
POINT (13.3961905 52.5267987),Berlin,,21,10117,Auguststraße,,,,,galerie weisser elefant,gallery,,Tu-Fr 11:00-19:00; Sa-Su 13:00-19:00,,,,,,,,,https://www.galerieweisserelefant.de/,,,,,,,,,,,,,,,,,,,,,,,,,,,,,,,,,,,,,,,,,,,,,,,,,,,,,,,,,,,,,,,,,,,,,,,,,,,,,,,,,,,
POINT (13.3989774 52.5331556),Berlin,DE,22,10119,Brunnenstraße,Mitte,,,,,gallery,,,,,,,,,,,,,,,,,,,,,,,,,,,,,,,,,,,,,,,,,,,,,,,,,,,,,,,,,,,,,,,,,,,,,,,,,,,,,,,,,,,,,,,,,,,,,,
POINT (13.410355 52.4997753),Berlin,DE,20,10969,Bergfriedstraße,Kreuzberg,,,,Leslie,gallery,,We 10:00-14:00; Th 10:00-15:00; Fr 10:00-14:00; Sa 13:00-17:00,,,,,Leslie,,,,,,,,,,,,,,,,,,,,,,,,,,,,,,,,,,,,,,,,,,,,,,,,,,,,,,,,,,,,,,,,,,,,,,,,,,,,,,,,,,,,,,,
POINT (13.4024723 52.5144541),Berlin,,10,10178,Brüderstraße,,,,,Kewenig Galerie,gallery,,Tu-Sa 11:00-18:00,,,,,Kewenig Galerie GmbH,,,,https://kewenig.com,,,,,,,,,,,,,,,,,,,,,,,,,,,,,,,,,,,,,,,,,,,,,,,,,,,,,,,,,,,,,,,,,,,,,,,,,,,,,,,,,,,
POINT (13.2967574 52.5092516),Berlin,,57,14057,Suarezstraße,,,,,GEDOK Berlin,gallery,,We-Su 14:00-18:00,,,,,,,,,https://gedokberlin.de/,,,,,+49 30 4413905,,,,,,,,,,,,,,,,,,,,,,,,,,,,,,,,info@gedok-berlin.de,,,,,,,,,,,,,,,,,,,,,,,,,,,,,,,,,,,,,,,,,,,,,,
POINT (13.4884906 52.5418281),Berlin,DE,99,13055,Konrad-Wolf-Straße,Alt-Hohenschönhausen,+49 30 9711103,,,Galerie 100,gallery,no,Tu-Fr 10:00-18:00; Su 14:00-18:00; PH off,yes,,,,,,,,,,,,,,,,2024-08-16,,,,,,,,,,,,yes,,,,,,,,,,,,,,,,,,,,,,,,,,,,,,,,,,,,,,,,,,,,,,,,,,,,,,,,,,,,,,,
POINT (13.398692 52.5261448),Berlin,,36,10115,Große Hamburger Straße,,,,,GH36,gallery,,,no,,,,,,,,,,,,,,,,,,,,,,,,,,,,,,,,,,,,,,,,,,,,,,,,,,,,,,,,,,,,,,,,,,,,,,,,,,,,,,,,,,,,,,,,,,,
POINT (13.316661 52.5075557),Berlin,,98,10625,Pestalozzistraße,,,,,Art Nova,gallery,,,no,,2025-04-24,,,,,,https://www.artnova.berlin/,,,,,+49 (0)152 05461886,,,,,,,,,,,,,,,,,,,,,,,,,,,,,,,,info@artnova.berlin,,,,,,,,,,,,,,,,,,,,,,,,,,,,,,,,,,,,,,,,,,,,,,
POINT (13.2980619 52.4949931),,,,,,,,,,,gallery,,,,,,,,,,,,,,,,,,,,,,,,,,,,,,,,,,,,,,,,,,,,,,,,,,,,,,,,,,,,,,,,,,,,,,,,,,,,,,,,,,,,,,,,,,,,,,
POINT (13.4527125 52.5164408),Berlin,DE,1,10243,,Friedrichshain,,http://galerie-im-turm.net/,,Galerie im Turm,gallery,no,Mo-Su 10:00-20:00,yes,,2025-09-09,,,,,,,,,,,,,,2025-09-09,,,,,,,,,,,,,,no,,,,,,,,,,,,,,,,,,,,,,Frankfurter Tor,,,,,,,,,,,,,,,,,,,,,,,,,,,,,,,,,,,,,,,
POINT (13.3595903 52.4900883),Berlin,DE,3,10827,Hauptstraße,Schöneberg,,https://state-studio.com/studio/,,State Studio,gallery,,"Tu-Fr 12:00-19:00; Sa,Su 12:00-17:00",yes,,,,,,,,,,,,,,,,,,,,,,,,,,,,,,,,,,,,,,,,,,,,,,,,,,,,,,,,,,,,,,,,,,,,,,,,,,,,,,,,,,,,,,,,,,,
POINT (13.3742433 52.5451004),Berlin,DE,23,13347,Gerichtstraße,Gesundbrunnen,,http://panke.gallery/,,panke.gallery,gallery,no,We-Sa 15:00-19:00,no,,,,panke.gallery – Verein für künstlerisch-kulturelle Bildung e.V.,,,,,,,,,,,,,,,,,,,,,,,,,,,,,,,,,,,,,,,,,,,,,,,,,,,,,,,,,,,,,,,,,,,,,,,,,,,,,,,,,,,,,,,
POINT (13.430532 52.4976773),Berlin,DE,18,10999,Wiener Straße,Kreuzberg,,,,von Racknitz + Baer,gallery,,,,,,,,,,,,,,,,,,,,,,,,,,,,,,,,,,,,,,,,,,,,,,,,,,,,,,,,,,,,,,,,,,,,,,,,,,,,,,,,,,,,,,,,,,,,,,
POINT (13.425693 52.4919564),Berlin,DE,54,12047,Hobrechtstraße,Neukölln,,,,Zönotéka,gallery,,Th-Sa 15:00-18:00,,,,,,,,,,,,,,,https://www.facebook.com/zoenoteka/,,,,,,,,,,,,,,,,,,,,,,,,,,,,,,,,,,,,,,,,,,,,,,,,,,,,,,,,,,,,,,,,,,,,,,,,,,,,,
POINT (13.4182678 52.502382),Berlin,,53,10999,Naunynstraße,,,,,Kreuzberg Pavillon,gallery,no,,no,,,,,,,,https://kreuzbergpavillon.tumblr.com/,,,,,,,,,,,,,,,,,,,,,,,,,,,,,,,0,,,,,,,,,,,,,,,,,,,,,,,,,,,,,,,,,,,,,,,,,,,,,,,,,,,,
POINT (13.3961451 52.5171465),Berlin,DE,5,10117,Unter den Linden,Mitte,+49 30 2020930,https://palaispopulaire.db.com/,,PalaisPopulaire,gallery,no,"Mo,We,Fr-Su 11:00-18:00; Th 11:00-21:00; Tu closed",,,2025-09-30,palais.populaire@db.com,Deutsche Bank,,,,https://palaispopulaire.db.com,Q56765306,,,,,,,,,,,,,,,,,,,,de:PalaisPopulaire,,,,,,,,,,,,,,,,,,,,,Category:PalaisPopulaire,,,,,,,Palais Populaire,,,,,,,,,,,,,,,,,,,,,,,,,,,,,,,,,,
POINT (13.3214605 52.5087459),Berlin,,81,,Goethestraße,,,,,Raab Galerie,gallery,no,,limited,,,,Ingrid Raab,,,,https://raab-galerie.de/,,,,,,,,,,,,,,,,,,,,,,,,,,,,,,,,,,,,,,,,,,,,,,,,,,,,,,,,,,,,,,,,,,,,,,,,,,,,,,,,,,,
POINT (13.4243424 52.4979881),Berlin,DE,154,10999,Reichenberger Straße,Kreuzberg,,https://xlane.de/,,X Lane,gallery,,,,,,,,,,,,,,,,,https://www.facebook.com/XlaneBerlin/,,,,,,,,,,,,,,,,,,,,,,,,,,,,,,,,,,,,,,,,,,,,,,,,,,,,,,,,,,,,,,,,,,,,,,,,,,,,,
POINT (13.3973536 52.4939405),Berlin,DE,57,10961,Mittenwalder Straße,Kreuzberg,,http://www.galerie-minimal.com,,Galerie Minimal,gallery,,,no,,,,,,,,,,,,,,,,,,,,,,,,,,,,,,,,,,,,,,,,,,,,,,,,,,,,,,,,,,,,,,,,,,,,,,,,,,,,,,,,,,,,,,,,,,,
POINT (13.3510939 52.5240988),Berlin,,110,10559,Alt-Moabit,,,,,Gregor Podnar,gallery,,,no,,,,,,,,,,,,,,,,,,,,,,,,,,,,,,,,,,,,,,,,,,,,,,,,,,,,,,,,,,,,,,,,,,,,,,,,,,,,,,,,,,,,,,,,,,,
POINT (13.4108807 52.5280593),Berlin,DE,32,10178,Linienstraße,Mitte,,,,McLaughlin,gallery,no,,,,2024-06-22,,Daniel McLaughlin,,,,https://www.mclaughlingalerie.com/de,,,,,,,,,,,,,,,,,,,,,,,,,,,,,,,,,,,,,,,,,,,,,,,,,,,,,,,,,,,,,,,,,,,,,,,,,,,,,,,,,,,
POINT (13.3889613 52.5148704),Berlin,,169,10117,Friedrichstraße,Mitte,,,,Galerie Mensing,gallery,no,,,,,,,,,,https://www.galerie-mensing.de/galleries/galerie-mensing-berlin,,,,,,,,,,,,,,,,,,,,,,,,,,,,,,,,,,,,,,,,,,,,,,,,,,,,,,,,,,,,,,,,,,,,,,,,,,,,,,,,,,,
POINT (13.450805 52.4741391),Berlin,,18,12055,Bartastraße,,,,,zebrapony,gallery,,,,,,,line claudius & michael schröer,,,,http://www.zebrapony.de/,,,,,+49 30 98354424,,,,,,,,,,,,,,,,,,,,,,,,,,0,,,,,,michael@incast.de,,,,,,,,,,,,,,,,,,,,,,,,,,,,,,,,,,,,,,,,,,,,,,
POINT (13.3711125 52.5442808),,,60,,Gerichtstraße,,,,handicraft,DruckbarWedding,gallery,no,"""Öffnung nach telefonischer Absprache""",limited,,2025-01-20,,Leo Kloster,,,,https://druckbarwedding.com/,,,,,+49 170 7059357,,,,,https://www.facebook.com/DruckbarWedding/,,,,,,,,,,,,,,,,,,,,,0,,,,,,druckbarwedding@web.de,,,,,,,,,,,,,no,2012,,,,,,,,,,,,,,,,,,,,,,,,,,,,,,,,
POINT (13.3642272 52.4863151),Berlin,,7,10829,Brunhildstraße,,,,,World in a room,gallery,,"Fr 14:00-18:00, Sa 14:00-17:00",,,,,,,,,https://www.worldinaroom.de/,,,,,,,,,,,,,,,,,,,,,,,,,,,,,,,,,,,,,,,,,,,,,,,,,,,,,,,,,,,,,,,,,,,,,,,,,,,,,,,,,,,
POINT (13.3970128 52.5314368),Berlin,,18,10115,Ackerstraße,,,,,Institut für Alles Mögliche,gallery,,,,,,,,,,,,,,,,,,,,,,,,,,,,,,,,,,,,,,,,,,,,,,,,,,,,,,,,,,,,,,,,,,,,,,,,,,,,,,,,,,,,,,,,,,,,,,
POINT (13.3980372 52.5276106),Berlin,DE,2,10115,Koppenplatz,Mitte,,https://www.mojavari.com/,,Mojavari,gallery,,,no,,2025-07-18,,,,,,,,,,,,,,,,,,,,,,,,,,,,,,,,,,,,,,,,,,,,,,,,,,,,,,,,,,,,,,,,,,,,,,,,,,,,,,,,,,,,,,,,,
POINT (13.3612584 52.4816191),Berlin,,60,10829,Leberstraße,,,,,drj art projects,gallery,no,Sa 14:00-19:00,,,,,,,,,https://drj-art-projects.com/tag/gegenwart/,,,,,,,,,,,,,,,,,,,,,,,,,,,,,,,,,,,,,,,,,,,,,,,,,,,,,,,,,,,,,,,,,,,,,,,,,,,,,,,,,,,
POINT (13.3800353 52.5332467),Berlin,DE,36,10115,Chausseestraße,Mitte,,,,Chaussee 36,gallery,,off,no,,,,BKLV Management GmbH,,,,https://www.chaussee36.photography/,,,,,+49 30 28097648,,,,,,,,,,,,,,,,,,,,,,,,,,,,,,,,,,,,,,,,,,,,,,,,,,,,,,,,,,,,,,,,,,,,,,,,,,,,,,
POINT (13.4087899 52.5341944),Berlin,DE,17,10119,Schwedter Straße,Prenzlauer Berg,,https://www.laekemaeker.com/de/gallery/berlin,,Läkemäker Galerie,gallery,no,"Th-Fr 14:00-18:00; Sa 11:00-14:00 || unknown ""und nach telefonischer Vereinbarung auch gerne außerhalb der Öffnungszeiten """,no,,2024-07-11,,,,,,,,,,,,,,,,,,,,,,,,,,,,,,,,,,,,,,,,,,,,,,,,,,,,,,,,,,,,,,,,,,,,,,,,,,,,,,,,,,,,,,,,,
POINT (13.4348212 52.5373064),Berlin,,51,10405,Greifswalder Straße,,,,,Galerie HitoArt,gallery,no,,limited,,,,,,,,https://www.hitoart.com,,,,,,,,2024-06-16,,,,,,,,,,,,,,no,,,,,,,,,,,,,,,,,,,,,,,,,,,,,,,,,,,,,,,,,,,,,,,,,,,,,,,,,,,,,
POINT (13.4399053 52.5332694),Berlin,,165,10407,Danziger Straße,,,,,Galerie 165,gallery,,Mo-Th 09:30-18:00; Fr 09:30-15:00,limited,,,,,,,,,,,,,,,,,,,,,,,,,,,,,,,,,,,,,,,,,,,,,,,,,,,,,,,,,,,,,,,,,,,,,,,,,,,,,,,,,,,,,,,,,,,
POINT (13.4330162 52.534853),Berlin,DE,3,10407,Dietrich-Bonhoeffer-Straße,Prenzlauer Berg,,http://www.druckgraphik-atelier.de/,,Druckgraphik-Atelier,gallery,no,Mo 16:00-18:30; Tu 18:00-22:00,yes,,,,,,,,,,,,,,,,,,,,,,,,,,,,,,,,,,,,,,,,,,,,,,,,,,,,,,,,,,,,,,,,,,,,,,,,,,,,,,,,,,,,,,,,,,,
POINT (13.376484 52.4898401),,,,,,,,,,Paulo Ventura,gallery,no,,limited,,,,,,,,,,,,,,,,2024-05-04,,,,,,,,,,,,,,no,,,,,,,,,,,,,,,,,,,,,,,,,,,,,,,,,,,,,,,,,,,,,,,,,,,,,,,,,,,,,
POINT (13.4256867 52.4739804),,,,,,,,,,objets cherchés,gallery,no,"""nach Vereinbarung""",,,,,,,,,,,,,,,,,,,,,,,,,,,,,,,,,,,,,,,,,,,,,,,,,,,,,,,,,,,,,,,,,,,,,,,,,,,,,,,,,,,,,,,,,,,,
POINT (13.4205639 52.5443461),Berlin,DE,20,10437,Schliemannstraße,Prenzlauer Berg,,,,Galerie Süssholz,gallery,,,,,,,,,,,,,,,,,,,,,,,,,,,,"Dinge, die die Welt nicht braucht",,,,,,,,,,,,,,,,,,,,,,,,,,,,,,,,,,,,,,,,,,,,,,,,,,,,,,,,,,,,,,,,,,
POINT (13.4209859 52.5451341),Berlin,DE,25,10437,Schliemannstraße,Prenzlauer Berg,+49 30 44035903,http://witold-stypa.com/,,Museum of Future,gallery,no,Mo-Su 16:00-00:30,,,,,,,,,,,,,,,,,,,,,,,,,,,,,,,,,,,,,,,,,,,,,,,,,,,,,,,,,,,,,,,,,,,,,,,,,,,,,,,,,,,,,,,,,,,,
POINT (13.4239623 52.4747274),,,,,,,,,,Luisa Catucci,gallery,,,,,2024-03-29,,,,,,,,,,,,,,,,,,,,,,,,,,,,,,,,,,,,,,,,,,,,,,,,,,,,,,,,,,,,,,,,,,,,,,,,,,,,,,,,,,,,,,,,,
POINT (13.4269419 52.4734038),,,,,,,,,,Axel Peters,gallery,no,,,,,,,,,,,,,,,,,,2024-03-26,,,,,,,,,,,,,,no,,,,,,,,,,,,,,,,,,,,,,,,,,,,,,,,,,,,,,,,,,,,,,,,,,,,,,,,,,,,,
POINT (13.4480193 52.4770419),,,,,,,,,,,gallery,,,,,,,,,,,,,,,,,,,,,,,,,,,,,,,,,,,,,,,,,,,,,,,,,,,,,,,,,,,,,,,,,,,,,,,,,,,,,,,,,,,,,,,,,,,,,,
POINT (13.3987632 52.4924583),Berlin,DE,31-37,10961,Schleiermacherstraße,Kreuzberg,+49 30 61209307,https://www.atelierhof-kreuzberg.com/,,,gallery,,,,,,atelierhof-kreuzberg@t-online.de,Kunst in Kreuzberg e.V.,,,,,,,,,,,,,,,,,,,,,,,,,,,,,,,,,,,,,,,,,,,,,,,,,,,,,,,,,,,,,,,,,,,,,,,,,,,,,,,,,,,,,,,
POINT (13.420944 52.4922114),,,,,,,,,,Crystal Ball,gallery,,,no,,,,,,,,,,,,,,,,,,,,,,,,,,,,,,,,,,,,,,,,,,,,,,,,,,,,,,,,,,,,,,,,,,,,,,,,,,,,,,,,,,,,,,,,,,,
POINT (13.4210091 52.4923102),,,,,,,,,,the window of modern art,gallery,,,,,,,,,,,,,,,,,,,,,,,,,,,,,,,,,,,,,,,,,,,,,,,,,,,,,,,,,,,,,,,,,,,,,,,,,,,,,,,,,,,,,,,,,,,,,,
POINT (13.4180295 52.4931206),,,,,,,,,,whitegrid,gallery,,,,,,,,,,,,,,,,,,,,,,,,,,,,,,,,,,,,,,,,,,,,,,,,,,,,,,,,,,,,,,,,,,,,,,,,,,,,,,,,,,,,,,,,,,,,,,
POINT (13.3415206 52.5553253),Berlin,DE,9,13351,Otawistraße,Wedding,,https://www.sebastiandiaz.net/gelbetonne,,Galerie Gelbe Tonne,gallery,no,,no,,,,,,,,,,,,,,https://www.instagram.com/gelbe_tonne_berlin/,,,,,,,,,,,,,,,,,,,,,,,,,,,,,,,,,,,,,,,,,,,,,,,,,,,,,,,,,,,,,,,,,,,,,,,,,,,,,
POINT (13.3209965 52.5087697),Berlin,DE,79,10623,Goethestraße,Charlottenburg,,http://nielsborchjensen.com/berlin-gallery/,,Borch Gallery,gallery,,Tu-Fr 11:00-16:00,,,,gallery@nielsborchjensen.com,Niels Borch Jensen Gallery & Editions,,,,,,,,,,,,,,,,,,,,,,,,,,,,,,,,,,,,,,,,,,,,,,,,,,,,,,,,restricted,,,,,,,,,,,,,,,,,,,,,,,,,,,,,,,
POINT (13.3971881 52.5270045),Berlin,DE,26,10117,Auguststraße,Mitte,,http://www.eigen-art.com/,,Galerie Eigen+Art,gallery,,Tu-Sa 11:00-18:00,no,,2024-06-22,berlin@eigen-art.com,Galerie EIGEN + ART GmbH & Co. KG.,,,,,,,,,+49 302806605,,,,,,,,,,,,,,,,,,,,,,,,no,,,,,,,,berlin@eigen-art.com,,,,,,,,,,,,,,,,,,,,,,,,,,,,,,,,,,,,,,,,,,,,,,
POINT (13.3199297 52.474165),Berlin,DE,38,14197,Laubacher Straße,Wilmersdorf,,https://www.herr-hegenbarth-berlin.de/,,Hegenbarth Sammlung Schaudepot,gallery,no,"We 12:00-17:00; PH,SH off || ""nach Vereinbarung""",,,2025-03-05,,,,,,,,,,,,,,,,,,,,,,,,,,,,,,,,,,,,,,,,,,,,,,,,,,,,,,,,,,,,,,,,,,,,,,,,,,,,,,,,,,,,,,,,,
POINT (13.3593582 52.5044141),Berlin,DE,38,10785,Lützowstraße,Tiergarten,+49 30 64086942,http://bottegabarone.berlin/,,Galerie Bottega Barone,gallery,,Mo-Fr 15:00-18:00,,,,info@bottegabarone.berlin,,,,,,,,,,,,,,,,,,,,,,,,,,,,,,,,,,,,,,,,,,,,,,,,,,,,,,,,,,,,,,,,,,,,,,,,,,,,,,,,,,,,,,,,
POINT (13.2943422 52.5116685),Berlin,DE,40,14059,Horstweg,Charlottenburg,,http://www.transferteam.net/juergen-wittdorf.html,,TransferTeam,gallery,,,,,,,,,,,,,,,,,,,,,,,,,,,,,,,,,,,,,,,,,,,,,,,,,,,,,,,,,,,,,,,,,,,,,,,,,,,,,,,,,,,,,,,,,,,,,,
POINT (13.4117877 52.5261251),Berlin,,2/4,10178,Weydingerstraße,,,,,Galerie Nagel Draxler,gallery,no,,yes,,,,,,,,https://nagel-draxler.de,,,,,,,,,,,,,,,,,,,,,,,,,,,,,,,,,,,,,,,,,,,,,,,,,,,,,,,,,,,,,,,,,,,,,,,,,,,,,,,,,,,
POINT (13.4116075 52.5260792),Berlin,,33,10178,Rosa-Luxemburg-Straße,,,,,Nagel Draxler Kabinett,gallery,no,,yes,,,,,,,,,,,,,,,,,,,,,,,,,,,,,,,,,,,,,,,,,,,,,,,,,,,,,,,,,,,,,,,,,,,,,,,,,,,,,,,,,,,,,,,,,,,
POINT (13.3514936 52.4860694),Berlin,DE,69,10823,Eisenacher Straße,Schöneberg,,,,pirco.berlin & gallery'ish,gallery,,"""by appointment""",,,,,,,,,,,,,,,,,,,,,,,,,,,,,,,,,,,,,,,,,,,,,,,,,,,,,,,,,,,,,,,,,,,,,,,,,,,,,,,,,,,,,,,,,,,,
POINT (13.4315396 52.500861),Berlin,,12a,10997,Lausitzer Platz,,,,,Galerie Düesberg,gallery,no,,,,,,,,,,,,,,,,,,2025-09-06,,,,,,,,,,,,,,no,,,,,,,,,,,,,,,,,,,,,,,,,,,,,,,,,,,,,,,,,,,,,,,,,,,,,,,,,,,,,
POINT (13.3650627 52.5535943),Berlin,DE,2,13347,Oudenarder Straße,Wedding,,,,Designat,gallery,no,,,,,,,,,,,,,,,,,,,,,,,,,,,,,,,,,,,,,,,,,,,,,,,,,,,,,,,,,,,,,,,,,,,,,,,,,,,,,,,,,,,,,,,,,,,,,
POINT (13.3250315 52.4693008),Berlin,DE,21,12161,Goßlerstraße,Friedenau,,,,diekleinegalerie,gallery,no,"We,Fr 15:00-18:00; Sa 11:00-14:00",no,,,,,,,,https://www.diekleinegalerie-berlin.de/,,,,,,,,,,,,,,,,,,,,,,,,,,,,,,,,,,,,,,,,,,,,,,,,,,,,,,,,,,,,,,,,,,,,,,,,,,,,,,,,,,,
POINT (13.3652994 52.5021869),Berlin,DE,83,10785,Potsdamer Straße,Tiergarten,+49 30 39404840,https://www.galeriejudin.de/,,Galerie Judin,gallery,,"Tu-Sa 11:00-18:00 || ""oder nach Vereinbarung""",,,,,Judin GmbH,,,,,,,,,,,,,,,,,,,,,,,,,,,,,,,,,,,,,,,,,,,,,,,,,,,,,,,,,position?,,,,,,,,,,,,,,,,,,,,,,,,,,,,,,
POINT (13.3777547 52.4928178),Berlin,,17,10963,Möckernkiez,,+49 30 8511098,https://www.lichtkunstobjekte.com,,Licht Atelier + Galerie,gallery,no,,,,,,Dieter Barz,,,,,,,,,,,,,,,,,,,,,,,,,,,,,,,,,,,,,,,,,,,,,,,,,,,,,,,,,,,,,,,,,,,,,,,,,,,,,,,,,,,,,,,
POINT (13.2987431 52.4360266),Berlin,DE,53,12205,Kadettenweg,Lichterfelde,,https://www.achimfreyer.com/kunsthaus-und-sammlung/,,Kunsthaus der Achim Freyer Stiftung,gallery,,,,,,,,,,,,,,,,,,,,,,,,,,,,,,,,,,,,,,,,,,,,,,,,,,,,,,,,,,,,,,,,,,,,,,,,,,,,,,,,,,,,,,,,,,,,,,
POINT (13.451784 52.4741375),Berlin,DE,4,12055,Mareschstraße,Neukölln,,https://www.lite-haus.net/,,Lite-Haus,gallery,,Tu-Sa 13:00-19:00,limited,,,,Ad Finem gGmbH,,,,,,,,,,,,,,,,,,,,,Galerie + Projektraum,,,no,,,,,,,,,,,,,,,,,,,,,,,,,,,,,,,,,,Nach mobiler Rampe fragen!,Ask for mobile wheelchair ramp!,,,,,,,,,,,,,,,,,,,,,,,,,,,,
POINT (13.3947318 52.5034984),Berlin,DE,86,10969,Markgrafenstraße,Kreuzberg,,https://art-claims-impulse.com/,,Art Claims Impulse,gallery,,,,,,,"Art Claims Impulse, Wolter & Zagrean Gbr",,,,,,,,,,,,2023-03-04,,,,,,,,,,,,,,no,,,,,,,,,,,,,,,,,,,,,,,,,,,,,,,position,,,,,,,,,,,,,,,,,,,,,,,,,,,,,,
POINT (13.4504951 52.4739017),Berlin,DE,42/44,12055,Schudomastraße,Neukölln,,,,Autonomous Forest / terra0.org,gallery,,,,,,,,,,,,,,,,,,,2025-02-27,,,,,,,,,,,,,,no,,,,,,,,,,,,,,,,,,,,,,,,,,,,,,,,,,,,,,,,,,,,,,,,,,,,,,,,,,,,,
POINT (13.3070724 52.4470187),,,,,,,,,,d/b33-galerie,gallery,,"""nach Vereinbarung""",,,2023-04-09,,,,,,https://www.db33-galerie.de/,,,,,+49 30 56589691,,,,,,,,,,,,Photos,,,,,,,,,,,,,,,,,,,,,,,,,,,,,,,,,,,,,,,,,,,,,,,,,,,,,,,,,,,,,,,,,,
POINT (13.4213282 52.4782999),Berlin,DE,2,12049,Schillerpromenade,Neukölln,,https://www.sp2.berlin/,,SP2,gallery,,,,,,,,,,,,,,,,,,,,,,,,,,,,,,,,,,,,,,,,,,,,,,,,,,,,,,,,,,,,,,,,,,,,,,,,,,,,,,,,,,,,,,,,,,,,,,
POINT (13.38607 52.5580057),,,,,,,,,,Art Laboratory Berlin,gallery,,,no,,2024-01-30,,,,,,,,,,,,,,,,,,,,,,,,,,,,,,,,,,,,,,,,,,,,,,,,,,,,,,,,,,,,,,,,,,,,,,,,,,,,,,,,,,,,,,,,,
POINT (13.3793891 52.5708376),,,,,,,,,,LeoArt,gallery,no,,,,,,Schulze´s Farben- und Tapetenhaus Heinz Schulze,,,,https://www.bilder-in-berlin.de/,,,,,+49 177 491 14 38,,,,,,,,,,,,,,,,,,,,,,,,,,,,,,,,r.dietzmann@yahoo.de,,,,,,,,,,,,,,,,,,,Rudolf Dietzmann,,,,,,,,,,,,,,,,,,,,,,,,,,,
POINT (13.3756954 52.5547098),,,,,,,,,,Atelier und Showroom,gallery,yes,,no,,,,Tobias Trutwin,,,,,,,,,+49 16094423528,,,,,,,,,,,,,,,,,,,,,,,,,,,,,,,,ttrutwin@web.de,,,,,,,,,,,,,,,,,,,,,,,,,,,,,,,,,,,,,,,,,,,,,,
POINT (13.3774053 52.555442),,,,,,,,,,ETI Berlin,gallery,no,,no,,,,Victoria Pawlik,,,,,,,,,,,,,,,,,,,,,,,,,,,,,,,,,,,,,,,,,,,,,,,,,,,,,,,,,,,,,,,,,,,,,,,,,,,,,,,,,,,,,,,
POINT (13.3754004 52.5550164),Berlin,DE,16,13357,Schwedenstraße,Gesundbrunnen,,,,uqbar Projektraum,gallery,,,yes,,,,,,,,,,,,,,,,,,,,,,,,,,,,,,,,,,,,,,,,,,,,,,,,,,,,,,,,,,,,,,,,,,,,,,,,,,,,,,,,,,,,,,,,,,,
POINT (13.3665611 52.5044497),,,,,,,,,,Nome,gallery,,,,,,,,,,,,,,,,,,,,,,,,,,,,,,,,,,,,,,,,,,,,,,,,,,,,,,,,,,,,,,,,,,,,,,,,,,,,,,,,,,,,,,,,,,,,,,
POINT (13.4134793 52.5721039),,,,,,,,,,Galerie A - Der Kunstladen,gallery,no,Tu-Fr 14:00-19:00; Sa 11:00-15:00,no,,,,,,,,,,,,,,,,2025-01-06,,,,,,,,,,,,,,,,,,,,,,,,,,,,,,,,,,,,,,,,,,,,,,,,,,,,,,,,,,,,,,,,,,,,,,,,,,,
POINT (13.3867843 52.5589075),Berlin,,39,13359,Prinzenallee,,,,,Müll Museum,gallery,,"""currently only open for workshops""",,,,,,,,,https://muell-museum.de,,,,,,,,,,,,,,,,,,,,,,,,,,,,,,,,,,,,,,,,,,,,,,,,,,,,,,,,,,,,,,,,,,,,,,,,,,,,,,,,,,,
POINT (13.3393885 52.4872222),Berlin,DE,7,10825,Meraner Straße,Schöneberg,,,,Nadan,gallery,,,,,,,,,,,http://nadan.org/,,,,,,,,,,,,,,,,,,,,,,,,,,,,,,,,,,,,,,,,,,,,,,,,,,,,,,,,,,,,,,,,,,,,,,,,,,,,,,,,,,,
POINT (13.31319 52.4945388),Berlin,,28,10707,Wittelsbacherstraße,,,,,Galerie SMK,gallery,no,Sa 15:00-18:00,no,,2022-09-04,,Sooki & Matthias Koeppel,,,,http://www.galeriesmk.de/,,,,,+49 177 873 89 34,,,,,,,,,,,,,,,,,,,,,,,,,,,,,,,,info@galeriesmk.de,,,,,,,,,,,,,,,,,,,,,,,,,,,,,,,,,,,,,,,,,,,,,,
POINT (13.316861 52.5077757),,,10,,Pestalozzistraße,,,,,Transform Galerie,gallery,,"Mo,We,Fr,Su,PH off; Tu,Th,Sa 15:00-19:00",no,,2023-07-01,,,,,,,,,,,,,,,,,,,,,,,,,,,,,,,,,,,,,0,,,,,,,,,,,,,,,,,,,,,,,,,,,,,,,,,,,,,,,,,,,,,,,,,,,,
POINT (13.436534 52.5504007),Berlin,,74-79,13086,Lehderstraße,Weißensee,+49 1511 8196958,,,Kühlspot Social Club,gallery,,,,,,kuehlspotsocialclub@gmail.com,,,,,,,,,,,,,,,,,,,,,,,,events_venue,,,,,,,,,,,,,,,,,,,,,,,,,,,,,,,,,,,,,,Siegfried Kühl,Q2283531,,,,,,,,,,,,,,,,,,,,,,,,,
POINT (13.4144578 52.5127915),Berlin,,,10179,Im Köllnischen Park,,+49 30 901837461,https://www.baerenzwinger.berlin/,,Bärenzwinger,gallery,no,Tu-Su 11:00-19:00,yes,,,,Bezirksamt Mitte von Berlin,,,,,Q6662898,,,,,,,2025-08-05,,,,,,,,,,,,,,,,,,,,,,,,,,public,,,,,,,,Category:Bärenzwinger (Köllnischer Park),,,,,,,,,,,,,,,,,,,,,,,,,,,,,,,,,,,,,,,,,
POINT (13.3270023 52.5014),Berlin,,26,10719,Fasanenstraße,Charlottenburg,,,,Galerie Kornfeld,gallery,no,Tu-Sa 11:00-18:00,,,,,Galerie Kornfeld Kunsthandel GmbH & Co.KG,,,,https://galeriekornfeld.com/,,,,,+49 30 889225890,,,,,,,,,,,,,,,,,,,,,,,,,,,,,,,,galerie@galeriekornfeld.com,+49 30 889225899,,,,,,,,,,,,,,,,,,,,,,,,,,,,,,,,,,,,,,,,,,,,,
POINT (13.2975372 52.5010083),Berlin,DE,31,10711,Damaschkestraße,Halensee,,,,,gallery,,,,,,,,,,,,,,,,,,,,,,,,,,,,,,,,,,,,,,,,,,,,,,,,,,,,,,,,,,,,,,,,,,,,,,,,,,,,,,,,,,,,,,,,,,,,,,
POINT (13.3218877 52.4879528),Berlin,DE,11,10717,Fechnerstraße,Wilmersdorf,,,,Galerie Elfriede Fechner,gallery,no,,,,,,,,,,,,,,,,,,2024-12-01,,,,,,,,,,,,,,no,,,,,,,,,,,,,,,,,,,,,,,,,,,,,,,,,,,,,,,,,,,,,,,,,,,,,,,,,,,,,
POINT (13.3926373 52.5275968),Berlin,,47,10117,Tucholskystraße,,,,,kenkō,gallery,,Tu-Sa 11:00-19:00,,,,,,,,,,,,,,,,,,,,,,,,,,,,,,,,,,,,,,,,,,,,,,,,,,,,,,,,,,,,,,,,,,,,,,,,,,,,,,,,,,,,,,,,,,,,
POINT (13.447752 52.5169745),Berlin,DE,123,10243,Karl-Marx-Allee,Friedrichshain,,https://galerie-kuchling.de,,Galerie Kuchling,gallery,no,We-Fr 14:00-19:00; Sa 13:00-18:00,limited,,2025-05-13,,Robert Kuchling,,,,,,,,,,,,,,,,,,,,,,,,,,,,,,,,,,,,,,,,,,,,,,,,,,,,,,,,,,,,,,,,,,,,,,,,,,,,,,,,,,,,,,,
POINT (13.2948945 52.5135717),,,,,,,,,,,gallery,no,,,,,,,,,,,,,,,,,,,,,,,,,,,,,,,,,,,,,,,,,,,,,,,,,,,,,,,,,,,,,,,,,,,,,,,,,,,,,,,,,,,,,,,,,,,,,
POINT (13.4203136 52.5395577),,,,,,,,,,pigasus polish poster music film gallery,gallery,no,,,,,,,,,,https://polishpostershop.com/,,,,,,,,,,,,,,,,,,,,,,,,,,,,,,,,,,,,,,,,,,,,,,,,,,,,,,,,,,,,,,,,,,,,,,,,,,,,,,,,,,,
POINT (13.3535915 52.5508666),Berlin,DE,49,13347,Seestraße,Wedding,,https://gr-und.com,,gr_und,gallery,,We-Fr 15:00-19:00; Sa 14:00-18:00,yes,,,team@gr-und.de,,,,,https://gr-und.com/,,,,,,,,,,,,,,,,,,,,,,,,,,,,,,,,,,,,,team@gr-und.de,,,,,,,,,,,,,,,,,,,,,,,,,,,,,,,,,,,,,,,,,,,,,,
POINT (13.2962695 52.509409),Berlin,DE,8,14057,Suarezstraße,Charlottenburg,,,,artists in progress,gallery,no,"Th,Fr 15:00-19:00; Sa 11:00-15:00",,,,,,,,,https://www.aip-info.com,,,,,+49 30 89005973,,,2025-09-21,,,,,,,,,,,,,,,,,,,,,,,,,,,,,aip@aip-info.com,,,,,,,,,,,,,,,,,,,,,,,,,,,,,,,,,,,,,,,,,,,,,,
POINT (13.383015 52.5536886),Berlin,,11,13357,Prinzenallee,,,,,prince11,gallery,,,,,,,,,,,,,,,,,,,,,,,,,,,,,,,,,,,,,,,,,,,,,,,,,,,,,,,,,,,,,,,,,,,,,,,,,,,,,,,,,,,,,,,,,,,,,,
POINT (13.3577265 52.498471),Berlin,DE,11,10783,Bülowstraße,Schöneberg,,http://minimalistix.eu/,,Minimalistix.eu,gallery,,,,,,,,,,,,,,,,,,,,,,,,,,,,Coffee & Gallery,,,,,,,,,,,,,,,,,,,,,,,,,,,,,,,,,,,,,,,,,,,,,,,,,,,,,,,,,,,,,,,,,,
POINT (13.3577777 52.4984477),Berlin,DE,11,10783,Bülowstraße,Schöneberg,,https://haze.gallery/,,Haze Gallery,gallery,,,,,,,,,,,,,,,,,,,,,,,,,,,,,,,,,,,,,,,,,,,,,,,,,,,,,,,,,,,,,,,,,,,,,,,,,,,,,,,,,,,,,,,,,,,,,,
POINT (13.4141624 52.5274247),Berlin,DE,6,10119,Torstraße,Mitte,,,,Maigalerie,gallery,no,We-Fr 13:00-18:00; PH off,yes,,,,Verlag 8. Mai GmbH,,,,https://www.maigalerie.de,,,,,+49 30 53635554,,,,,,,,,,,,"In der Galerie, die keinen Eintritt kostet, finden, insbesondere donnerstags, zeitweilig Veranstaltungen statt, die dann Eintritt kosten können.",,events_venue,,,,,,,,,,,,0,,,,,,info@maigalerie.de,,,,,,,,,,,,,,,,,,,,,,,,,,,,,,,,,,,,,,,,,,,,,,
POINT (13.44454 52.4847448),,,,,,,,,,Kunstbruecke Am Wildenbruch,gallery,no,We-Su 12:00-18:00,no,,,,"Bezirksamts Neukölln von Berlin, Abteilung Bildung, Kultur und Sport / Amt für Weiterbildung und Kultur / Fachbereich Kultur",,,,https://kunstbruecke-am-wildenbruch.de,,,,,,,,2025-03-15,,,,,,,,,,,,,,,,,,,,,,,,,,,,,,,,,,,,,,,,,,,,,,,,,,,,,,,,,,,,,,,,,,,,,,,,,,,
POINT (13.4128502 52.5441151),Berlin,,58,10437,Schönhauser Allee,Prenzlauer Berg,+49 30 23573544,https://pharodercks.com/,,PharoDercks,gallery,,,limited,,,,,,,,,,,,,,,,,,,,,,,,,,,language_school,limited,,,,,,,,,,,,,,private,,,,,,,,,,,,,,,,,,,,,,,,,yes,yes,yes,yes,,,,,,,,,,,,,,,,,,,,,
POINT (13.4129967 52.5446552),Berlin,DE,58A,10437,Schönhauser Allee,Prenzlauer Berg,,,,Kinderkunstgalerie,gallery,no,Tu-Fr 14:00-18:00; Sa 11:00-17:00,no,,,,Klax,,,,,,,,,,klax.de,,,,,,,,,,,,,,,,,,,,,,,,,,,,,,,,,,,,,,,,,,,,,,,,,,,,,,,,,klax_de,,,,,,,,,,,,,,,,,,,,
POINT (13.4254363 52.5377527),Berlin,,25,10405,Chodowieckistraße,,,,,Galerie Vinogradov,gallery,no,"""nach Vereinbarung""",,,2025-01-24,,Marina Vinogradova,,,,https://eurusart.com,,,,,+493086430410,,,2025-01-24,,,,,,,,,,,,,,,,,,,,,,,0,,,,,,galerie@vinogradov.org,,,,,,,,,,,,,,,,,,,,,,,,,,,,,,,,,,,,,,,,,,,,,,
POINT (13.1478965 52.5229839),Berlin,DE,529,13593,Heerstraße,Staaken,+49 30 364 85 46,https://ask-galerie-berlin.de/,,Galerie im alten Zollhaus,gallery,,"Su[1] 14:00 - 17:00 || ""Veranstaltungen""",,,,ask-berlin-ev@t-online.de,Arbeitskreis Spandauer Künstler e. V.,,,,,,,,,,,,,,,,,,,,,,,,,,,,,,,,,,,,,,,,,,,,,,,,,,,,,,,,,,,,,,,,,,,,,,,,,,,,,,,,,,,,,,,
POINT (13.4161267 52.5448276),Berlin,,69,10437,Pappelallee,,,,,"erstererster - Popup Space für Kunst, Design und Neues Arbeiten",gallery,,,,,,,openmjnd ventures GmbH,,,,,,,,,,,,,,,,,,,,,,,,,,,,,,,,,,,,,,,,,,,,,,,,,,,,,,,,,,,,,,,,,,,,,,,,,,,,,,,,,,,,,,,
POINT (13.4559572 52.5089544),,,31,,Simon-Dach-Straße,,,,,Zozoville,gallery,no,Mo-Su 12:00-19:00,,,2025-05-09,,,,,,,,,,,,,,,,,,,,,,,,,,,,,,,,,,,,,,,,,,,,,,,,,,,,,,,,,,,,,,,,,,,,,,,,,,,,,,,,,,,,,,,,,
POINT (13.4490038 52.5086915),Berlin,,105,10243,Marchlewskistraße,,,,,Caos Conzept,gallery,no,"""nach Vereinbarung, laut Website""",no,,2024-09-12,,Martin Hartmann,,,,https://caos-conzept.de/,,,,,+49 173 6162083,,,,,,,,Visiting dates only by appointment,,,,Blacklight pychedelic art atelier & gallery,,,,,,,,,,,,,,,,,,,,info@caos-conzept.de,,https://upload.wikimedia.org/wikipedia/commons/0/08/Caos_Conzept_Atelier_%26_Gallery.jpg,,,File:Caos Conzept Atelier & Gallery.jpg,,,,,,,,,,,,,,,,,,,,,,,,,,,,,,,,,,,,,,,,,
POINT (13.3167999 52.5043688),,,,,,,,,,Galerie Robinson,gallery,,,,,,,,,,,,,,,,,,,,,,,,,,,,,,,,,,,,,,,,,,,,,,,,,,,,,,,,,,,,,,,,,,,,,,,,,,,,,,,,,,,,,,,,,,,,,,
POINT (13.2896266 52.6339917),,,,,,,01776776862,https://www.galerie-jf.de,,Galerie JF+,gallery,,Th 16:00-18:00; Fr 14:00-18:00; Sa 11:00-15:00,yes,,2025-03-16,,,,,,,,,,,,,,2025-03-16,,,,,,,,,,,,,,,,,,,,,,,,,,,,,,,,,,,,,,,,,,,,,,,,,,,,,,,,,,,,,,,,,,,,,,,,,,,
POINT (13.3266441 52.4975665),,,,,,,,,,Art.Salon,gallery,no,We-Sa 12:00-18:00,,,,,,,,,,,,,,,,,,,,,,,,,,,,,,,,,,,,,,,,,,,,,,,,,,,,,,,,,,,,,,,,,,,,,,,,,,,,,,,,,,,,,,,,,,,,
POINT (13.3623392 52.4994431),Berlin,,124,10783,Potsdamer Straße,Schöneberg,,,,Notagallery,gallery,,,,,,,Ivan Gette,,,,https://notagallery.de,,,,,+49 151 16329114,,,,,,,,,,,,,,,,,,,,,,,,,,,,,,,,info@notagallery.de,,,,,,,,,,,,,,,,,,,,,,,,,,,https://notagallery.de/about-contact,,,,,,,,,,,,,,,,,,,
POINT (13.4533313 52.5069835),Berlin,,99,10245,Revealer Straße,,,,,Lighthouse Berlin,gallery,yes,"Mo,We-Fr 14:00-21:00; Sa 12:00-22:00; Su 12:00-21:00",,,,,,,,,https://lighthouse.berlin,,,,,,,,,,,,,,,,,Auf dem RAW Gelände zwischen Getränke Lehmann und dem House of Music (noisy rooms),,,,,,,,,,,,,,,,,,,,,,,,,,,,,,,Lighthouse of Digital Art,,,,,,,,,,,,,,,,,,,,,,,,,,,,,,,,,,,
POINT (13.3050576 52.5141805),,,,,,,,,,,gallery,,,,,2023-12-01,,,,,,,,,,,,,,,,,,,,,,,,,,,,,,,,,,,,,0,,,,,,,,,,,,,,,,,,,,,,,,,,,,,,,,,,,,,,,,,,,,,,,,,,,,
POINT (13.3199647 52.5072273),Berlin,,1,10623,Bleibtreustraße,,,,,Galerie Michael Janssen,gallery,,,,,,,,,,,https://michaeljanssen.gallery,,,,,,,,,,,,,,,,,,,,,,,,,,,,,,,,,,,,,,,,,,,,,,,,,,,,,,,,,,,,,,,,,,,,,,,,,,,,,,,,,,,
POINT (13.4287615 52.4829343),,,,,,,,http://wirart.de/,,Gesamtkunstwerk des Sozialen,gallery,,,,,,,,,,,,,local knowledge,,,,,,,,,,,WerkStadt Berlin,,,,"Galerie, Projektraum, Kulturverein",,,,,,,,,,,,,,,,,,,,,,,,,,,,,,,,,,,,,,,,,,,,,,,,,,,,,,,,,,,,,,,,,,
POINT (13.3910257 52.5111239),Berlin,,18,10117,Kronenstraße,,,,,nüüd.berlin gallery,gallery,,,,,,,,,,,https://www.xn--nd-xkaa.berlin/,,,,,,,,,,,,,,,,,,,,,,,,,,,,,,,,,,,,,,,https://xn--nd-xkaa.berlin/wp-content/uploads/2021/10/Marco-Kaufmann-@-nueued.berlin-ANDERSWO-1210x423.jpg,,,,,,,,,,,,,,,,,,,,,,,,,,,,,,,,,,,,,,,,,,,,
POINT (13.2958883 52.5054482),Berlin,DE,16,14057,Leonhardtstraße,Charlottenburg,,,,Kontor,gallery,,,,,,,,,,,https://www.kontor16-berlin.com/,,,,,,,,,,,,,,,,,,,,,,,,,,,,,,,,,,,,,,,,,,,,,,,,,,,,,,,,,,,,,,,,,,,,,,,,,,,,,,,,,,,
POINT (13.2959708 52.5058253),Berlin,DE,14,14057,Leonhardtstraße,Charlottenburg,,,goldsmith,Frau Kette Goldschmiede,gallery,no,Tu-Th 11:00-18:00; Fr 11:00-19:00; Sa 11:00-15:00,,jewelry,,,,,,,https://www.fraukette.de/,,,,,,,,,,,,,,,,,,,,,,,,,,,,,,,,,,,,,,,,,,,,,,,,,,,,,,,,,,,,,,,,,,,,,,,,,,,,,,,,,,,
POINT (13.4008282 52.4941264),,,3,10961,Urbanstraße,,,,,Zemin,gallery,no,Tu-Su 16:00-02:00,,,,,,,Zemin Art & Event,,https://zeminberlin.de,,,,,,,,,,,,,,,,,,,,,,,,,,,,,,,,,,,,,,,,,,,,,,,,,,,,,,,,,,,,,,,,,,,,,,,,,,,,,,,,,,,
POINT (13.3951815 52.5111443),Berlin,,61,10117,Leipziger Straße,,,,,Scherben e.V.,gallery,,Fr-Su 14:00-18:00,,,,,,,,,https://www.scherben.in/,,,,,,,,,,,,,,,,,,,,,,,,,,,,,,,,,,,,,,,,,,,,,,,,,,,,,,,,,,,,,,,scherben.scherben,,,,,,,,,,,,,,,,,,,,
POINT (13.3638872 52.4912929),Berlin,,7,10827,Großgörschenstraße,,,,,Q Gallery,gallery,no,,,,,,,,,,https://qgalleryberlin.de,,,,,,,,,,,,,,,,,,,,,,,,,,,,,,,,,,,,,,,https://qgallery.net/images/1597919296.jpg,,,,,,,,,QGallery,,,,,,,,,,,,,,,,,,,,,,,,,,,,,,,,,,,
POINT (13.4124733 52.5184236),Berlin,DE,73a,10179,Klosterstraße,Mitte,,,,Klosterruine Berlin,gallery,no,"May-Sep Mo-Su,PH 10:00-18:00; Oct-Apr ""Special events, exhibition launches / Auftaktveranstaltung""",,,,,"Bezirksamt Mitte von Berlin, Abteilung Weiterbildung, Kultur, Umwelt, Natur, Straßen- und Grünflächen",,,,https://www.klosterruine.berlin/,,,,,+49 30 9018 37461,,,,,,,,,,,,,,,,,,,,,,,,,,,,,,,,,,,,,,,,,,,,,,,,,,,,,,,,,,,,+49 30 9018 37462,,,,,,,,,,,,,,,,,,
POINT (13.3115125 52.508298),,,,,,,,,,Ars et Musica,gallery,,,no,,2024-03-16,,Hiko Iizuka,,,,https://www.ars-et-musica.de,,,,,+49 176 61786726,,,,,,,,,,,,,,,,,,,,,,,,,,0,,,,,,,,,,,,,,,,,,,,,,,,,,,,,,,,,,,,,,,,,,,,,,,,,,,,
POINT (13.3237459 52.5066748),Berlin,DE,10,10623,Carmerstraße,Charlottenburg,,,,Galerie Inga Kondeyne,gallery,,,,,,,,,,,https://www.galeriekondeyne.de/,,,,,,,,,,,,,,,,,,,,,,,,,,,,,,,,,,,,,,,,,,,,,,,,,,,,,,,,,,,,,,,,,,,,,,,,,,,,,,,,,,,
POINT (13.3230636 52.5081475),Berlin,DE,90,10623,Knesebeckstraße,Charlottenburg,,,,Taubert Contemporary,gallery,,,,,2023-07-29,,,,,,https://taubertcontemporary.com,,,,,,,,,,,,,,,,,,,,,,,,,,,,,,,,,,,,,,,,,,,,,,,,,,,,,,,,,,,,,,,,,,,,,,,,,,,,,,,,,,,
POINT (13.3230456 52.5080565),Berlin,DE,90,10623,Knesebeckstraße,Charlottenburg,,,,Galerie Mathias Güntner,gallery,,,,,2023-07-29,,,,,,https://www.mathiasguentner.com,,,,,,,,,,,,,,,,,,,,,,,,,,,,,,,,,,,,,,,,,,,,,,,,,,,,,,,,,,,,,,,,,,,,,,,,,,,,,,,,,,,
POINT (13.3230367 52.5079988),Berlin,DE,89,10623,Knesebeckstraße,Charlottenburg,,,,gräfe,gallery,,,,,,,,,,,https://www.graefe-art.de/,,,,,,,,,,,,,,,,,,,,,,,,,,,,,,,,,,,,,,,,,,,,,,,,,,,,,,,,,,,,,,,,,,,,,,,,,,,,,,,,,,,
POINT (13.3947777 52.5404617),,,64,,Brunnenstraße,,,,,Projektgalerie Brunnen64,gallery,no,,,,2023-04-15,,,,,,,,,,,,,,,,,,,,,,,,,,,,,,,,,,,,,0,,,,,,,,,,,,,,,,,,,,,,,,,,,,,,,,,,,,,,,,,,,,,,,,,,,,
POINT (13.4123393 52.5262702),,,10,10178,Weydingerstraße,,,,,BQ,gallery,no,Mo-Fr 11:00-18:00,,,,,,,,,http://www.bqberlin.de,,,,,030 23457316,,,,,,,,,,,,,,,,,,,,,,,,,,,,,,,,info@bqberlin.de,,,,,,,,,,,,,,,,,,,,,,,,,,,,,,,,,,,,,,,,,,,,,,
POINT (13.3792759 52.5260614),,,,,,,,,,Kunstsammlung der Akademie der Künste,gallery,,,,,2025-06-17,,Akademie der Künste Berlin,,,,https://www.adk.de/de/archiv/kunstsammlung/index.htm,,,,,,,,,,,,,,,,,,,,,,,,,,,,,,,,,,,,,,,,,,,,,,,,,,,,,,,,,,,,,,,,,,Q414110,,,,,,,,,,,,,,,,,
POINT (13.324028 52.5089558),,,,,,,,,,Max Hetzler,gallery,,Tu-Sa 11:00-18:00,,,2024-05-24,,,,,,https://www.maxhetzler.com/,,survey,,,,,,,,,,,,,,,,,,,,,,,,,,,no,,1,,,,,,,,,,,,,,,,,,,,,,,,,,,,,,,,,,,,,,,,,,,,,,,,,,,,
POINT (13.3925214 52.5301201),Berlin,,1,10115,Schröderstraße,,,,,Semjon Contemporary Galerie für zeitgenössische Kunst,gallery,no,Tu-Sa 13:00-19:00,,,,,,,,,https://www.semjoncontemporary.com/,,,,,,,,,,,,,,,,,,,,,,,,,,,,,,,,,,,,,,,,,,,,,,,,,,,,,,,,,,,,,,,,,,,,,,,,,,,,,,,,,,,
POINT (13.3964713 52.531133),Berlin,,154,10115,Ackerstraße,,,,,Artrelations,gallery,no,,,,,,,,,,https://artrelations.de,,,,,,,,,,,,,,,,,,,,,,,,,,,,,,,,,,,,,,,,,,,,,,,,,,,,,,,,,,,,,,,,,,,,,,,,,,,,,,,,,,,
POINT (13.3539337 52.4937044),,,,,,,,,,Schmuckgallerie,gallery,,"Mo,Tu,Th,Fr 10:30-17:00; We 10:30-14:15",,,2025-10-07,,,,,,,,,,,,,,2025-10-07,,,,,,,,,,,,,,no,,,,,,,,,,,,,,,,,,,,,,,,,,,,,,,,,,,,,,,,,,,,,,,,,,,,,,,,,,,,,
POINT (13.409323 52.5853455),,,,,,,,,,Orange AtelierGalerie,gallery,no,"""Offene Atelier & Café am Nachmittag""",no,,,,,,,,,,,,,,,,,,,,,,,,,,,,,,,,,,,,,,,,,,,,,,,,,,,,,,,,,,,,,,,,,,,,,,,,,,,,,,,,,,,,,,,,,,,
POINT (13.4140423 52.5013889),Berlin,,30,10969,Prinzessinnenstr.,,,,,F3 - Freiraum für Fotografie,gallery,yes,Tu-Su 13:00-19:00,,,,,,,,,https://fhochdrei.org,,,,,+493063961119,,,,,,,,,,,,,,,,,,,,,,,,,,,,,,,,,,,,,,,,,,,,,,,,,,,,,,,,,,,,,,,,,,,,,,,,,,,,,,
POINT (13.3878447 52.5178258),Berlin,,51-52,10117,Mittelstraße,,,,,Guelman und Unbekannt,gallery,,,,,,,,,,,https://guelmanundunbekannt.com,,,,,,,,,,,,,,,,,,,,,,,,,,,,,,,,,,,,,,,,,,,,,,,,,,,,,,,,,,,,,,,,,,,,,,,,,,,,,,,,,,,
POINT (13.4163674 52.5271781),,,1,10405,Prenzlauer Allee,,,,,Verwalterhaus,gallery,no,Mo-We off; Th-Fr 15:00-19:00; Sa-Su 13:00-19:00,no,,2024-07-17,,ag friedhofsmuseum Berlin e.V.,,,,https://verwalterhaus.kulturkapellen.de/,,survey,,,+49 30 30343453,,,,,,,,,,,,,,,no,,,,,,,,,yes,,0,,,,,,info@friedhofsmuseum.de,,,,,,,,,,,,,,,,,,,,,,,,,,verwalterhaus_berlin,,,,0,,,,,,,,,,,,,,,,
POINT (13.3672509 52.5043264),,,61,10785,Potsdamer Straße,,,,,P61 Gallery,gallery,,Mo-Fr 12:00-20:00; Sa-Su 14:00-22:00,,,2025-07-27,,,,,,https://www.p61gallery.com/,,,,,,p61gallery,,,,,,,,,,,,,,,,,,,,,,,,,,,,,,,mail@p61gallery.com,,,,,,,,,,,,,,,,,,,,,,,,,,p61gallery,,,,,,,,,,,,,,,,,,,,
POINT (13.4010677 52.535371),Berlin,,6,10119,Zionskirchstraße,,,,,KuKu - Kunst und Kulinarik,gallery,,,,,,,,,,,http://www.kuku-berlin.de/,,,,,+49 30 26105780,,,,,,,,,,,,,,,,,,,,,,,,,,,,,,,,,,,,,,,,,,,,,,,,,,,,,,,,,,,,,,,,,,,,,,,,,,,,,,
POINT (13.4034967 52.4900552),,,,,,,,,,froschke,gallery,no,Fr 14:00-18:00; Sa 11:00-14:00,yes,,,,,,,,,,,,,,,,,,,,,,,,,,,,,,,,,,,,,,,,,,,,,,,,,,,,,,,,,,,,,,,,,,,,,,,,,,,,,,,,,,,,,,,,,,,
POINT (13.3224632 52.474288),Berlin,DE,12,12161,Südwestkorso,Friedenau,,,,Colory,gallery,no,Mo-Th 17:00-20:00,,,,,,,,,http://www.colory.de/,,,,,,,,,,,,,,,,,,,,,,,,,,,,,,,,,,,,,,,,,,,,,,,,,,,,,,,,,,,,,,,,,,,,,,,,,,,,,,,,,,,
POINT (13.3432373 52.5063348),,,14,,Budapester Straße,,,,,COGALERIE,gallery,,"""by appointment""",yes,,2024-01-14,,,,,,https://www.cogalerie.de,,,,,,,,,,,,,,,,,,,,,,,,,,,,,,,,,,,,,,,,,,,,,,,,,,,,,,,,,,,,,,,,,,,,,,,,,,,,,,,,,,,
POINT (13.3694889 52.5428992),,,116,,Reinickendorfer Straße,,,,,Atelier R116,gallery,no,,no,,2024-02-14,,,,,,,,,,,,,,2024-06-17,,,,,,,,,,,,,,no,,,,,,,,,0,,,,,,,,,,,,,,,,,,,,,,,,,,,,,,,,,,,,,,,,,,,,,,,,,,,,
POINT (13.4065863 52.5242113),,,,,,,,,,Kostbar,gallery,,,,,,,,,,,,,,,,,,,,,,,,,,,,,,,,,,,,,,,,,,,,,,,,,,,,,,,,,,,,,,,,,,,,,,,,,,,,,,,,,,,,,,,,,,,,,,
POINT (13.3049617 52.5080339),,,34,,Pestalozzistraße,,,,,Temple,gallery,no,"Mo-Su,PH 15:00-18:00",yes,,2024-04-23,,,,,,https://www.arttemple.net,,,,,,,,,,,,,,,,,,,,,,,,,,,,,,,0,,,,,,contact@arttemple.net,,,,,,,,,,,,,,,,,,,,,,,,,,,,,,,,,,,,,,,,,,,,,,
POINT (13.3452669 52.4807569),,,,,,,,,,"hitzbleck, staudenherz projektraum",gallery,,,,,,,,,,,,,,,,,,,,,,,,,,,,,,,,,,,,,,,,,,,,,,,,,,,,,,,,,,,,,,,,,,,,,,,,,,,,,,,,,,,,,,,,,,,,,,
POINT (13.3247217 52.4548201),,,,,,,,,,Galerie Classico,gallery,,,,,,,,,,,http://www.galerie-classico.de/,,,,,+49 30 79 709 384,,,,,,,,,,,,,,,,,,,,,,,,,,,,,,,,,,,,,,,,,,,,,,,,,,,,,,,,,,,,,,,,,,,,,,,,,,,,,,
POINT (13.3880492 52.4901325),,,109,,Bergmannstraße,,,,,Hoto,gallery,no,"Mo-Tu,Su off; We-Sa 13:00-18:00",,,2024-04-07,,,,,,https://hotoart.de,,,,,,,,,,,,,,,,,,,,,,,,,,,,,,,,,,,,,,,,,,,,,,,,,,,,,,,,,,,,,,,,,,,,,,,,,,,,,,,,,,,
POINT (13.3511515 52.5241052),Berlin,,110,10559,Alt-Moabit,,,,,Alexander Levy,gallery,,"Mo-Tu,Su off; We-Sa 11:00-18:00",,,2024-07-18,,,,,,https://alexanderlevy.de/,,,,,+49 30 25292221,,,,,,,,,,,,,,,,,,,,,,,,,,,,,,,,info@alexanderlevy.net,,,,,,,,,,,,,,,,,,,,,,,,,,,,,,,,,,,,,,,,,,,,,,
POINT (13.4102621 52.5413599),,,,,,,,,,Galerie Mazzoli,gallery,,Tu-Sa 14:00-18:00,,,,,,,,,https://www.galleriamazzoli.com/,,,,,+493075459560,,,,,,,,,,,,,,,,,,,,,,,,,,,,,,,,info@galeriemazzoli.com,,,,,,,,,,,,,,,,,,,,,,,,,,,,,,,,,,,,,,,,,,,,,,
POINT (13.4258664 52.5303836),,,224,,Greifswalder Straße,,,,,KlanGallerie,gallery,,,no,,2024-06-13,,,,,,,,,,,,,,,,,,,,,,,,,,,,,,,,,,,,,,,,,,,,,,,,,,,,,,,,,,,,,,,,,,,,,,,,,,,,,,,,,,,,,,,,,
POINT (13.3978763 52.5102223),,,47,10117,Leipziger Straße,,,,,KVOST,gallery,,We-Sa 14:00-18:00,yes,,2024-06-15,,Kunstverein Ost e.V.,,,,https://kvost.de/,,survey,,,+49 30 28875888,https://www.facebook.com/KVOST.BERLIN,,,,,,,,,,,,,,,,,,,,,,,yes,,0,,,,,,,,,,,,,,,,,,,,,,,,,,,,,,,,https://www.instagram.com/kvost,,,,0,,,,,,,,,,,,,,,,
POINT (13.3428281 52.5186711),Berlin,,5,10557,Bartningallee,,,,,GROTTO,gallery,,"We,Fr,Sa 14:00-17:00",,,,,,,,,https://grotto.berlin/,,,,,,,,,,,,,,,,,,,,,,,,,,,,,,,,,,,,,,,,,,,,,,,,,,,,,,,,,,,,,,,,,,,,,,,,,,,,,,,,,,,
POINT (13.4115571 52.5327993),,,,,,,,,,Circular Gallery,gallery,,,,,,,,,,,,,,,,,,,,,,,,,,,,,,,,,,,,,,,,,,,,,,,,,,,,,,,,,,,,,,,,,,,,,,,,,,,,,,,,,,,,,,,,,,,,,,
POINT (13.3625601 52.5500007),,,37,,Nazarethkirchstraße,,,,,Zuostant,gallery,no,,,,2024-07-12,,,,,,,,,,,,,,,,,,,,,,,,,,,,,,,,,,,,,0,,,,,,,,,,,,,,,,,,,,,,,,,,,,,,,,zuostant,,,,0,,,,,,,,,,,,,,,,
POINT (13.4210695 52.497397),Berlin,,33,10999,Mariannenstraße,,,,,Galerie Met,gallery,,Tu-Sa 11:00-18:00,,,,,Galerie Met,,,,https://galeriemet.com,,,,,+49 (0) 30 29350138,,,,,,,,,,,,"Art gallery in Berlin with a focus on contemporary art, and digital art in Metaverse.",,,,,,,,,,,,,,,,,,,,info@galeriemet.com,,,,,,,,,,,,,,,,,,,,,,,,,,,,,,,,,,,,,,,,,,,,,,
POINT (13.2740105 52.4514118),Berlin,,174,14195,Clayallee,,,,,Fluentum,gallery,,,limited,,,,,,,,https://www.fluentum.org/,Q115770980,,,,,,,,,,,,,,,,,,,,,,,,,,,,,,,,,,,,,,,,,,,,,,,,,,,,,,,,,,,,,,,,,,,,,,,,,,,,,,,,,,
POINT (13.3985545 52.5277893),,,5,,Koppenplatz,,,,,Migrant Bird Space,gallery,,Tu-Sa 11:00-18:00,no,,2024-08-06,,Migrant Bird Space Arts Management GmbH,,,,https://www.migrantbirdspace.com/,,,,,+49 30 49952524,,,,,,,,,,,,,,,,,,,,,,,,,,0,,,,,,mail@migrantbirdspace.com,,,,,,,,,,,,,,,,,,,,,,,,,,https://www.instagram.com/migrant_bird_space,,,,0,,,,,,,,,,,,,,,,
POINT (13.3144862 52.5030628),,,,,,,,,,Galerie Brockstedt,gallery,no,Tu-Fr 12:00-18:00; Sa 12:00-14:00,,,,,,,,,,,,,,,,,,,,,,,,,,,,,,,,,,,,,,,,,,,,,,,,,,,,,,,,,,,,,,,,,,,,,,,,,,,,,,,,,,,,,,,,,,,,
POINT (13.3983579 52.5333668),,,170,,Brunnenstraße,,,,,Luisa Catucci Gallery,gallery,,Tu-Fr 11:00-18:00; Sa 12:00-17:00,no,,2024-09-06,,,,,,,,,,,,,,,,,,,,,,,,,,,,,,,,,,,,,0,,,,,,,,,,,,,,,,,,,,,,,,,,,,,,,,,,,,0,,,,,,,,,,,,,,,,
POINT (13.3977175 52.4887429),,,32,,Bergmannstraße,,,,,Mikhel Muskar,gallery,no,,,,2024-08-21,,,,,,,,,,,,,,,,,,,,,,,,,,,,,,,,,,,,,,,,,,,,,,,,,,,,,,,,,,,,,,,,,,,,,,,,,,,,,,,,,,,,,,,,,
POINT (13.3968466 52.530353),Berlin,,163,10115,Ackerstraße,,,,,Michael Reid,gallery,no,Mo-Fr 10:00-17:00,no,,,,,,,,https://michaelreid.com.au/berlin/,,,,,+49 30 94404719,https://www.facebook.com/michaelreidberlin/,,,,,,,,,,,,,,,,,,,,,,,,,,,,,,,infoberlin@michaelreid.com.au,,,,,,,,,,,,,,,,,,,,,,,,,,https://www.instagram.com/michaelreidberlin/,,,,,,,,,,,,,,,,,,,,
POINT (13.4122761 52.5262646),Berlin,,10,10178,Weydingerstraße,,,,,Galerie Anton Janizewski,gallery,no,We-Sa 12:00-18:00,yes,,,,,,,,https://antonjanizewski.com/,,,,,,,,,,,,,,,,,,,,,,,,,,,,,,,,,,,,,,,,,,,,,,,,,,,,,,,,,,,,,,,,,,,,,,,,,,,,,,,,,,,
POINT (13.4649409 52.5155079),,,,,,,,,,Studio 4,gallery,no,,,,,,,,,,,,,,,,,,,,,,,,,,,,,,,,,,,,,,,,,,,,,,,,,,,,,,,,,,,,,,,,,,,,,,,,,stvdiovier,,,,,,,,,,,,,,,,,,,,
POINT (13.447881 52.54933),,,,,,,,,,Galerie kunstWerkstatt Weißensee,gallery,,,,,,,,,,,,,,,,,,,,,,,,,,,,,,,,,,,,,,,,,,,,,,,,,,,,,,,,,,,,,,,,,,,,,,,,,,,,,,,,,,,,,,,,,,,,,,
POINT (13.4110484 52.5129894),Berlin,,7,10179,Inselstraße,,,,,Die Möglichkeit einer Insel,gallery,,"""nur während Ausstellungen, siehe Webseite""",,,,,,,,,https://www.moeglichkeit-einer-insel.de/,,,,,,,,,,,,,,,,,,,,,,,,,,,,,,,,,,,,,,,,,,,,,,,,,,,,,,,,,,,,,,,,,,,,,,,,,,,,,,,,,,,
POINT (13.3604626 52.5001771),Berlin,,145,10785,Kurfürstenstraße,,,,,Heidi,gallery,,Th-Sa 11:00-18:00,,,,,,,,,https://www.heidigallery.com/,,,,,,,,,,,,,,,,,,,,,,,,,,,,,,,,,,,,,,,,,,,,,,,,,,,,,,,,,,,,,,,,,,,,,,,,,,,,,,,,,,,
POINT (13.2966393 52.5106558),,,,,,,,,,Kicken Gallery,gallery,,,,,,,,,,,https://kicken-gallery.com,,,,,,,,,,,,,,,,,,,,,,,,,,,,,,,,,,,,,,,,,,,,,,,,,,,,,,,,,,,,,,,,,,,,,,,,,,,,,,,,,,,
POINT (13.3933076 52.5060474),Berlin,DE,3,10969,Charlottenstraße,Kreuzberg,,,,Saarländische Galerie,gallery,no,,,,,,,,,,https://www.saarlaendische-galerie.eu/,,,,,,,,,,,,,,,,,,,,,,,,,,,,,,,,,,,,,,,,,,,,,,,,,,,,,,,,,,,,,,,,,,,,,,,,,,,,,,,,,,,
POINT (13.416335 52.5261288),,,,,,,,,,New & Abstract,gallery,no,,,,2025-08-11,,,,,,,,,,,,,,2025-08-11,,,,,,,,,Contemporary Art,,,,,no,,,,,,,,,,,,,,,,,,,,,,,,,,,,,,,,,,,,,,,,,,,,,,,,,,,,,,,,,,,,,
POINT (13.2111076 52.5415478),,,,,,,,,,,gallery,,,,,2024-12-13,,,,,,,,,,,,,,,,,,,,,,,,,,,,,,,,,,,,,,,,,,,,,,,,,,,,,,,,,,,,,,,,,,,,,,,,,,,,,,,,,,,,,,,,,
POINT (13.4243815 52.492434),,,,,,,,,,Galerie Studio St. St.,gallery,,"Fr,Sa 20:00-00:00",,,,,,,,,,,,,,,https://www.facebook.com/pages/Galerie%20Studio%20St.%20St./118459091546273/,,,,,,,,,,,,,,,,,,,,,,,,,,,,,,,,,,,,,,,,,,,,,,,,,,,,,,,,,,,,,,,,,,,,,,,,,,,,,
POINT (13.3901685 52.525397),,,,,,,,,,,gallery,,,,,2025-01-19,,,,,,,,,,,,,,,,,,,,,,,,,,,,,,,,,,,,,,,,,,,,,,,,,,,,,,,,,,,,,,,,,,,,,,,,,,,,,,,,,,,,,,,,,
POINT (13.6021834 52.5332266),Berlin,,41,12619,Auerbacher Ring,,,,,station urbaner kulturen/nGbK Hellersdorf,gallery,,Thu+Sat 15:00–19:00,,,,,neue Gesellschaft für bildende Kunst,,,,https://ngbk.de/en/besuch/station-urbaner-kulturen-ngbk-hellersdorf,,,,,,,,,,,,,,,,,,,,,,,,,,,,,,,,,,,,,,,,,,,,,,,,,,,,,,,,,,,,,,,,,,,,,,,,,,,,,,,,,,,
POINT (13.3810922 52.5042965),,,,,,,,,,di Galerie,gallery,no,Su 16:00-19:00,yes,,,,,,,,,,,,,,,,,,,,,,,,,,,,,,,,,,,,,,,,,,,,,,,,,,,,,,,,,,,,,,,,,,,,,,,,,,,,,,,,,,,,,,,,,,,
POINT (13.3663999 52.5035288),,,,,,,,,,Dorothée Nilsson Gallery,gallery,,We-Sa 12:00-18:00,,,2025-07-27,,,,,,,,,,,,,,,,,,,,,,,,,,,,,,,,,,,,,,,,,,,,,,,,,,,,,,,,,,,,,,,,,,,,,,,,,,,,,,,,,,,,,,,,,
POINT (13.4528741 52.4728796),,,,,,,,,,Stern 5 Zacken,gallery,no,,,,,,,,,,,,,,,,,,,,,,,,,,,,,,,,,,,,,,,,,,,,,,,,,,,,,,,,,,,,,,,,,,,,,,,,,,,,,,,,,,,,,,,,,,,,,
POINT (13.4482507 52.4741128),,,3,12055,Schudomastraße,,,,,hdk,gallery,,,,,,,,,,,https://www.atelier-hdk.com,,,,,,,,,,,,,,,,,,,,,,,,,,,,,,,,,,,,,,,,,,,,,,,,,,,,,,,,,,,,,,,,,,,,,,,,,,,,,,,,,,,
POINT (13.2044109 52.5385444),,,,,,,,,,Kommunale Galerie im Historischen Keller,gallery,no,,,,,,,,,,,,,,,,,,2025-07-05,,,,,,,,,,,,,,no,,,,,,,,,,,,,,,,,,,,,,,,,,,,,,,,,,,,,,,,,,,,,,,,,,,,,,,,,,,,,
POINT (13.3966521 52.5314578),,,19,,Ackerstraße,,,,,Miete Strom Gas,gallery,,,,,2025-10-07,,,,,,,,,,,,,,,,,,,,,,,,,,,,,,,,,,,,,,,,,,,,,,,,,,,,,,,,,,,,,,,,,,,,,,,,,,,,,,,,,,,,,,,,,
POINT (13.4291842 52.4875662),,,31,12047,Reuterstraße,,,,,HilbertRaum,gallery,,Fr 16:00-19:00; Sa-Su 14:00-19:00,,,,,,,,,https://hilbertraum.org/,,,,,,,,,,,,,,,,,,,,,,,,,,,,,,,,,,,,,info@hilbertraum.org,,,,,,,,,,,,,,,,,,,,,,,,,,,,,,,,,,,,,,,,,,,,,,
POINT (13.3083501 52.43779),,,7,,Söhtstraße,,,,,prideART Berlin,gallery,,,,,2025-04-21,,prideART Berlin e.V.,,,,https://prideart.eu/,,,,,,,,,,,,,,,,,,,,,,,,,,,,,yes,,,,,,,,info@prideART.eu,,,,,,,,,,,,,,,,,,,,,,,,,,,,,,,yes,,,,,,,,,,,,,,,
POINT (13.4002113 52.5269231),,,,,,,,,,Polykiosk,gallery,,,,,2025-05-08,,,,,,,,,,,,,,,,,,,,,,,,,,,,,,,,,,,,,,,,,,,,,,,,,,,,,,,,,,,,,,,,,,,,,,,,,,,,,,,,,,,,,,,,,
POINT (13.4124032 52.5266291),,,,,,,,,,Sternschuppen,gallery,,,,,2025-05-14,,Volksbühne,,,,https://www.volksbuehne.berlin/#/de/sternschuppen,,,,,,,,,,,,,,,,,,,,,,,,,,,,,,,0,,,,,,,,,,,,,,,,,,,,,,,,,,,,,,,,,,,,0,,,,,,,,,,,,,,,,
POINT (13.5500841 52.4390018),,,,,,,+49 30 90297-5716,https://galerie-alte-schule-adlershof.de/,,Galerie Alte Schule Adlershof,gallery,no,"Tu,We,Th 12:00-19:00; Fr 12:00-17:00; Sa 15:00-19:00",,,,,,,,,,,,,,,,,,,,,,,,,,,,,,,,,,,,,,,+49 30 90297-5718,,,,,,,,,,,,,,,,,,,,,,,,,,,,,,,,,,,,,,,,,,,,,,,,,,,,,
POINT (13.4119057 52.5261535),Berlin,DE,6,10178,Weydingerstraße,,,,,MOUNTAINS,gallery,no,We-Fr 12:00-18:00; Sa-Tu off,yes,,,,,,,,https://mountains.gallery/,,,,,+491701278493,,,,,,,,,,,,,,,,,,,,,,,,,,,,,,,,,,,,,,,,,,,,,,,,,,,,,,,,,,,,,,,,,,,,,,,,,,,,,,
POINT (13.4312602 52.5178548),Berlin,,62,10243,Karl-Marx-Allee,,,,,Galeria Azur,gallery,no,Tu-Fr 12:00-18:00,,,,,Artzur GmbH,,,,https://galeriaazur.art/de/,,,,,,,,,,,,,,,,,,,,,,,,,,,,,,,,,,,,,berlin@galeriaazur.art,,,,,,,,,,,,,,,,,,,,,,,,,,,,,,,,+49-157-3047 0392,,,,,,,,,,,,,,
POINT (13.4370269 52.4772953),,,11,12053,Kienitzer Straße,,,,,Polymedialer Ponyhof,gallery,,,,,,,,,,,https://www.polymedialerponyhof.de/,,,,,,,,,,,,,,,,,,,,,,,,,,,,,,,0,,,,,,,,,,,,,,,,,,,,,,,,,,,,,,,,,,,,,,,,,,,,,,,,,,,,
POINT (13.4105158 52.5271905),Berlin,,45,10178,Rosa-Luxemburg-Straße,,,,,Kunstverein am Rosa-Luxemburg-Platz e.V,gallery,,,,,,,,,,,,,,,,,,,,,,,,,,,,,,,,,,,,,,,,,,,,,,,,,,,,,,,,,,,,,,,,,,,,,,,,,,,,,,,,,,,,,,,,,,,,,,
POINT (13.3916607 52.5261512),,,,,,,,,,Atelier Lile,gallery,,,,,2025-08-26,,,,,,,,,,,,,,,,,,,,,,,,,,,,,,,,,,,,,,,,,,,,,,,,,,,,,,,,,,,,,,,,,,,,,,,,,,,,,,,,,,,,,,,,,
POINT (13.4112146 52.5204946),Berlin,,6,10178,Rathausstraße,,,,,IKONO,gallery,yes,,,,,,,,,,https://ikono.global/de/berlin,,,,,+49 155 65021869,,,,,,,,,,,,,,,,,,,,,,,,,,,,,,,,berlin@ikono.global,,,,,,,,,,,,,,,,,,,,,,,,,,,,,,,,,,,,,,,,,,,,,,
POINT (13.4263937 52.5187148),Berlin,,19,10243,Strausberger Platz,,,,,Galerie Philippe Bober,gallery,no,"""mit Termin""",,,,,,,,,https://www.galeriephilippebober.eu/,,,,,,,,,,,,,,,,,,,,,,,,,,,,,,,,,,,,,info@galeriephilippebober.eu,,https://static.wixstatic.com/media/b2f02b_2ff23a0323ee416685b94b0f96eb519f~mv2.jpg,,,,,,,,,,,,,,,,,,,,,,,,,,,,,,,,,,,,,,,,,,,,
POINT (13.3884384 52.4890892),,,5,,Bergmannstraße,,,,,Browse Gallery,gallery,,,,,,info@browse.gallery,,,,,https://browse.gallery,,,,,+4915233609236,,,,,,,,,,,,,,,,,,,,,,,,,,,,,,,,,,,,,,,,,,,,,,,,,,,,,,,,,,,,,,,,,,,,,,,,,,,,,,
POINT (13.4142537 52.5495391),Berlin,,79,10439,Schönhauser Allee,,,https://www.rene-cassio-scholz.com/galerie/,,Kunst Orte Berlin,gallery,,Th-Sa 13:00-19:00,,,,,René Cassio Scholz,,,,,,,,,,,,,,,,,,,,,,,,,,,,,,,,,,,,,,,,,,,,,,,,,,,,,,,,,,,,,,,,,,,,,,,,,,,,,,,,,,,,,,,
POINT (13.3451765 52.5280297),,,43,,Lübecker Straße,,,,,Scope Berlin,gallery,,Fr-Sa 14:00-18:00,,,2025-10-10,,,,,,,,,,,,,,,,,,,,,,,,,,,,,,,,,,,,,,,,,,,,,,,,,,,,,,,,,,,,,,,,,,,,,,,,,,,,,,,,,,,,,,,,,
POINT (13.3455268 52.5284495),,,,,,,,,,Kurt Kurt,gallery,,,,,2025-10-10,,,,,,,,,,,,,,,,,,,,,,,,,,,,,,,,,,,,,,,,,,,,,,,,,,,,,,,,,,,,,,,,,,,,,,,,,,,,,,,,,,,,,,,,,
POINT (13.4278571 52.4985518),,,10,10999,Wiener Straße,,,,,Atelier Roman Lipski,gallery,,,,,,,,,,,https://www.romanlipski.com/,,,,,,,,,,,,,,,,,,,,,,,,,,,,,,,,,,,,,,,,,,,,,,,,,,,,,,,,,,,,,,,,,,,,,,,,,,,,,,,,,,,
"MULTIPOLYGON (((13.4458656 52.5027977, 13.4457382 52.5028352, 13.4457399 52.5028381, 13.4458673 52.5028005, 13.4460094 52.5027632, 13.4461184 52.5027299, 13.4461167 52.5027268, 13.4460081 52.5027595, 13.4458656 52.5027977)), ((13.4447282 52.5031684, 13.4449101 52.503104, 13.4451501 52.5030254, 13.4453948 52.5029467, 13.4455558 52.5028938, 13.4455525 52.5028916, 13.4453932 52.502944, 13.4453046 52.5029721, 13.4451474 52.503022, 13.4449074 52.5031016, 13.4447253 52.5031658, 13.4445181 52.5032355, 13.4445225 52.5032397, 13.4445977 52.5032139, 13.4447282 52.5031684)), ((13.443632 52.5035526, 13.4432401 52.5036907, 13.4428575 52.5038278, 13.4426664 52.5038965, 13.4424326 52.5039799, 13.4422735 52.5040363, 13.442223 52.5040542, 13.4420138 52.5041279, 13.4420163 52.5041305, 13.4422257 52.5040562, 13.4424342 52.5039817, 13.4426683 52.5038981, 13.4426971 52.5038878, 13.4428594 52.5038295, 13.4432421 52.5036926, 13.4434314 52.5036257, 13.443634 52.5035541, 13.4439358 52.5034474, 13.4442504 52.5033376, 13.4442486 52.5033352, 13.4439339 52.5034456, 13.443632 52.5035526)), ((13.4411004 52.5043698, 13.4410824 52.5043517, 13.4405782 52.5045385, 13.4405962 52.5045565, 13.4411004 52.5043698)), ((13.4411245 52.5044509, 13.4409979 52.5045, 13.4408536 52.5045559, 13.4407099 52.5046084, 13.4405512 52.5046684, 13.440382 52.5047343, 13.440239 52.5047884, 13.4401061 52.5048396, 13.4400181 52.5048734, 13.439887 52.504926, 13.4397673 52.5049733, 13.4396441 52.5050223, 13.4394812 52.50509, 13.4394109 52.5051193, 13.4391947 52.505213, 13.4389647 52.505322, 13.4387351 52.505434, 13.4385141 52.5055538, 13.438211 52.5057344, 13.4380592 52.5058271, 13.4379123 52.5059218, 13.4379161 52.5059233, 13.4380634 52.5058287, 13.4382144 52.5057377, 13.4385178 52.5055573, 13.4387398 52.5054365, 13.4389684 52.5053254, 13.4392004 52.5052165, 13.4394137 52.5051221, 13.4396454 52.5050242, 13.4397693 52.5049744, 13.439888 52.5049274, 13.4400194 52.5048748, 13.4401078 52.5048413, 13.44024 52.5047903, 13.4403835 52.5047357, 13.4405523 52.5046703, 13.4407113 52.50461, 13.4408554 52.5045577, 13.4409999 52.5045016, 13.4411262 52.5044525, 13.4412889 52.5043914, 13.4414404 52.504335, 13.4415113 52.5043104, 13.4415085 52.5043078, 13.4414371 52.5043329, 13.4412879 52.5043895, 13.4411245 52.5044509)), ((13.4374946 52.5062255, 13.437596 52.5061486, 13.4376948 52.5060784, 13.4377771 52.5060218, 13.4378326 52.5059807, 13.4378552 52.5059641, 13.4378527 52.5059626, 13.4378307 52.5059786, 13.4377752 52.5060203, 13.4376921 52.5060768, 13.437594 52.5061472, 13.4374928 52.5062239, 13.4373478 52.5063321, 13.4372594 52.5063971, 13.4372636 52.5063999, 13.4373496 52.5063338, 13.4373646 52.5063226, 13.4374946 52.5062255)), ((13.4369573 52.5066356, 13.4368957 52.506688, 13.4367272 52.5068166, 13.4365753 52.5069305, 13.43647 52.5070144, 13.4363731 52.5070909, 13.4361914 52.5072378, 13.4360751 52.5073276, 13.4359798 52.5074021, 13.4358742 52.5074841, 13.4357612 52.5075715, 13.4355953 52.507701, 13.4354991 52.5077774, 13.4353666 52.5078767, 13.4352714 52.5079365, 13.4352386 52.5079582, 13.4352151 52.5079729, 13.4351899 52.5079867, 13.4351282 52.5080161, 13.4350253 52.5080698, 13.4349281 52.50812, 13.4347148 52.5082314, 13.4345395 52.5083183, 13.4345435 52.5083216, 13.4347172 52.5082341, 13.4349308 52.5081228, 13.4350287 52.5080724, 13.4351303 52.5080194, 13.435193 52.5079892, 13.4352168 52.5079751, 13.4352406 52.507961, 13.4352738 52.5079386, 13.43537 52.5078788, 13.4355021 52.5077792, 13.4355992 52.5077045, 13.4357639 52.5075733, 13.4358769 52.5074864, 13.4359832 52.5074033, 13.4360781 52.50733, 13.4361961 52.5072394, 13.4363751 52.5070933, 13.4364724 52.5070166, 13.436578 52.5069329, 13.4367299 52.5068197, 13.4368972 52.5066895, 13.4369597 52.5066376, 13.4370449 52.5065705, 13.4371991 52.5064458, 13.437195 52.5064445, 13.4370422 52.5065686, 13.4369573 52.5066356)))",,,,,,,,http://www.eastsidegallery-berlin.de,,East Side Gallery,gallery,no,24/7,,,,,,,,,,Q313746,,,,,,,,,,,,,,,,,,,,en:East Side Gallery,,,,,,,,,,,,,,,,,,,,,,,,,,,,,,,,,,,,,,,,,,,,,,,,,,,,,,,,,,,,,multipolygon,이스트 사이드 갤러리
"POLYGON ((13.4101512 52.5314892, 13.4103642 52.5314124, 13.4102522 52.5312898, 13.4102323 52.5312965, 13.4101803 52.5313147, 13.4100782 52.531351, 13.4100311 52.5313674, 13.4101512 52.5314892))",,,,,,,,,,Galerie & Ateliers Mikael Andersen,gallery,,,no,,,,,,,,,,,,,,,,,,,,,,,,,,,,,,,,,,,,,,,,,,,,,,,,,,,,,,,,,,,,,,,,,,,,,,,,,,,,,,Haus 4,commercial,,,,,,,,,,,,
"POLYGON ((13.3569883 52.4906981, 13.3572135 52.4906953, 13.3572127 52.4906711, 13.357385 52.490669, 13.3573837 52.4906292, 13.3575907 52.4906267, 13.3575874 52.4905239, 13.3573768 52.4905264, 13.3573766 52.4905203, 13.3573116 52.4905211, 13.3573115 52.4905179, 13.3572796 52.4905183, 13.357256 52.4905186, 13.3572561 52.4905218, 13.3571888 52.4905226, 13.3571891 52.49053, 13.3569829 52.4905326, 13.3569883 52.4906981))",Berlin,,6-7,10823,Grunewaldstraße,Schöneberg,,https://www.hausamkleistpark.de/,,Haus am Kleistpark,gallery,,,,,,,,,,,,Q61768864,,,,,,,,,,,,,,,,,,,,,,,,,,,,,,,,,,,,,,,,,,,,,,,,,,,,,,,,,,,,,,,,,,,,,,yes,4,,,,,,,,,,,
"POLYGON ((13.3939981 52.5266608, 13.3940396 52.5265733, 13.3938242 52.526534, 13.393774 52.5266329, 13.3937685 52.5266445, 13.3938153 52.5266527, 13.3938137 52.526656, 13.3938604 52.5266642, 13.393862 52.5266609, 13.3939064 52.5266687, 13.3938975 52.5266885, 13.3939786 52.5267024, 13.3939981 52.5266608))",Berlin,DE,75,10117,Auguststraße,Mitte,,,,Alfred Ehrhardt Stiftung,gallery,,Tu-Su 11:00-18:00; Th 11:00-21:00,no,,,,,,,,http://www.alfred-ehrhardt-stiftung.de,,,,,,,,,,,,,,,,,,photo,,,,,,,,,,,,,,,,,,,,,,,,,,,,,,,,,,,,,,,,,,,,,,,,,,,,,apartments,4,4,lda,Ensembleteil,09035085,,,,,,,
"POLYGON ((13.2011662 52.5368937, 13.201168 52.537004, 13.2011687 52.5370347, 13.2011426 52.5370362, 13.2011485 52.5370839, 13.2011747 52.5370848, 13.2011927 52.5372341, 13.2011615 52.5372359, 13.2011734 52.5372874, 13.2012097 52.5372862, 13.2012287 52.5373432, 13.2012695 52.537338, 13.2012918 52.5373284, 13.2012551 52.5372279, 13.2012412 52.5371339, 13.2012039 52.5371353, 13.2012013 52.5371056, 13.2012372 52.5371042, 13.2012325 52.5370655, 13.2012289 52.5370034, 13.2012285 52.5369085, 13.2012285 52.5368961, 13.2012245 52.5368982, 13.2012199 52.5369001, 13.2012156 52.5369015, 13.2012111 52.5369025, 13.2012031 52.5369036, 13.2011946 52.5369036, 13.2011871 52.5369027, 13.2011788 52.5369006, 13.2011724 52.5368979, 13.2011681 52.5368953, 13.2011662 52.5368937))",,,,,,,,http://www.casa-ev.de/de/kunst-und-kultur/kunstremise-spandau.html,,Kunstremise Spandau,gallery,,Mo-Fr 14:00-18:00,,,,,,,,,,,,,,,,,,,,,,,,,,,,,,,,,,,,,,,,,,,,,,,,,,,,,,,,,,,,,,,,,,,,,,,,,,,,,,,,yes,,,,,,,,,,,,
"POLYGON ((13.4248816 52.5198378, 13.4251062 52.5197698, 13.425297 52.5197121, 13.4254954 52.5199548, 13.425336 52.520003, 13.4252181 52.5198588, 13.4249621 52.5199362, 13.4248816 52.5198378))",Berlin,,45,10178,Karl-Marx-Allee,,,,,Capitain Petzel,gallery,yes,Tu-Sa 11:00-18:00,limited,,,,Capitain Petzel GmbH,,,,https://www.capitainpetzel.de/,Q131395444,,,,,,,,,,,,,,,,,,,,,,,,,,,,,,,,,,,,,,,,,,,,,,,,,,,,,,,,,,,,,,,,,,,,,,yes,2,,,,,,,,,,,
"POLYGON ((13.5193917 52.4598368, 13.5191091 52.4593699, 13.5180192 52.4596149, 13.5183178 52.4601082, 13.519304 52.4598866, 13.519288 52.4598601, 13.5193917 52.4598368))",Berlin,DE,17,12459,Reinbeckstraße,Oberschöneweide,+49 30 2039310,http://www.reinbeckhallen.de/,,Reinbeckhallen,gallery,yes,"Th,Fr 16:00-20:00; Sa,Su 11:00-20:00",,,,kontakt@reinbeckhallen.de,,,,,,,,,,,,,2023-10-02,,,,,,,,,,,,,,,,,,,,,,,,,,,,,,,,,,,,,,,,,,,,,,,,,,,,,,,,,,,,,,,industrial,,,,,,,,,,,,
"POLYGON ((13.2995657 52.503121, 13.2999801 52.5032132, 13.3000048 52.5031697, 13.2995908 52.5030775, 13.2995657 52.503121))",Berlin,DE,34,10629,Gervinusstraße,Charlottenburg,+49 30 31014640,http://www.kunsthalle-koidl.de,,Kunsthalle Koidl,gallery,,,,,,,,,,,,Q115792597,,,,,,,,,,,,,,,,,,,,,,,,,,,,,,,,,,,,,,,,,,,,,,,,,,,,,,,,,,,,,,,,,,,,,,commercial,1,,,,,0,,,,,,
"POLYGON ((13.4105062 52.5313804, 13.410494 52.5313659, 13.4104098 52.5313923, 13.4104117 52.5313957, 13.4103642 52.5314124, 13.4102522 52.5312898, 13.4105883 52.5311718, 13.4107025 52.5312965, 13.4105494 52.5313415, 13.4105653 52.5313616, 13.4105062 52.5313804))",,,,,,,,,,Ateliergemeinschaft Meinblau,gallery,,,no,,,,,,,,,,,,,,,,,,,,,,,,,,,,,,,,,,,,,,,,,,,,,,,,,,,,,,,,,,,,,,,,,,,,,,,,,,,,,,Haus 5,commercial,,,,,,,,,,,,
"POLYGON ((13.4348371 52.5308081, 13.4346035 52.530909, 13.4347137 52.531004, 13.4348715 52.5309362, 13.4349483 52.5309994, 13.4348806 52.5310299, 13.4348772 52.531026, 13.4347873 52.5310661, 13.4348368 52.5311099, 13.4349941 52.5310373, 13.4350662 52.531006, 13.4350295 52.5309765, 13.4348371 52.5308081))",Berlin,DE,35,10407,Hufelandstraße,Prenzlauer Berg,,,,Essen und Trinken im Museum (Zimmer f. Zeiterweiterung),gallery,,,,,,,,,,,,,,,,,,,,,,,,,,,,,,,,,,,,,,,,,,,,,,,,,,,,,,,,,,,,,,,,,,,,,,,,,,,,,,,,,,apartments,6,,,,,1,double_saltbox,,,,,
"POLYGON ((13.444196 52.488794, 13.4439684 52.4886459, 13.4438723 52.4887006, 13.4440999 52.4888488, 13.444196 52.488794))",Berlin,DE,1-3,12435,Mengerzeile,Alt-Treptow,,,,Atelierhaus Mengerzeile,gallery,no,,,,,,,,,,https://www.atelierhaus-mengerzeile.de/haus/home,,,,,,,,2024-07-11,,,,,,,,,,,,,,no,,,,,,,,,,,,,,,,,,,,,,,,,,,,,,,,,,,,,,,,,,,,,,,,Kunsthalle M3,factory,6,,,,,0,flat,arts_centre,,,,
"POLYGON ((13.4931004 52.492931, 13.4932081 52.4929733, 13.4933026 52.4928823, 13.4929745 52.4927513, 13.4927534 52.4926669, 13.4926343 52.4927854, 13.4927065 52.4928141, 13.4927444 52.4928273, 13.4928433 52.4928658, 13.4928243 52.4928875, 13.492815 52.4928937, 13.4928908 52.4929225, 13.4929288 52.4928854, 13.4929451 52.49287, 13.4930453 52.4929082, 13.4931004 52.492931))",Berlin,,46,10317,Köpenicker Chaussee,,,,,DARK MATTER,gallery,yes,"We,Th 14:00-22:00; Fr 12:00-23:00; Sa 11:00-23:00; Su 11:00-22:00",yes,,,,Christopher Bauder,,,,https://www.darkmatter.berlin/,,,,,,,,2025-09-03,,,,,,,,,,,,,,,,,,,,,,,,,,,,,,,,,,,,,,,,,,,,,,,,,,,,,,,,,,,,,,,yes,2,,,,,1,gabled,,grey,,,
"POLYGON ((13.4924857 52.4929295, 13.4927686 52.4930427, 13.4928353 52.4929809, 13.4928444 52.4929725, 13.4926333 52.492888, 13.4925847 52.4928685, 13.4925615 52.4928593, 13.4924857 52.4929295))",,,,10317,,,,,,DARK MATTER,gallery,yes,"We,Th 14:00-22:00; Fr 12:00-23:00; Sa 11:00-23:00; Su 11:00-22:00",yes,,,,,,,,https://www.darkmatter.berlin/,,,,,,,,2025-09-03,,,,,,,,,,,,,,,,,,,,,,,,,,,,,,,,,,,,,,,,,,,,,,,,,,,,,,,,,,,,,,,yes,,,,,,,,,grey,,,
"POLYGON ((13.4119346 52.4341611, 13.4119982 52.4341132, 13.4119227 52.434076, 13.4118592 52.4341239, 13.4119346 52.4341611))",,,,,,,,,,Kunst-Pavillon,gallery,no,"Apr 09-Oct 30 Sa,Su,PH 14:00-18:00",,,,,Buckower Malgruppe,,,,,,,,,,,,,,,,,,,,,,,,,,,,,,,,,,,,,,,,,,,,,,,,,,,,,,,,,,,,,,,,,,,,,,,,,,,bungalow,,,,,,,,,,,,
"POLYGON ((13.3630526 52.5021458, 13.3630786 52.5021779, 13.362997 52.5022075, 13.362986 52.5021909, 13.3629729 52.5021706, 13.3629449 52.5021271, 13.3629005 52.5020582, 13.3628699 52.5020102, 13.3629296 52.501995, 13.362932 52.501997, 13.3629577 52.5019895, 13.3629219 52.5019366, 13.3630551 52.501901, 13.3631007 52.5019598, 13.363221 52.5019218, 13.3632753 52.5019967, 13.3633263 52.5020574, 13.3630526 52.5021458))",,,,,,,,,,Camaro Stiftung,gallery,,,,,,,,,,,,,,,,,,,,,,,,,,,,,,,,,,,,,,,,,,,,,,,,,,,,,,,,,,,,,,,,,,,,,,,,,,,,,,,,,,commercial,4,,,,,,,,,,,
"POLYGON ((13.2718412 52.4539683, 13.2716692 52.4540069, 13.2715618 52.4538293, 13.2717337 52.4537907, 13.2718412 52.4539683))",Berlin,DE,1,14195,Taylorstraße,Dahlem,,,,Galerie Bastian Berlin,gallery,,,,,,,,,,,https://www.bastian-gallery.com/,,,,,,,,,,,,,,,,,,,,,,,,,,,,,,,,,,,,,,,,,,,,,,,,,,,,,,,,,,,,,,,,,,,,,,,yes,,,,,,,,,,,,
"POLYGON ((13.6155383 52.5314155, 13.6154995 52.5314319, 13.6155842 52.5315084, 13.6155662 52.5315167, 13.6155636 52.5314978, 13.6154247 52.5315032, 13.6154336 52.5315881, 13.6154373 52.531588, 13.6155725 52.5315829, 13.6155709 52.5315631, 13.6156217 52.5315427, 13.6156361 52.5315571, 13.6157066 52.5315277, 13.6157366 52.5315548, 13.615784 52.5314961, 13.6158437 52.5314717, 13.6157761 52.5314096, 13.6157454 52.5314214, 13.615758 52.5314443, 13.6155737 52.5314809, 13.6155383 52.5314155))",Berlin,DE,94,12627,Riesaer Straße,Hellersdorf,,,,Ausstellungszentrum Pyramide,gallery,,,,,,,,,,,https://www.kultur-marzahn-hellersdorf.de/ausstellungszentrum-pyramide,,Geoportal Berlin / Hauskoordinaten,,,,,,,,,,,,,,,,,,,,,,,,,,,,,,,,,,,,,,,,,,,,,,,,,,,,,,,,,,,,,,,,,,,,,office,1,,,,,,,,,,,
"POLYGON ((13.3351039 52.5058725, 13.3349153 52.5059146, 13.3348992 52.5058914, 13.3348163 52.5059119, 13.3348713 52.5059921, 13.3349594 52.5060635, 13.3349717 52.5060735, 13.3351858 52.5059765, 13.3351961 52.5059718, 13.3351039 52.5058725))",,,,,,,,,,Studio183,gallery,,,,,,,,,,,,,,,,,,,,,,,,,,,,,,,,,,,,,,,,,,1,,,,,,,,,,,,,,,,,,,,,,,,,,,,,,,,,,,,,,,,,,,,,,,,,,room,,
"POLYGON ((13.3355965 52.5057648, 13.3356857 52.5057938, 13.3356933 52.5058075, 13.3355834 52.5058267, 13.3354075 52.5058809, 13.3353961 52.5058689, 13.3353658 52.5058152, 13.3355965 52.5057648))",,,,,,,,,,Galerie SLP,gallery,,,,,,,,,,,,,,,,,,,,,,,,,,,,,,,,,,,,,,,,,,1,,,,,,,,,,,,,,,,,,,,,,,,,,,,,,,,,,,,,,,,,,,,,,,,,,room,,
