name,name_key,amenity,operator,opening_hours,wheelchair,cinema,cinema_type,cinema_3d,screen,theatre_type,theatre_genre,website,phone,email,wikipedia,wikidata,addr_housenumber,addr_street,addr_postcode,addr_city,addr_country,addr_full,lat_num,lon_num,source,multi_branch,wheelchair_accessible
Filmrauschpalast,filmrauschpalast,cinema,Filmrausch Moabit e.V.,,no,,,,1,,,https://www.filmrausch.de/,+49303844344,info@filmrausch.de,,,35,Lehrter Straße,10557,Berlin,DE,Lehrter Straße 35 10557 Berlin,52.534378399999994,13.3596231,osm,False,False
Friedrichstadt-Palast,friedrichstadt-palast,theatre,,,yes,,,,,,,https://www.palast.berlin/,+493023262326,,de:Friedrichstadtpalast,Q565670,107,Friedrichstraße,10117,Berlin,DE,Friedrichstraße 107 10117 Berlin,52.5239216,13.3888786,osm,False,True
Quatsch Comedy Club,quatsch-comedy-club,theatre,,,limited,,,,,,stand_up_comedy,https://www.quatsch-comedy-club.de/,+493027879030,,de:Quatsch Comedy Club,Q1791352,107,Friedrichstraße,10117,Berlin,DE,Friedrichstraße 107 10117 Berlin,52.5236239,13.388621099999998,osm,False,True
Kabarett-Theater Distel,kabarett--distel,theatre,Martin Maier-Bode,,yes,,,,,,,http://www.distel-berlin.de,+49302030000,distel@distel-berlin.de,de:Die Distel,Q1211965,101,Friedrichstraße,10117,Berlin,DE,Friedrichstraße 101 10117 Berlin,52.520666899999995,13.3885051,osm,False,True
Admiralspalast,admiralspalast,theatre,,,limited,,,,,,,https://www.admiralspalast.theater/,+493047997499,,de:Admiralspalast,Q359242,101,Friedrichstraße,10117,Berlin,DE,Friedrichstraße 101 10117 Berlin,52.520771399999994,13.388902099999997,osm,False,True
CineStar,cinestar,cinema,,Mo-Su 13:30-23:00,yes,,,,,,,,,,,,,,,,,,52.583919200000004,13.2860048,osm,True,True
Die Wühlmäuse,die-wühlmäuse,theatre,,,yes,,,,,,,https://www.wuehlmaeuse.de/,+493030673011,,,Q1217653,2-4,Pommernallee,14052,Berlin,DE,Pommernallee 2-4 14052 Berlin,52.5088651,13.2707514,osm,False,True
UCI Am Eastgate,uci-am-eastgate,cinema,,"""30min vor Vorstellungsbeginn""",yes,,,,,,,https://www.uci-kinowelt.de/kinoprogramm/berlin-am-eastgate/44,+493093030260,,,Q47117136,176-178,Märkische Allee,12681,Berlin,DE,Märkische Allee 176-178 12681 Berlin,52.54175159999999,13.542027499999998,osm,False,True
HAU 2 (Hebbel am Ufer),hau-2-hebbel-am-ufer,theatre,,,yes,,,,,,,https://www.hebbel-am-ufer.de/,+493025900427,info@hebbel-am-ufer.de,de:Hebbel am Ufer,Q1592694,34,Hallesches Ufer,10963,Berlin,DE,Hallesches Ufer 34 10963 Berlin,52.49911409999999,13.3858716,osm,False,True
Sophiensæle,sophiensæle,theatre,Sophiensæle GmbH,,yes,,,,,,,https://www.sophiensaele.com/,+49302825266,info@sophiensaele.com,de:Sophiensäle,Q1492210,18,Sophienstraße,10178,Berlin,DE,Sophienstraße 18 10178 Berlin,52.52588250000001,13.401602199999997,osm,False,True
Kino Intimes,intimes,cinema,,"Mo-Fr 13:30-18:00+, Sa,Su 12:00-18:00+",yes,,,,2,,,https://www.kino-zeit.de/kinoprogramm/berlin/kino-intimes-berlin,,,,Q47155856,107,Boxhagener Straße,10245,Berlin,DE,Boxhagener Straße 107 10245 Berlin,52.5129109,13.4581955,osm,False,True
Kino Babylon,babylon,cinema,,"Mo-Fr 17:00+;  Sa,Su ""eine halbe Stunde vor der ersten Vorstellung""",limited,,,,,,,http://www.babylonberlin.de,+49302425969,,de:Babylon (Kino),Q1742238,30,Rosa-Luxemburg-Straße,10178,Berlin,DE,Rosa-Luxemburg-Straße 30 10178 Berlin,52.52589889999999,13.4114358,osm,False,True
Berliner Kriminaltheater,berliner-kriminaltheater,theatre,BKT Bühnen und Betriebs GmbH,,yes,,,,,,,http://www.kriminaltheater.de/,+493047997488,info@kriminaltheater.de,de:Berliner Kriminal Theater,Q821599,48,Palisadenstraße,10243,Berlin,DE,Palisadenstraße 48 10243 Berlin,52.518203699999994,13.4399455,osm,False,True
Cineplex,cineplex,cinema,,"Su-Th 09:30-22:30, Fr,Sa 09:30-00:30",limited,,,,,,,http://www.cineplex.de,+491805050211,,,Q47079139,,,,,,,52.538500899999995,13.2063427,osm,True,True
Schaubühne am Lehniner Platz,schaubühne-am-lehniner-platz,theatre,Gemeinnützige Theaterbetriebs GmbH,Mo-Sa 11:00-18:30;  Su 15:00-18:30,yes,,,,,stage,drama,https://www.schaubuehne.de,+4930890023+4930890020,ticket@schaubuehne.de,de:Schaubühne am Lehniner Platz,Q569461,153,Kurfürstendamm,10709,Berlin,DE,Kurfürstendamm 153 10709 Berlin,52.498660599999994,13.3022747,osm,False,True
Ratibortheater,ratibortheater,theatre,Harald Klenk,,yes,,,,,,,https://www.ratibortheater.de/,+49306186199,ratibortheater@t-online.de,,,20a,Cuvrystraße,10997,Berlin,DE,Cuvrystraße 20a 10997 Berlin,52.49768619999999,13.442977499999998,osm,False,True
Kino Spreehöfe,spreehöfe,cinema,,"""Unterschiedlich, je nach Spielplan.""",limited,,,,,,,https://www.kino-spreehoefe.de,+49305389590,,,Q34991764,89,Wilhelminenhofstraße,12459,Berlin,DE,Wilhelminenhofstraße 89 12459 Berlin,52.4620593,13.5121795,osm,False,True
Cosima,cosima,cinema,,,no,,,,1,,,http://cosima-filmtheater.de/,,,,Q47012920,10,Sieglindestraße,12159,Berlin,,Sieglindestraße 10 12159 Berlin,52.4769552,13.330452299999997,osm,False,False
Kino Toni & Tonino,toni-tonino,cinema,,Mo-Su 09:00-22:00,yes,,,,,,,https://www.kino-toni.de/,+493092791200,,,Q40289735,1,Antonplatz,13086,Berlin,DE,Antonplatz 1 13086 Berlin,52.5488199,13.4509296,osm,False,True
Verlängertes Wohnzimmer,verlängertes-wohnzimmer,theatre,,,,,,,,,,,,,,,91,Frankfurter Allee,10247,Berlin,DE,Frankfurter Allee 91 10247 Berlin,52.5142329,13.4721701,osm,False,
Deutsche Oper Berlin,deutsche-oper-berlin,theatre,Stiftung Oper in Berlin,,yes,,,,,opera_house,opera,https://www.deutscheoperberlin.de/,+493034384343,info@deutscheoperberlin.de,de:Deutsche Oper Berlin,Q637834,35,Bismarckstraße,10627,Berlin,DE,Bismarckstraße 35 10627 Berlin,52.51214409999998,13.308377099999998,osm,False,True
Theater an der Parkaue,an-der-parkaue,theatre,,,yes,,,,,,,http://www.parkaue.de,+49305577520,info@parkaue.de,de:Theater an der Parkaue,Q2416046,29,Parkaue,10367,Berlin,DE,Parkaue 29 10367 Berlin,52.51699299999999,13.4772031,osm,False,True
Cinema,cinema,cinema,,,limited,,,,,,,https://www.cineplex.de/berlin-titania/,+49308523004,,,Q47012912,111,Bundesallee,12161,Berlin,DE,Bundesallee 111 12161 Berlin,52.46693969999999,13.328619599999998,osm,False,True
Kino im Kulturhaus Spandau,im-kulturhaus-spandau,cinema,,,yes,,,,,,,http://www.kinoimkulturhaus.de/,+4930333402122,,,Q47079217,,,,,,,52.5354615,13.202458399999998,osm,False,True
Scheinbar Varieté,scheinbar-varieté,theatre,Scheinbar Varieté e.V.,,no,,,,,,variety,http://www.scheinbar.de,+49307845539,mirjam@scheinbar.de,,,9,Monumentenstraße,10829,Berlin,DE,Monumentenstraße 9 10829 Berlin,52.488116899999994,13.366735,osm,False,False
Kant Kino,kant,cinema,Yorck Kinogruppe,"""Öffnungszeiten: immer 30 Minuten vor der ersten Vorstellung""",limited,,,,5,,,https://yorck.de/kinos/kant-kino,+49303199866,,,Q42297621,54,Kantstraße,10627,Berlin,DE,Kantstraße 54 10627 Berlin,52.5067663,13.308428199999998,osm,False,True
CineStar,cinestar,cinema,,,yes,,,,,,,,,,,Q47117283,,,,,,,52.53779750000001,13.604115099999998,osm,True,True
Theater Thikwa (F40),thikwa-f40,theatre,Theater Thikwa e.V.,,yes,,,,,,,https://www.thikwa.de/,+49306146467,mail@thikwa.de,,,40,Fidicinstraße,10965,Berlin,DE,Fidicinstraße 40 10965 Berlin,52.487373799999986,13.3883479,osm,False,True
Komische Oper Berlin,komische-oper-berlin,theatre,Stiftung Oper in Berlin,,yes,,,,,opera_house,opera,https://www.komische-oper-berlin.de/,+493047997400,,de:Komische Oper Berlin,Q687694,55-57,Behrenstraße,10117,Berlin,DE,Behrenstraße 55-57 10117 Berlin,52.515664799999996,13.3869856,osm,False,True
Sputnik Kino,sputnik,cinema,,,limited,,,,2,,,https://www.sputnik-kino.com/,+49306941147,,,Q47155393,54,Hasenheide,10967,Berlin,DE,Hasenheide 54 10967 Berlin,52.48999140000001,13.410146599999997,osm,False,True
Cineplex,cineplex,cinema,,"Mo-Fr 14:30-18:00+;  Sa,Su 11:30-18:00+",yes,,,,,,,https://www.cineplex.de/berlin-neukoelln/,,,,Q47089242,,,,,,,52.481966099999994,13.4316965,osm,True,True
Lichtblick,lichtblick,cinema,Stattkino Berlin e.V.,,no,,,,1,,,https://www.lichtblick-kino.org/,+493044058179,,,,77,Kastanienallee,10435,Berlin,DE,Kastanienallee 77 10435 Berlin,52.5364987,13.407760199999998,osm,False,False
Hackesche Höfe Kino,hackesche-höfe,cinema,Timebandits Medienproduktions- und Vertriebs GmbH & Co. Kinobetriebs KG,"""Täglich 30 Minuten vor Beginn der ersten Vorstellung""",no,,,,5,,,https://www.hoefekino.de/,+49302834603,foyer@hoefekino.de,,Q47164843,40-41,Rosenthaler Straße,10178,Berlin,DE,Rosenthaler Straße 40-41 10178 Berlin,52.524066799999986,13.4019071,osm,False,False
Kino Central,central,cinema,,,limited,,,,2,,,http://www.kino-central.de,+493028599973,,,Q47168214,39,Rosenthaler Straße,10178,Berlin,DE,Rosenthaler Straße 39 10178 Berlin,52.5245664,13.4018422,osm,False,True
Deutsches Theater,deutsches,theatre,,,limited,,,,,,,https://www.deutschestheater.de/,+493028441221,service@deutschestheater.de,de:Deutsches Theater (Berlin),Q703955,13a,Schumannstraße,10117,Berlin,DE,Schumannstraße 13a 10117 Berlin,52.5243546,13.381906599999999,osm,False,True
fsk - Kino am Oranienplatz,fsk---am-oranienplatz,cinema,fsk Kino & Peripher Filmverleih GmbH,,yes,,,,2,,,https://fsk-kino.peripherfilm.de/,+49306142464,post@fsk-kino.de,,Q47126528,2,Segitzdamm,10969,Berlin,DE,Segitzdamm 2 10969 Berlin,52.5015261,13.414550699999998,osm,False,True
Babylon Kreuzberg,babylon-kreuzberg,cinema,Yorck Kinogruppe,,limited,,,,2,,,https://yorck.de/kinos/babylon-kreuzberg,+493061609693,,,,126,Dresdener Straße,10999,Berlin,DE,Dresdener Straße 126 10999 Berlin,52.5006568,13.416922899999998,osm,False,True
Xenon,xenon,cinema,Xenon Kino Wieske FTB Filmtheaterbetriebe,,yes,,,,1,,,http://www.xenon-kino.de/,+493078001530,service@xenon-kino.de,de:Xenon Kino,Q47036615,5,Kolonnenstraße,10827,Berlin,DE,Kolonnenstraße 5 10827 Berlin,52.4863303,13.3593976,osm,False,True
Yorck,yorck,cinema,Yorck Kinogruppe,,no,,,,2,,,https://yorck.de/kinos/yorck,+493078913240,,,Q47126371,86,Yorckstraße,10965,Berlin,DE,Yorckstraße 86 10965 Berlin,52.4930489,13.3853593,osm,False,False
Blauer Stern,blauer-stern,cinema,Yorck Kinogruppe,,yes,,,,2,,,https://yorck.de/kinos/blauer-stern,,,,Q47086121,11,Hermann-Hesse-Straße,13156,Berlin,DE,Hermann-Hesse-Straße 11 13156 Berlin,52.58035869999999,13.401488999999998,osm,False,True
UCI Kinowelt,uci-kinowelt,cinema,,,yes,,,,,,,https://www.uci-kinowelt.de/kinoinformation/berlin-gropius-passagen/43,,,,Q47089227,295,Johannisthaler Chaussee,12351,Berlin,,Johannisthaler Chaussee 295 12351 Berlin,52.429525399999996,13.4554457,osm,False,True
TIK: Theater im Kino,tik-im,theatre,,,limited,,,,,,,,,,,,,Rigaer Straße,,Berlin,DE,Rigaer Straße Berlin,52.51661369999999,13.464371,osm,False,True
Cinestar Cubix am Alexanderplatz,cinestar-cubix-am-alexanderplatz,cinema,,"Mo,Tu 13:15-21:00;  We-Fr 13:15-23:30;  Sa 10:45-23:30;  Su 10:45-21:00",yes,,,,,,,http://www.cinestar.de/de/kino/berlin-cinestar-cubix-am-alexanderplatz,+4930257610,,,Q47164876,1,Rathausstraße,10178,Berlin,DE,Rathausstraße 1 10178 Berlin,52.520213899999995,13.412091,osm,False,True
Brotfabrik,brotfabrik,cinema,,"Mo-Fr 18:00+, Sa,Su 16:00-18:00+;  PH 16:00-18:00+",yes,,,,,,,https://www.brotfabrik-berlin.de,+49304714002,joerg.fuegmann@brotfabrik-berlin.de,,Q990769,1,,13086,Berlin,DE,1 13086 Berlin,52.552559599999995,13.4305846,osm,False,True
Moviemento,moviemento,cinema,,,no,,,,,,,https://www.moviemento.de/,+49306924785,,de:Moviemento,Q1657924,22,Kottbusser Damm,10967,Berlin,DE,Kottbusser Damm 22 10967 Berlin,52.49033420000001,13.423400599999999,osm,False,False
Vineta Theater,vineta,theatre,,,no,,,,,,,,,,,,,,,,,,52.5583825,13.413048,osm,False,False
Kleines Theater,kleines,theatre,Kleines Theater am Südwestkorso GmbH,,yes,,,,,,drama,https://www.kleines-theater.de/,+49308212021,,de:Kleines Theater (Südwestkorso),Q47012971,64,Südwestkorso,12161,Berlin,DE,Südwestkorso 64 12161 Berlin,52.473364100000005,13.3223214,osm,False,True
Passage,passage,cinema,Yorck Kinogruppe,,limited,,,,4,,,https://yorck.de/kinos/passage,+493068237018,,,Q47089203,131,Karl-Marx-Straße,12043,Berlin,DE,Karl-Marx-Straße 131 12043 Berlin,52.4774811,13.439405999999998,osm,False,True
Neuköllner Oper,neuköllner-oper,theatre,Neuköllner Oper e.V.,,no,,,,,,,https://www.neukoellneroper.de/,+493068890777,info@neukoellneroper.de,de:Neuköllner Oper,Q1980823,131-133,Karl-Marx-Straße,12043,Berlin,DE,Karl-Marx-Straße 131-133 12043 Berlin,52.4775631,13.439332999999998,osm,False,False
Theater Rambazamba,rambazamba,theatre,,,yes,,,,,,,,,,de:RambaZamba Theater,Q2415924,,,,,,,52.5399039,13.4136365,osm,False,True
Tilsiter Lichtspiele,tilsiter,cinema,,"Mo-Fr 16:00-24:00+, Sa,Su 14:00-24:00+",no,,,,,,,https://www.tilsiter-lichtspiele.de/,+49304268129,,,Q1483262,25A,Richard-Sorge-Straße,10249,Berlin,DE,Richard-Sorge-Straße 25A 10249 Berlin,52.5207515,13.447355,osm,False,False
Volksbühne im Prater,volksbühne-im-prater,theatre,,,no,,,,,,,http://www.volksbuehne-berlin.de/,+493024065777,,,,7-9,Kastanienallee,10435,Berlin,DE,Kastanienallee 7-9 10435 Berlin,52.5398598,13.410727899999998,osm,False,False
Theater im Palais,im-palais,theatre,Theaterverein Am Festungsgraben e.V.,,yes,,,,,,,https://www.theater-im-palais.de/,+49302010693,service@theater-im-palais.de,,Q1583640,1,Am Festungsgraben,10117,Berlin,DE,Am Festungsgraben 1 10117 Berlin,52.518523900000005,13.395498099999998,osm,False,True
SpreeLacArt Kulturwerk Schöneweide,spreelacart-kulturwerk-schöneweide,theatre,,,yes,,,,,,,http://www.spreelacart.de,,,,,,,,,,,52.46089829999999,13.513003499999998,osm,False,True
Vaganten Bühne,vaganten-bühne,theatre,Vaganten Bühne gemeinnützige Theater GmbH,,limited,,,,,,,http://www.vaganten.de/,+49303124529,info@vaganten.de,de:Vaganten Bühne,Q2507233,12a,Kantstraße,10623,Berlin,DE,Kantstraße 12a 10623 Berlin,52.5061225,13.328570500000001,osm,False,True
ACUDkino,acudkino,cinema,,,no,,,,2,,,https://acudkino.de/,+493044359498,,de:ACUD,Q288846,21,Veteranenstraße,10119,Berlin,DE,Veteranenstraße 21 10119 Berlin,52.5336588,13.400815099999999,osm,False,False
Theater Mirakulum,mirakulum,theatre,,,no,,,,,,,https://www.mirakulum.de/,+49304490820,,,,35,Brunnenstraße,10115,Berlin,DE,Brunnenstraße 35 10115 Berlin,52.53565639999999,13.398065199999998,osm,False,False
Chamäleon,chamäleon,theatre,CHAMÄLEON Theater GmbH,,limited,,,,,,variety,http://www.chamaeleonberlin.com,+49304000590,info@chamaeleonberlin.com,de:Chamäleon (Varieté),Q1061549,40-41,Rosenthaler Straße,10178,Berlin,DE,Rosenthaler Straße 40-41 10178 Berlin,52.524041999999994,13.402082999999998,osm,False,True
Renaissance-Theater Berlin,renaissance--berlin,theatre,Neue Theater-Betriebs GmbH,,no,,,,,,,https://www.renaissance-theater.de/,+49303159730,tickets@renaissance-theater.de,de:Renaissance-Theater (Berlin),Q876556,100,Knesebeckstraße,10623,Berlin,DE,Knesebeckstraße 100 10623 Berlin,52.51033839999999,13.323503,osm,False,False
Casablanca,casablanca,cinema,,,yes,,,,,,,http://www.casablanca-berlin.de,+49306775752,casablanca-berlin@gmx.de,,Q34965979,12,Friedenstraße,12489,Berlin,DE,Friedenstraße 12 12489 Berlin,52.43584199999999,13.547896999999999,osm,False,True
Freiluftkino Kreuzberg,freiluftkino-kreuzberg,cinema,,"""Nur im Sommer, Filmstart nach Einbruch der Dunkelheit. """,yes,,,,,,,http://www.freiluftkino-kreuzberg.de,+493029361628,,,,2,Mariannenplatz,10997,Berlin,DE,Mariannenplatz 2 10997 Berlin,52.5040614,13.423480399999999,osm,False,True
Rollberg Kino,rollberg,cinema,Yorck Kinogruppe,"Sa,Su 16:45-18:00+",limited,,,,5,,,https://yorck.de/kinos/rollberg,+4930322931322,,,Q47089256,70,Rollbergstraße,12053,Berlin,DE,Rollbergstraße 70 12053 Berlin,52.4787966,13.428028599999998,osm,False,True
CinemaxX,cinemaxx,cinema,,,limited,,,,,,,https://www.cinemaxx.de/Home?SwitchCinemaId=12,+493025921111,,,Q47459889,5,Potsdamer Straße,10785,Berlin,DE,Potsdamer Straße 5 10785 Berlin,52.5086444,13.373744799999999,osm,False,True
Theater Coupé,coupé,theatre,Künstlerkolonie Berin e.V.,,limited,,,,,stage,,https://www.berlin.de/ba-charlottenburg-wilmersdorf/verwaltung/kultur/theater-coup/,+4930902916706,,,,177,Hohenzollerndamm,10713,Berlin,DE,Hohenzollerndamm 177 10713 Berlin,52.48943859999999,13.312208199999999,osm,False,True
BKA-Theater,bka-,theatre,Die Theaterexperten gGmbH,,limited,,,,,,cabaret,https://www.bka-theater.de/,+49302022007,info@bka-theater.de,de:Berliner Kabarett Anstalt,Q821575,34,Mehringdamm,10961,Berlin,DE,Mehringdamm 34 10961 Berlin,52.49364049999999,13.3876998,osm,False,True
Die Kiste,die-kiste,cinema,,,limited,,,,,,,https://www.kiste.net/kino/,+49309987481,,,,10,Heidenauer Straße,12627,Berlin,DE,Heidenauer Straße 10 12627 Berlin,52.5361682,13.609467599999999,osm,False,True
Neues Off,neues-off,cinema,Yorck Kinogruppe,,no,,,,1,,,https://yorck.de/kinos/neues-off,+4930322931322,,,Q47089254,20,Hermannstraße,12049,Berlin,DE,Hermannstraße 20 12049 Berlin,52.483422499999996,13.4244236,osm,False,False
Ballhaus Naunynstraße,ballhaus-naunynstraße,theatre,,,,,,,,,,http://www.ballhausnaunynstrasse.de/,+493075453725,,de:Ballhaus Naunynstraße,Q805250,27,Naunynstraße,10997,Berlin,DE,Naunynstraße 27 10997 Berlin,52.5020031,13.421324899999998,osm,False,
Hoftheater Kreuzberg,hoftheater-kreuzberg,theatre,,,limited,,,,,,,http://www.hoftheater-kreuzberg.de/,,,,,,,10997,Berlin,DE,10997 Berlin,52.501686799999995,13.420827,osm,False,True
AHA-Berlin,aha-berlin,theatre,AHA-Berlin e.V.,,limited,,,,,,,https://www.aha-berlin.de,+493089627948,,,,13,Monumentenstraße,10829,Berlin,DE,Monumentenstraße 13 10829 Berlin,52.488146699999994,13.367820499999999,osm,False,True
Maxim Gorki Theater - Studio,maxim-gorki---studio,theatre,,,yes,,,,,,,,,,,,,,,,,,52.51898619999999,13.395979699999998,osm,False,True
Acker Stadt Palast - Freie Bühne Mitte .eV,acker-stadt-palast---freie-bühne-mitte-ev,theatre,,,,,,,,,,https://ackerstadtpalast.de/,+49304410009,post@ackerstadtpalast.de,,,169/170,Ackerstraße,,,,Ackerstraße 169/170,52.529683999999996,13.396547799999999,osm,False,
Zimmer 16,zimmer-16,theatre,,,yes,,,,,,,https://zimmer16.com/,,,,Q47086388,,,,,,,52.565495199999994,13.401432999999999,osm,False,True
Heimathafen Neukölln,heimathafen-neukölln,theatre,,,limited,,,,,,,https://www.heimathafen-neukoelln.de/,+493056821333,,,Q23786339,141,Karl-Marx-Straße,12043,Berlin,DE,Karl-Marx-Straße 141 12043 Berlin,52.4770235,13.439916099999998,osm,False,True
Die Stachelschweine,die-stachelschweine,theatre,Berliner Literarisches Kabarett GmbH,,yes,,,,,,cabaret,http://www.diestachelschweine.de/,+49302615795,info@diestachelschweine.de,de:Die Stachelschweine,Q1216398,9-12,Tauentzienstraße,10789,Berlin,DE,Tauentzienstraße 9-12 10789 Berlin,52.5043712,13.337489399999999,osm,False,True
Theatersaal des Kulturhauses Spandau,theatersaal-des-kulturhauses-spandau,theatre,,,,,,,,,,,,,,,,,,,,,52.5354834,13.202507199999998,osm,False,
BrotfabrikBühne,brotfabrikbühne,theatre,,,no,,,,,,,,,,,,1,,13086,Berlin,DE,1 13086 Berlin,52.55256069999999,13.430731799999998,osm,False,False
Theater Lichterfelde,lichterfelde,theatre,Hans-Hermann Keune,,,,,,,,,http://www.theater-lichterfelde.de/,+493084314646,info@theater-lichterfelde.de,,,49,Drakestraße,12205,Berlin,DE,Drakestraße 49 12205 Berlin,52.441939,13.297476399999999,osm,False,
Mehringhof Theater,mehringhof,theatre,Andreas Wahl,,limited,,,,,,,https://www.mehringhoftheater.de/,+49306915099,mehringhoftheater@gmx.de,,,2a,Gneisenaustraße,10961,Berlin,DE,Gneisenaustraße 2a 10961 Berlin,52.4918149,13.388691799999998,osm,False,True
Titania-Palast,titania-palast,cinema,,"""Kasseneröffnung 30 min vor der ersten Vorstellung""",limited,,,,,,,https://www.cineplex.de/berlin-titania/,+491805050520,,de:Titania-Palast,Q2436848,27-28,Gutsmuthsstraße,12163,Berlin,DE,Gutsmuthsstraße 27-28 12163 Berlin,52.46414819999998,13.3266521,osm,False,True
Theater im Nikolaiviertel,im-nikolaiviertel,theatre,,,,,,,,,,http://www.theater-im-nikolaiviertel.de/,,,,,,,,,,,52.51654099999999,13.407829999999999,osm,False,
Zimmertheater Steglitz,zimmertheater-steglitz,theatre,,,limited,,,,,,,http://www.zimmertheater-steglitz.de/,+493025058078,,,,17,Bornstraße,12163,Berlin,DE,Bornstraße 17 12163 Berlin,52.466759499999995,13.321304699999999,osm,False,True
Ballhaus Ost,ballhaus-ost,theatre,,,limited,,,,,,,https://www.ballhausost.de/,+493044049250,info@ballhausost.de,de:Ballhaus Ost,Q805249,15,Pappelallee,10437,Berlin,DE,Pappelallee 15 10437 Berlin,52.5430767,13.4149784,osm,False,True
Wohnzimmerclub,wohnzimmerclub,theatre,,,limited,,,,,,,,,,,,,,,,,,52.491131899999985,13.424982699999997,osm,False,True
Theater am Frankfurter Tor,am-frankfurter-tor,theatre,,,no,,,,,,,https://www.theater-am-frankfurter-tor.de/,,,,,,,,,,,52.51663739999999,13.450876199999998,osm,False,False
OpenAirKino Spandau,openairkino-spandau,cinema,,,yes,,,,,,,http://www.openairkino-spandau.de,+49303336081,,,Q47079340,13,Carl-Schurz-Straße,13597,Berlin,DE,Carl-Schurz-Straße 13 13597 Berlin,52.5364431,13.2015024,osm,False,True
Zauberlounge,zauberlounge,theatre,,,,,,,,,,https://www.zauberlounge.de/,,,,,3,Horstweg,14059,Berlin,DE,Horstweg 3 14059 Berlin,52.511902299999996,13.295502,osm,False,
F40 - English Theatre Berlin,f40---english-berlin,theatre,,,limited,,,,,,,https://www.etberlin.de/,+49306911211,tickets@etberlin.de,de:English Theatre Berlin,Q1342860,40,Fidicinstraße,10965,Berlin,DE,Fidicinstraße 40 10965 Berlin,52.48732950000001,13.388108200000001,osm,False,True
Das Weite Theater,das-weite,theatre,Das Weite Theater e.V.,,yes,,,,,,puppet,https://www.das-weite-theater.de,+49309917927,pupp@das-weite-theater.de,,,207,Storkower Str,10369,Berlin,DE,Storkower Str 207 10369 Berlin,52.52472680000001,13.4651975,osm,False,True
Theater der kleinen Form,der-kleinen-form,theatre,KiT - Kinder im Theater e.V.,,no,,,,,,puppet,http://www.theater-der-kleinen-form.de,+493029350461,theater@niva.de,,,45,Gubener Straße,10243,Berlin,DE,Gubener Straße 45 10243 Berlin,52.51181359999999,13.448780799999998,osm,False,False
Theater O-TonArt,o-tonart,theatre,Art aller Art e.V.,,,,,,,,,https://www.o-tonart.de/,+493037447808,,,,20a,Kulmer Straße,10783,Berlin,DE,Kulmer Straße 20a 10783 Berlin,52.49197559999998,13.364547599999998,osm,False,
Theater o.N.,on,theatre,Theater o.N. e.V.,,no,,,,,,,https://www.theater-on.de/,+49304409214,info@theater-on.de,,,53,Kollwitzstraße,10405,Berlin,DE,Kollwitzstraße 53 10405 Berlin,52.534984800000004,13.4162235,osm,False,False
bat-Studiotheater,bat-studiotheater,theatre,,,yes,,,,,,,https://www.bat-berlin.de/,+4930755417777,karten@bat-berlin.de,,Q47088861,15,Belforter Straße,10405,Berlin,DE,Belforter Straße 15 10405 Berlin,52.53181639999999,13.418434,osm,False,True
HAU 3 (Hebbel am Ufer),hau-3-hebbel-am-ufer,theatre,,,no,,,,,,,http://www.hebbel-am-ufer.de/,+493025900427,info@hebbel-am-ufer.de,de:Hebbel am Ufer,Q1592694,10,Tempelhofer Ufer,10963,Berlin,DE,Tempelhofer Ufer 10 10963 Berlin,52.49733899999998,13.385688399999998,osm,False,False
UNI.T,unit,theatre,,,no,,,,,,,https://www.udk-berlin.de/universitaet/fakultaet-darstellende-kunst/unit-theater-der-universitaet-der-kuenste-berlin/,+493031852678,unitheater@gmail.com,,,1b,Fasanenstraße,10623,Berlin,DE,Fasanenstraße 1b 10623 Berlin,52.5098457,13.3289883,osm,False,False
Kleinkunstkeller,kleinkunstkeller,theatre,,,no,,,,,,cabaret,http://www.kabarett-mueckenstich-berlin.de/,,,,,,,,,,,52.49251869999999,13.416266599999998,osm,False,False
Prime Time Theater,prime-time,theatre,,,yes,,,,,,,https://www.primetimetheater.de/,+493049907958,,de:Prime Time Theater,Q1370685,163,Müllerstraße,13353,Berlin,DE,Müllerstraße 163 13353 Berlin,52.5434945,13.3633056,osm,False,True
Die Musenstube,die-musenstube,theatre,,,,,,,,,cabaret,http://www.musenstube.de/,,,,,,,,,,,52.48603909999999,13.431958399999997,osm,False,
Theater im Keller,im-keller,theatre,,,no,,,,,,variety,http://www.tikberlin.de,+49306231452,,de:Theater im Keller Berlin,Q2416128,211,Weserstraße,12047,Berlin,DE,Weserstraße 211 12047 Berlin,52.48841999999999,13.427762699999999,osm,False,False
Sweet Secrets,sweet-secrets,cinema,,,yes,,,,,,,,,,,,29,Jüdenstraße,13597,Berlin,DE,Jüdenstraße 29 13597 Berlin,52.5383336,13.202807399999998,osm,False,True
Stage Theater am Potsdamer Platz,stage-am-potsdamer-platz,theatre,Stage Entertainment Germany GmbH,,no,,,,,stage,,,+4930259290,,de:Theater am Potsdamer Platz,Q328706,1,Marlene-Dietrich-Platz,10785,Berlin,DE,Marlene-Dietrich-Platz 1 10785 Berlin,52.5072208,13.372119299999998,osm,False,False
Dancetheater LaborGRAS.com,dancetheater-laborgrascom,theatre,,,,,,,,,,,,,,,,,,,,,52.4967578,13.4214048,osm,False,
Kammerspiele,kammerspiele,theatre,,,yes,,,,,,,https://www.deutschestheater.de/,+493028441221,service@deutschestheater.de,de:Deutsches Theater (Berlin),Q703955,14a,Schumannstraße,10117,Berlin,DE,Schumannstraße 14a 10117 Berlin,52.524274999999996,13.381399199999999,osm,False,True
Maxim-Gorki-Theater,maxim-gorki-,theatre,,,yes,,,,,,drama,https://www.gorki.de/,+4930202210,kontakt@gorki.de,de:Maxim-Gorki-Theater,Q460259,2,Am Festungsgraben,10117,Berlin,DE,Am Festungsgraben 2 10117 Berlin,52.5190141,13.3950767,osm,False,True
BühnenRausch,bühnenrausch,theatre,,,no,,,,,,,https://buehnenrausch.de/,+493044673264,,,,27,Erich-Weinert-Straße,10439,Berlin,DE,Erich-Weinert-Straße 27 10439 Berlin,52.5514416,13.4183206,osm,False,False
Kino Sex Shop,sex-shop,cinema,,,no,,,,,,,,,,,,,,,,,,52.489616899999994,13.4275386,osm,False,False
Berliner Tschechow Theater,berliner-tschechow,theatre,,,yes,,,,,,,,,,,Q107136976,410,Märkische Allee,12689,Berlin,,Märkische Allee 410 12689 Berlin,52.5713652,13.568259299999998,osm,False,True
Theater unterm Turm,unterm-turm,theatre,,,,,,,,,drama,http://theateruntermturm.de/,,,,,2,Düsseldorfer Straße,10719,Berlin,,Düsseldorfer Straße 2 10719 Berlin,52.4950885,13.325428799999997,osm,False,
Kleine Nachtrevue,kleine-nachtrevue,theatre,Sylvia Schmid,,no,,,,,,burlesque,https://www.kleine-nachtrevue.de/,+49302188950,info@kleine-nachtrevue.de,,,116,Kurfürstenstraße,10787,Berlin,,Kurfürstenstraße 116 10787 Berlin,52.503318799999995,13.347997599999998,osm,False,False
b-ware! ladenkino,b-ware-ladenkino,cinema,,10:45+,limited,,,,3,,,https://ladenkino.de/,+493020078888,bware@ladenkino.de,,Q47155923,19,Gärtnerstraße,10245,Berlin,,Gärtnerstraße 19 10245 Berlin,52.51187509999999,13.461648499999999,osm,False,True
Filmtheater am Friedrichshain,filmtheater-am-friedrichshain,cinema,Yorck Kinogruppe,,limited,,,,5,,,https://yorck.de/kinos/filmtheater-am-friedrichshain,+493042845188,,,Q32662590,1-5,Bötzowstraße,10407,Berlin,DE,Bötzowstraße 1-5 10407 Berlin,52.529030600000006,13.430273500000002,osm,False,True
Tempodrom,tempodrom,theatre,Tempodrom Betriebsgesellschaft mbH & Co. KG,,yes,,,,,amphi,,https://www.tempodrom.de/,+4930747370,info@tempodrom.de,de:Tempodrom,Q896180,10,Möckernstraße,10963,Berlin,DE,Möckernstraße 10 10963 Berlin,52.5016098,13.381180999999998,osm,False,True
filmkunst 66,filmkunst-66,cinema,Regina Ziegler und Tanja Ziegler GbR,,limited,,,,,,,http://www.filmkunst66.de,+49308821753,,,Q42297620,12,Bleibtreustraße,10623,Berlin,DE,Bleibtreustraße 12 10623 Berlin,52.5044255,13.3196567,osm,False,True
Cosmic Comedy Club,cosmic-comedy-club,theatre,,,limited,,,,,,,http://www.comedyclub.de/berlin/start.php,+4917674410877,,de:Comedy Club Kookaburra,Q1114046,184,Schönhauser Allee,10119,Berlin,DE,Schönhauser Allee 184 10119 Berlin,52.5298014,13.410002999999998,osm,False,True
Freie Theateranstalten Berlin,freie-theateranstalten-berlin,theatre,,,limited,,,,,,,http://www.freietheateranstalten.de,,,de:Freie Theateranstalten,Q1454031,19,Klausenerplatz,14059,Berlin,DE,Klausenerplatz 19 14059 Berlin,52.5182934,13.2899708,osm,False,True
BE-KAS Sexothek & Kino,be-kas-sexothek,cinema,,,no,erotic,,,,,,,,,,,,,,,,,52.4837967,13.429545799999998,osm,False,False
Fabriktheater,fabriktheater,theatre,Fabriktheater Moabit e.V.,,no,,,,,,,https://fabrik.theater/,,mail@fabrik.theater,,,35,Lehrter Straße,10557,Berlin,,Lehrter Straße 35 10557 Berlin,52.53427119999999,13.359503400000001,osm,False,False
Delphi LUX,delphi-lux,cinema,Yorck Kinogruppe,"""30 Minuten vor Vorstellungsbeginn""",yes,,,,7,,,https://yorck.de/kinos/delphi-lux,+4930322931322,,,Q47092839,10,Kantstraße,10623,Berlin,DE,Kantstraße 10 10623 Berlin,52.5060698,13.3305818,osm,False,True
Theater Artenschutz,artenschutz,theatre,,,no,,,,,,,https://www.artenschutztheater.de/,,,,,372,,10557,Berlin,DE,372 10557 Berlin,52.52053519999999,13.3586326,osm,False,False
Eva Lichtspiele,eva,cinema,,,limited,,,,,,,http://www.eva-lichtspiele.de,+493092255305,,de:Eva Lichtspiele,Q20184003,18,Blissestraße,10713,Berlin,DE,Blissestraße 18 10713 Berlin,52.484681999999985,13.3200059,osm,False,True
Kino Krokodil,krokodil,cinema,,"""varies according to the monthly program (see website kino-krokodile.de, fliers)""",no,,,,,,,https://kino-krokodil.de,+493044049298,,,Q47088923,32,Greifenhagener Straße,10437,Berlin,DE,Greifenhagener Straße 32 10437 Berlin,52.552443399999994,13.4195677,osm,False,False
Bundesplatz Studio,bundesplatz-studio,cinema,,,limited,,,,,,,http://www.bundesplatz-kino.de,+493085406085,,,Q42297608,14,Bundesplatz,10715,Berlin,DE,Bundesplatz 14 10715 Berlin,52.47898369999999,13.329357899999998,osm,False,True
Cinema Paris,cinema-paris,cinema,Yorck Kinogruppe,,yes,,,,1,,,https://yorck.de/kinos/cinema-paris,+49308813119,,de:Cinema Paris,Q42297616,211,Kurfürstendamm,10719,Berlin,DE,Kurfürstendamm 211 10719 Berlin,52.5020922,13.324937799999999,osm,False,True
Garn Theater,garn,theatre,Adolfo Assor,,,,,,,,,http://www.garn-theater.de,,,de:Garn-Theater,Q1494339,19,Katzbachstraße,10965,Berlin,DE,Katzbachstraße 19 10965 Berlin,52.48703799999999,13.376389000000001,osm,False,
Volksbühne am Rosa-Luxemburg-Platz,volksbühne-am-rosa-luxemburg-platz,theatre,,,limited,,,,,,,http://www.volksbuehne-berlin.de/,+493024065777,,de:Volksbühne Berlin,Q617244,227,Linienstraße,10178,Berlin,DE,Linienstraße 227 10178 Berlin,52.527024,13.411917099999998,osm,False,True
Keller,keller,theatre,,,,,,,,,,http://keller-label.de/,,,,,58,Karl-Marx-Straße,12043,Berlin,DE,Karl-Marx-Straße 58 12043 Berlin,52.4824948,13.4306601,osm,False,
Tischlerei,tischlerei,theatre,,,,,,,,,variety,https://deutscheoperberlin.de/de_DE/home-tischlerei,,,,,,,,,,,52.513302599999996,13.307806,osm,False,
Studiobühne,studiobühne,theatre,,,yes,,,,,,,,,,,,,,,,,,52.51616769999999,13.4422678,osm,False,True
Schaubude Berlin,schaubude-berlin,theatre,,,limited,,,,,,,http://www.schaubude-berlin.de,+49304234314,info@schaubude-berlin.de,,Q43061296,81-84,Greifswalder Straße,10405,Berlin,DE,Greifswalder Straße 81-84 10405 Berlin,52.540836,13.438979699999999,osm,False,True
Theater Nikolassee,nikolassee,theatre,,,,,,,,,,https://www.theaternikolassee.de/,,,,,6,Kirchweg,14129,Berlin,DE,Kirchweg 6 14129 Berlin,52.4249086,13.205076899999998,osm,False,
Theaterhof,theaterhof,theatre,,,,,,,,,,,,,,,,,,,,,52.4523699,13.2894916,osm,False,
Spandauer Theater Varianta,spandauer-varianta,theatre,,,no,,,,,,,,+490303339695,,,,,,,,,,52.53909109999999,13.2050154,osm,False,False
Kulturversteck Tegel,kulturversteck-tegel,theatre,,,,,,,,,,,,,,,9,Schloßstraße,13507,Berlin,DE,Schloßstraße 9 13507 Berlin,52.5918975,13.283531099999998,osm,False,
Freilichtbühne,freilichtbühne,theatre,,,,,,,,,,,,,,,,,,,,,52.47267999999998,13.269892399999998,osm,True,
Sternberg - Theater in der Spielbank,sternberg---in-der-spielbank,theatre,,,yes,,,,,,,https://www.spielbank-berlin.de/sternberg,+4930255990,,,,1,Marlene-Dietrich-Platz,10785,Berlin,DE,Marlene-Dietrich-Platz 1 10785 Berlin,52.5078995,13.372025,osm,False,True
Puppentheater Berlin,puppentheater-berlin,theatre,,,no,,,,,puppet_theatre,,https://www.puppentheater-berlin.de/,,,,,2,Gierkeplatz,10585,Berlin,DE,Gierkeplatz 2 10585 Berlin,52.5167042,13.302853999999998,osm,False,False
Puppentheater Felicio,puppentheater-felicio,theatre,,,,,,,,,,http://www.felicio.de/,,,,,45,Schivelbeiner Straße,10439,Berlin,DE,Schivelbeiner Straße 45 10439 Berlin,52.5505948,13.412035699999999,osm,False,
Zaubertheater Igor Jedlin,zaubertheater-igor-jedlin,theatre,,,,,,,,,magic,https://www.zaubertheater.de/,+49303233777,,,,7,Roscherstraße,10629,Berlin,DE,Roscherstraße 7 10629 Berlin,52.50029499999998,13.3017312,osm,False,
Astor Film Lounge,astor-lounge,cinema,,,limited,,,,,,,http://www.berlin.astor-filmlounge.de,+49308838551,,de:Liste_der_Kinos_in_Berlin-Charlottenburg#Astor_Filmlounge,Q42297614,225,Kurfürstendamm,10719,Berlin,DE,Kurfürstendamm 225 10719 Berlin,52.503251199999994,13.3300216,osm,False,True
Spiegelsalon,spiegelsalon,theatre,,Th-Sa 16:00-19:00,,,,,,,,,+493081863695,,,,29,Friedbergstraße,14057,Berlin,DE,Friedbergstraße 29 14057 Berlin,52.503919399999994,13.2939896,osm,False,
Ida Nowhere,ida-nowhere,theatre,eiliges Kanonenohr e.V.,Sa 18:00+,,,,,,,,http://www.ida-nowhere.com,+491634921813,kkwm@ida-nowhere.com,,,79,Donaustraße,12043,Berlin,DE,Donaustraße 79 12043 Berlin,52.4782137,13.443039099999998,osm,False,
City Kino Wedding im Centre Français,city-wedding-im-centre-français,cinema,,"""Nach Spielplan""",,,,,,,,https://citykinowedding.de/,+4915259687921,info@citykinowedding.de,,Q28963572,,,,,,,52.5585816,13.339560799999997,osm,False,
Wintergarten Varieté,wintergarten-varieté,theatre,,,yes,,,,,,variety,https://www.wintergarten-berlin.de/,+4930588433,,,Q116318835,96,Potsdamer Straße,10785,Berlin,DE,Potsdamer Straße 96 10785 Berlin,52.5021802,13.364582,osm,False,True
Pfefferberg Theater,pfefferberg,theatre,,,yes,,,,,,,https://pfefferberg-theater.de,,,de:Pfefferberg (Berlin),Q2083439,176,Schönhauser Allee,10119,Berlin,DE,Schönhauser Allee 176 10119 Berlin,52.531674,13.411321999999998,osm,False,True
Schneiders Filmclub,schneiders-filmclub,cinema,,"""nur zu speziellen vereinzelten Vorstellungen""",yes,,,,,,,https://www.bauinx-berlin.de/,,,,,25,Gustav-Meyer-Allee,13355,Berlin,DE,Gustav-Meyer-Allee 25 13355 Berlin,52.54110039999998,13.384940799999999,osm,False,True
Fliegendes Theater,fliegendes,theatre,,,yes,,,,,,,https://fliegendes-theater.de/,+49306922100,,,,100,Urbanstraße,10967,Berlin,,Urbanstraße 100 10967 Berlin,52.489792699999995,13.422238499999999,osm,False,True
Kaspertheater Rixdorf,kaspertheater-rixdorf,theatre,,,,,,,,,puppet,http://www.volkart.eu/,+493026378812,,,,,,,,,,52.47374369999999,13.4490449,osm,False,
Zebrano-Theater,zebrano-,theatre,,,limited,,,,,,variety,https://www.zebrano-theater.de/,+493029049411,info@zebrano-theater.de,de:Zebrano-Theater,Q24619306,8,Sonntagstraße,10245,Berlin,,Sonntagstraße 8 10245 Berlin,52.505716099999994,13.466740199999998,osm,False,True
Die Etage,die-etage,theatre,,,,,,,,,musical,,,,,,12-14,Ritterstraße,10969,Berlin,,Ritterstraße 12-14 10969 Berlin,52.5017766,13.411280399999999,osm,False,
Theater im Delphi,im-delphi,theatre,Theater im Delphi gGmbH,,no,,,,,,,https://theater-im-delphi.de,+493041726293,info@theater-im-delphi.de,de:Kino Delphi (Berlin-Weißensee),Q1299542,2,Gustav-Adolf-Straße,13086,Berlin,DE,Gustav-Adolf-Straße 2 13086 Berlin,52.5519035,13.4311632,osm,False,False
Theater im Bergmannkiez,im-bergmannkiez,theatre,,,,,,,,,,https://theaterimbergmannkiez.de,+493095597189,,,,,,,,,,52.48974830000001,13.3933755,osm,False,
Galli Theater Berlin,galli-berlin,theatre,,,limited,,,,,,,https://galli-berlin.de/,+493027596971,berlin@galli.de,,,32,Oranienburger Straße,10117,Berlin,DE,Oranienburger Straße 32 10117 Berlin,52.525805399999996,13.394359099999999,osm,False,True
Pierre Boulez Saal,pierre-boulez-saal,theatre,,,yes,,,,,concert_hall,philharmonic,https://boulezsaal.de,,,,Q28870831,33d,Französische Straße,10117,Berlin,,Französische Straße 33d 10117 Berlin,52.5154359,13.3963671,osm,False,True
Wolf Kino,wolf,cinema,,"Mo-Fr 10:00-24:00+, Sa,Su 12:00-24:00+",no,,,,,,,https://www.wolfberlin.org,+49030921039333,,,Q47164663,59,Weserstraße,12045,Berlin,,Weserstraße 59 12045 Berlin,52.48269849999999,13.4419119,osm,False,False
Russische Bühne,russische-bühne,theatre,,,yes,,,,,,,https://www.russische-buehne.de/,,,,Q123221840,,,,,,,52.502306099999984,13.350000399999999,osm,False,True
Theater BOKA,boka,theatre,,,limited,,,,,,,https://www.theater-boka.de,+493066405139,info@theater-boka.de,,,112,Wollankstraße,13187,Berlin,,Wollankstraße 112 13187 Berlin,52.5662041,13.3965864,osm,False,True
umsonst&draussen,umsonstdraussen,cinema,,Jun-Sep: Fr-Sa sunset-01:00 || 22:00-01:00,limited,,,,,,,http://www.filmrausch.de/#openair,+49303844344,,,,35,Lehrter Straße,10557,Berlin,DE,Lehrter Straße 35 10557 Berlin,52.5344522,13.360006099999998,osm,False,True
Zirkus Zack,zirkus-zack,theatre,Vuesch gGmbH,,,,,,,,circus,https://vuesch.org/zack/,,,,,99,Revaler Straße,,,,Revaler Straße 99,52.5076794,13.4540503,osm,False,
Jaro Theater,jaro,theatre,,,yes,,,,,,,,,,,,30,Schlangenbader Straße,,,,Schlangenbader Straße 30,52.471647499999996,13.307744999999999,osm,False,True
Piano Salon Christophori,piano-salon-christophori,theatre,,,yes,,,,,,chamber_music,https://www.konzertfluegel.com,,,,,8,Uferstraße,13357,Berlin,,Uferstraße 8 13357 Berlin,52.55159689999999,13.3739474,osm,False,True
Il Kino,il,cinema,,Mo-Su 14:00-22:00+,yes,,,,,,,https://ilkino.de/,+493062903878,,,Q47089250,22,Nansenstraße,12047,Berlin,DE,Nansenstraße 22 12047 Berlin,52.491664199999995,13.4330413,osm,False,True
Haus der Sinne,der-sinne,theatre,SchaukelSofaSündikat e.V.,,,,,,,,,https://hausdersinne-berlin.de/,+4903043964313,info@hausdersinne-berlin.de,,,10,Ystader Straße,10437,Berlin,,Ystader Straße 10 10437 Berlin,52.5490912,13.404012299999998,osm,False,
TD Berlin,td-berlin,theatre,,,,,,,,,drama,https://td.berlin,+493028093062,info@td.berlin,,Q1326666,44,Klosterstraße,10179,Berlin,DE,Klosterstraße 44 10179 Berlin,52.51759929999999,13.4119798,osm,False,
Connection Shop und Kino,connection-shop-und,cinema,,"Mo-Th 12:00-23:00, Fr,Sa 12:00-01:00, Su,PH 14:00-22:00",limited,,,,,,,,,,,,,,,,,,52.4989962,13.342707299999999,osm,False,True
UCI Luxe East Side Gallery,uci-luxe-east-side-gallery,cinema,Anschutz Entertainment Group,,yes,,,,14,,,https://www.uci-kinowelt.de/kinoinformation/berlin-east-side-gallery/,,mercedesplatz@uci-kinowelt.de,,Q118744391,13,Mildred-Harnack-Straße,10243,Berlin,,Mildred-Harnack-Straße 13 10243 Berlin,52.50526419999999,13.441807199999998,osm,False,True
Ballhaus Prinzenallee,ballhaus-prinzenallee,theatre,Interkulturell Aktiv e.V.,,yes,,,,,,,https://ballhausprinzenallee.de/,,,,,33,Prinzenallee,13359,Berlin,DE,Prinzenallee 33 13359 Berlin,52.55777379999999,13.386407700000001,osm,False,True
Schlossplatztheater,schlossplatztheater,theatre,,,,,,,,,,https://schlossplatztheater.de,+49306516516,info@schlossplatztheater.de,,Q35010272,31,Alt-Köpenick,12555,Berlin,,Alt-Köpenick 31 12555 Berlin,52.44546409999999,13.574743699999999,osm,False,
Globe Theater Berlin,globe-berlin,theatre,GLOBE Berlin Theater gGmbH,,,,,,,,,https://globe.berlin,,,,,,,,,,,52.5221046,13.305274799999998,osm,False,
Zeughauskino,zeughauskino,cinema,,,limited,,,,1,,,https://www.dhm.de/zeughauskino/,,,de:Zeughauskino,Q196969,2,Unter den Linden,10117,Berlin,,Unter den Linden 2 10117 Berlin,52.51843550000001,13.397530099999999,osm,False,True
Videokino Peliculoso,videokino-peliculoso,cinema,,Mo 21:00-23:30;  Th 21:00-23:30,no,,,,1,,,https://koepi137.net/peliculoso.html,,,,,137,Köpenicker Straße,10179,Berlin,DE,Köpenicker Straße 137 10179 Berlin,52.50777910000001,13.425995000000002,osm,False,False
Theater X,x,theatre,Initiative Grenzen-los! e. V. Verein für emanzipative Bildung und kulturelle Aktion,,limited,,,,,,,https://www.theater-x.com/,,,,,32,Wiclefstraße,10551,Berlin,DE,Wiclefstraße 32 10551 Berlin,52.531265399999995,13.329567899999999,osm,False,True
Stage Bluemax Theater,stage-bluemax,theatre,Stage Entertainment Germany GmbH,,limited,,,,,,,https://www.stage-entertainment.de/musicals-shows/blue-man-group-berlin/english,,,de:BlueMax Theater,Q17353438,4,Marlene-Dietrich-Platz,10785,Berlin,DE,Marlene-Dietrich-Platz 4 10785 Berlin,52.50692599999999,13.3733397,osm,False,True
Kino in der Königstadt,in-der-königstadt,cinema,,,,,,,1,,,https://kino-bar.berlin/,,,,,55,Straßburger Straße,10405,Berlin,,Straßburger Straße 55 10405 Berlin,52.52949339999999,13.413028,osm,False,
Kulturbremse,kulturbremse,theatre,,,,,,,,,,http://kulturbremse.mo-po.net/,,,,,29,Jagowstraße,10555,Berlin,DE,Jagowstraße 29 10555 Berlin,52.523168599999984,13.3337683,osm,False,
Kammermusiksaal Friedenau,kammermusiksaal-friedenau,theatre,,,no,,,,,concert_hall,chamber_music,https://www.kammermusiksaal-friedenau.de/,,,,Q15116149,9,Isoldestraße,12159,Berlin,,Isoldestraße 9 12159 Berlin,52.476671399999994,13.3319721,osm,False,False
Hofkino,hofkino,cinema,,"Jun-Sep open ""Genaue Termine siehe Website.""",limited,,,,1,,,https://hofkino.berlin/,,,,,1,Franz-Mehring-Platz,10243,Berlin,,Franz-Mehring-Platz 1 10243 Berlin,52.51273760000001,13.4405751,osm,False,True
Klick Kino,klick,cinema,,,limited,,,,,,,https://www.klickkino.de/,,,,Q47092950,19,Windscheidstraße,10627,Berlin,,Windscheidstraße 19 10627 Berlin,52.505432199999994,13.2993996,osm,False,True
ACUD Theater,acud,theatre,,,yes,,,,,,,https://www.acud-theater.de/,+493044359497,,,,21,Veteranenstraße,10119,Berlin,DE,Veteranenstraße 21 10119 Berlin,52.5334318,13.4009767,osm,False,True
Papiertheater Invisius,papiertheater-invisius,theatre,,,,,,,,,,http://www.invisius.de,,,,Q96976184,36,Forstweg,13465,Berlin,,Forstweg 36 13465 Berlin,52.62590689999999,13.2808102,osm,False,
Zinema,zinema,cinema,,19:00+,limited,,,,1,,,https://zbarberlin.com/kino-z-inema/,+493028389121,zinema@gmx.de,,Q47165287,2,Bergstraße,10115,Berlin,DE,Bergstraße 2 10115 Berlin,52.529586,13.395860499999998,osm,False,True
Lettrétage,lettrétage,theatre,,,,,,,,,,https://www.lettretage.de/,,,,,,,,,,,52.53339,13.401045799999999,osm,False,
Alpha Nova Werkstatttheter,alpha-nova-werkstatttheter,theatre,Kultur in Zehlendorf e.V.,,,,,,,,,https://www.alpha-nova-werkstatttheater.de/,+493074696773,,,,28,Albrechtstraße,12167,Berlin,DE,Albrechtstraße 28 12167 Berlin,52.453118799999984,13.329944099999999,osm,False,
Sommerkino Kulturforum,sommerkino-kulturforum,cinema,,Jun-Aug 21:15-23:45,yes,,open _air,,,,,https://www.yorck.de/kinos/sommerkino-kulturforum,+4930322931322,hilfe@yorck.de,,,6,Matthäikirchplatz,10785,Berlin,,Matthäikirchplatz 6 10785 Berlin,52.50878789999999,13.3671829,osm,False,True
Freiluftkino Insel,freiluftkino-insel,cinema,,,,,,,1,,,https://www.freiluftkino-insel.de/,,,,,26-35,Oberlandstraße,12099,Berlin,,Oberlandstraße 26-35 12099 Berlin,52.464791999999996,13.410661899999997,osm,False,
Theater Morgenstern,morgenstern,theatre,,,yes,,,,,,children,https://www.theater-morgenstern.de/,+493092355950,,,,1,Rheinstraße,12159,Berlin,DE,Rheinstraße 1 12159 Berlin,52.47281370000001,13.3363405,osm,False,True
Puppenbühnchen,puppenbühnchen,theatre,,,,,,,,,puppet,,,,,,4,Georg-Wilhelm-Straße,10711,Berlin,DE,Georg-Wilhelm-Straße 4 10711 Berlin,52.49832469999999,13.2906051,osm,False,
Tatwerk Theater,tatwerk,theatre,,,,,,,,,,https://tatwerk-berlin.de/das-tatwerk/studio,,space@tatwerk-berlin.de,,,9,Hasenheide,10967,,,Hasenheide 9 10967,52.4880488,13.4222367,osm,False,
Stadttheater Cöpenick,stadttheater-cöpenick,theatre,Stadttheater-Köpenick e.V.,,,,,,,,,http://www.stadttheater-coepenick.de/,+493065075483,info@stadttheater-koepenick.de,,,,,,,,,52.44200339999999,13.582361,osm,False,
Sinema Transtopia,sinema-transtopia,cinema,bi'bak e.V.,,limited,,,,,,,https://sinematranstopia.com/de,,info@bi-bak.de,,,20/22,Lindower Straße,,,,Lindower Straße 20/22,52.54379509999998,13.367239299999998,osm,False,True
theaterforum kreuzberg,theaterforum-kreuzberg,theatre,,,,,,,,,,https://tfk-berlin.de,+493061288880,info@tfk-berlin.de,,,21,Eisenbahnstraße,,,,Eisenbahnstraße 21,52.504010799999996,13.4344545,osm,False,
Uferstudios für zeitgenössischen Tanz,uferstudios-für-zeitgenössischen-tanz,theatre,uferstudios GmbH,,yes,,,,,,,https://www.uferstudios.com/de/home,,,,,41a,Badstraße,13357,Berlin,,Badstraße 41a 13357 Berlin,52.55266629999999,13.3762533,osm,False,True
Luftschloss,luftschloss,theatre,,,,,,,,open_air,,https://luftschloss-tempelhoferfeld.de/,,,,,,,,,,,52.4737158,13.388691799999998,osm,False,
Komödie am Kurfürstendamm,komödie-am-kurfürstendamm,theatre,,,limited,,,,,stage,comedy,https://www.komoedie-berlin.de/,+49308859110,,de:Theater am Kurfürstendamm,Q869970,1,Marlene-Dietrich-Platz,10785,Berlin,,Marlene-Dietrich-Platz 1 10785 Berlin,52.50746929999999,13.372109899999998,osm,False,True
Colosseum Filmtheater Berlin,colosseum-filmtheater-berlin,cinema,,"""Kasse öffnet eine halbe Stunde vor Beginn der ersten Vorstellung""",,,,,3,,,https://colosseum.premiumkino.de/,,,,,123,Schönhauser Allee,10437,Berlin,,Schönhauser Allee 123 10437 Berlin,52.547894199999995,13.4130423,osm,False,
Zilles Stubentheater im Altstadttheater Köpenick,zilles-stubentheater-im-altstadttheater-köpenick,theatre,Altstadttheater Köpenick,,,,,,,,,https://altstadttheater-koepenick.de,,,,,4,Jägerstraße,12555,Berlin,,Jägerstraße 4 12555 Berlin,52.44574539999999,13.577882699999998,osm,False,
Altstadttheater Köpenick,altstadttheater-köpenick,theatre,Albrecht Hoffmann,"Th-Sa 18:00-22:00, We 14:30-21:00, Th 11:00-14:00, Su 15:00-18:00",yes,,,,,,,https://altstadttheater-koepenick.de,+493066309320,info@altstadttheater-koepenick.de,de:Altstadttheater Köpenick,Q118372527,4,Jägerstraße,12555,Berlin,,Jägerstraße 4 12555 Berlin,52.4458991,13.577871999999997,osm,False,True
Expedition Metropolis,expedition-metropolis,theatre,,,,,,,,,,https://expedition-metropolis.de,+493047980152,info@expedition-metropolis.de,,,41,Ohlauer Straße,10999,Berlin,DE,Ohlauer Straße 41 10999 Berlin,52.49437979999999,13.429410799999998,osm,False,
Wolfgang Neuss Salon,wolfgang-neuss-salon,theatre,,,,,,,,,,,,,,,,,,,,,52.454419,13.382492299999997,osm,False,
Varieté Salon,varieté-salon,theatre,,,,,,,,,,,,,,,,,,,,,52.45432339999999,13.3823482,osm,False,
"Theater Strahl, Ostkreuz",strahl-ostkreuz,theatre,,,,,,,,,,,,,,,,,,,,,52.50427989999999,13.471839399999999,osm,False,
Monbijou Theater,monbijou,theatre,,,,,,,,,,https://www.berlin-buehnen.de/en/theatres/monbijou-theater/,,,,Q20181086,2b,Monbijoustraße,,,,Monbijoustraße 2b,52.523060099999995,13.394789899999997,osm,False,
Charlies Campus Filmclub (Unikino TU Berlin),charlies-campus-filmclub-unikino-tu-berlin,cinema,,"Di 18:45-22:00 open, Di 18:30-18:45 open ""Kasse""",yes,,,,1,,,https://unikinoberlin.de,,charlie@unifilm.de,,,136,Straße des 17. Juni,10623,Berlin,,Straße des 17. Juni 136 10623 Berlin,52.51347019999999,13.3262548,osm,False,True
halle tanzbühne berlin,halle-tanzbühne-berlin,theatre,,,,,,,,,,https://ticket.toula.de,+493044044292,ticket@toula.de,,,10,Eberswalder Straße,10437,,,Eberswalder Straße 10 10437,52.54058039999999,13.407208799999998,osm,False,
Theater am Schlachthof,am-schlachthof,theatre,,,,,,,,,,,,,,,22,Hausburgstraße,10249,,,Hausburgstraße 22 10249,52.5238959,13.4545614,osm,False,
Freiluftkino Neue Zukunft,freiluftkino-neue-zukunft,cinema,,"""Open only during summer for OpenLuftKino""",limited,,,,,,,https://neue-zukunft.org,,,,,,,,,,,52.4979656,13.4661487,osm,False,True
Kindertheater,kindertheater,theatre,,,,,,,,,,,,,,,,,,,,,52.4545993,13.476464699999998,osm,False,
Theater am Park,am-park,theatre,,,no,,,,,,,https://www.tap-biesdorf.de/,+49305143714,,,Q106917051,4,Frankenholzer Weg,12683,Berlin,DE,Frankenholzer Weg 4 12683 Berlin,52.51100298334422,13.564731616054589,osm,False,False
Philharmonie,philharmonie,theatre,,,yes,,,,,concert_hall,philharmonic,https://www.berliner-philharmoniker.de/,+493025488999,,de:Berliner Philharmonie,Q32653910,1,Herbert-von-Karajan-Straße,10785,Berlin,DE,Herbert-von-Karajan-Straße 1 10785 Berlin,52.50998823300208,13.369701799364268,osm,False,True
Waldbühne,waldbühne,theatre,,,yes,,,,,,,https://www.waldbuehne-berlin.de/,+493074737500,,de:Berliner Waldbühne,Q644028,1,Am Glockenturm,14053,Berlin,DE,Am Glockenturm 1 14053 Berlin,52.51549684495646,13.22933057290555,osm,False,True
Freiluftkino Rehberge,freiluftkino-rehberge,cinema,Freiluftkino.Berlin FKR GmbH,"""30 Minuten vor Vorstellungsbeginn""",yes,,,,1,,,https://www.freiluftkino-rehberge.de,,,,Q105423617,,,,Berlin,,Berlin,52.554906514934686,13.330203394595046,osm,False,True
Staatsoper Unter den Linden,staatsoper-unter-den-linden,theatre,,,limited,,,,,opera_house,opera,https://www.staatsoper-berlin.de/,,,de:Staatsoper Unter den Linden,Q312576,7,Unter den Linden,10117,Berlin,DE,Unter den Linden 7 10117 Berlin,52.516657312842746,13.394745099041254,osm,False,True
Ernst-Reuter-Saal,ernst-reuter-saal,theatre,,,yes,,,,,,,,,,,,,,,,,,52.588384422396814,13.3239299023027,osm,False,True
Theater unterm Dach,unterm-dach,theatre,,,no,,,,,,,https://www.theateruntermdach-berlin.de/,+4930902953817,theateruntermdach@gmx.de,de:Theater unterm Dach (Berlin),Q2416153,101,Danziger Straße,10405,Berlin,DE,Danziger Straße 101 10405 Berlin,52.53750899243246,13.430950959369166,osm,False,False
Freilichtbühne Weißensee,freilichtbühne-weißensee,cinema,Freunde der Freilichtbühne Weißensee e.V.,"""60 Minuten vor Vorstellungsbeginn""",,,,,,,,https://freilichtbuehne-weissensee.de/,,,,Q47086489,,,,,,,52.5561526499415,13.463298071048872,osm,False,
Zoo Palast,zoo-palast,cinema,Premium Entertainment GmbH,,yes,,,yes,,,,https://www.zoopalast-berlin.de/,+491805222966,,de:Zoo Palast,Q220069,29a,Hardenbergstraße,10623,Berlin,DE,Hardenbergstraße 29a 10623 Berlin,52.5060814718443,13.334206107482894,osm,False,True
Kino in der Kulturbrauerei,in-der-kulturbrauerei,cinema,Cinestar,,yes,,,,,,,https://www.cinestar.de/,+493044354416,,,Q467867,,,,,,,52.53863135476273,13.414157864904992,osm,False,True
Cineplex Alhambra,cineplex-alhambra,cinema,,,yes,,,,,,,https://www.cineplex.de/berlin-alhambra/,,,de:Cineplex Alhambra,Q22573555,94,Seestraße,13353,Berlin,DE,Seestraße 94 13353 Berlin,52.550570712818214,13.35109166490576,osm,False,True
Odeon,odeon,cinema,,"""Täglich 15 Minuten vor Beginn der ersten Vorstellung""",limited,,,,1,,,https://yorck.de/kinos/odeon,+493078704019,,,Q47036016,116,Hauptstraße,10827,Berlin,DE,Hauptstraße 116 10827 Berlin,52.482047007807175,13.349650340433028,osm,False,True
theaterhaus berlin mitte,theaterhaus-berlin-mitte,theatre,Kulturinitiative Förderband gGmbH,Mo-Sa 10:00-20:00,no,,,,,,,https://www.theaterhaus-berlin.com,+493028041966,info-mitte@theaterhaus.berlin,de:Theaterhaus Berlin Mitte,,32 - Haus C,Wallstraße,10179,Berlin,DE,Wallstraße 32 - Haus C 10179 Berlin,52.511051964086214,13.411175353518379,osm,False,False
Cabuwazi,cabuwazi,theatre,Grenzkultur gGmbH,,,,,,,,circus,https://cabuwazi.de/,,,,,2,Otto-Rosenberg-Straße,12681,Berlin,DE,Otto-Rosenberg-Straße 2 12681 Berlin,52.55194762804395,13.547571802770602,osm,True,
Kino International,international,cinema,Yorck Kinogruppe,closed,limited,,,,1,,,https://yorck.de/kinos/kino-international,+4930322931322,,de:Kino International,Q1670774,33,Karl-Marx-Allee,10178,Berlin,DE,Karl-Marx-Allee 33 10178 Berlin,52.52063669650074,13.423008963147575,osm,False,True
Atze Musiktheater,atze-musiktheater,theatre,,,yes,,,,,,,http://www.atzeberlin.de/,+493081799188,,,Q758312,20,Luxemburger Straße,13353,Berlin,DE,Luxemburger Straße 20 13353 Berlin,52.54323801112325,13.351539956954479,osm,False,True
GRIPS Theater,grips,theatre,GRIPS Theater GmbH,,yes,,,,,,,http://www.grips-theater.de,+49303974740,info@grips-theater.de,de:Grips-Theater,Q525243,22,Altonaer Straße,10557,Berlin,DE,Altonaer Straße 22 10557 Berlin,52.518668743273224,13.3414238616854,osm,False,True
Haus der Berliner Festspiele,der-berliner-festspiele,theatre,Berliner Festspiele,,yes,,,,,,,https://www.berlinerfestspiele.de,,,de:Haus der Berliner Festspiele,Q1590736,24,Schaperstraße,10719,Berlin,,Schaperstraße 24 10719 Berlin,52.49849508576962,13.328693403456755,osm,False,True
Capitol Dahlem,capitol-dahlem,cinema,Yorck Kinogruppe,"""Irregular screenings, see website""",,,,,1,,,https://yorck.de/kinos/capitol-dahlem,+49308316417,,,,36,Thielallee,14195,Berlin,DE,Thielallee 36 14195 Berlin,52.453031867192315,13.286835139371645,osm,False,
Bar jeder Vernunft,bar-jeder-vernunft,theatre,Bar jeder Vernunft Veranstaltungs-Organisations-GmbH,,limited,,,,,,,https://www.bar-jeder-vernunft.de/,,,de:Bar jeder Vernunft,Q2658750,24,Schaperstraße,10719,Berlin,,Schaperstraße 24 10719 Berlin,52.498008946835874,13.329585895890368,osm,False,True
Konzertsaal,konzertsaal,theatre,Universität der Künste Berlin,,,,,,,concert_hall,philharmonic,https://www.udk-berlin.de/universitaet/veranstaltungsort-udk-berlin/konzertsaal/,,,,Q116419739,33,Hardenbergstraße,,,,Hardenbergstraße 33,52.5089209266992,13.328160076785728,osm,False,
Delphi Filmpalast,delphi-filmpalast,cinema,Yorck Kinogruppe,"""Öffnet 30min vor Beginn des ersten Films (etwa 14 Uhr), Kasse schließt um 21 Uhr, Haus schließt 30min nach Ende des letzten Films""",no,,,,1,,,https://www.yorck.de/kinos/delphi-filmpalast,+49303121026,,de:Delphi Filmpalast,Q1184623,12a,Kantstraße,10623,Berlin,DE,Kantstraße 12a 10623 Berlin,52.506040856387784,13.328503362279738,osm,False,False
Schlosspark Theater,schlosspark,theatre,,"Mo-Sa 10:00-20:00, Su 12:00+",limited,,,,,,drama,http://schlosspark-theater.de/,+49307895667100,,de:Schlosspark Theater,Q2244661,48,Schloßstraße,12165,Berlin,DE,Schloßstraße 48 12165 Berlin,52.45489440634816,13.31769799874575,osm,False,True
Adria Filmtheater,adria-filmtheater,cinema,,,limited,,,,,,,http://www.berlin.de/kino/_bin/kinodetail.php/30152,+49307925050,,,,48,Schloßstraße,12165,Berlin,DE,Schloßstraße 48 12165 Berlin,52.45469705431418,13.317408071659727,osm,False,True
Figurentheater Grashüpfer,figurentheater-grashüpfer,theatre,,,,,,,,,,https://theater-treptower-park.de/,+493053695150,,,Q117422472,16a,Puschkinallee,12435,Berlin,,Puschkinallee 16a 12435 Berlin,52.49167247052359,13.466180722324518,osm,False,
Freie Volksbühne Berlin,freie-volksbühne-berlin,theatre,,,,,,,,,drama,,,,de:Freie Volksbühne Berlin,Q1454048,,,,,,,52.49132667610953,13.308207360375079,osm,False,
MEINE BÜHNE Kinder & JugendTheater,meine-bühne-kinder-jugendtheater,theatre,Kinder & JugendTheater MURKELBÜHNE e.V.,,no,,,,,,,https://www.spiel-doch-selber.de/,+49304483354,info@spiel-doch-selber.de,,,99,Boxhagener Straße,10245,Berlin,DE,Boxhagener Straße 99 10245 Berlin,52.51235252593272,13.461076217091513,osm,False,False
Theaterzelt,theaterzelt,theatre,,,,,,,,,,,,,,,,,,,,,52.420544580522424,13.406464911326443,osm,False,
Parkbühne Wuhlheide,parkbühne-wuhlheide,theatre,,,yes,,,,,,variety,https://www.wuhlheide.de/,,,,Q1595188,4,Straße zum FEZ,12459,Berlin,DE,Straße zum FEZ 4 12459 Berlin,52.46233877960197,13.54546057023878,osm,False,True
Stage Theater des Westens,stage-des-westens,theatre,Stage Entertainment Germany GmbH,,yes,,,,,,musical,http://www.theater-des-westens.de/,+4918054444,,de:Theater des Westens,Q698233,12,Kantstraße,10623,Berlin,DE,Kantstraße 12 10623 Berlin,52.50589141971285,13.328995581464836,osm,False,True
FELD,feld,theatre,FELD Zentrale für junge Performance e.V.,,yes,,,,,,puppet,https://jungesfeld.de/,+493092124150,info@jungesfeld.de,,,5,Gleditschstraße,10781,Berlin,DE,Gleditschstraße 5 10781 Berlin,52.49645197355362,13.355334011387065,osm,False,True
Bali Kino,bali,cinema,Helgard Gammert,"PH,Mo-Su 16:00-23:00",limited,,,,,,,http://www.balikino-berlin.de,+49308114678,,,Q47055870,33,Teltower Damm,14169,Berlin,DE,Teltower Damm 33 14169 Berlin,52.431896096177546,13.259706233748119,osm,False,True
Astra-Filmpalast,astra-filmpalast,cinema,,,limited,,,,,,,http://www.astra-filmpalast.de/,+49306361650,info@astra-filmpalast.de,,Q34767022,69,Sterndamm,12487,Berlin,DE,Sterndamm 69 12487 Berlin,52.44646572807909,13.507288147059887,osm,False,True
HAU 1 (Hebbel am Ufer),hau-1-hebbel-am-ufer,theatre,,,limited,,,,,,,https://www.hebbel-am-ufer.de/,+493025900427,info@hebbel-am-ufer.de,de:Hebbel am Ufer,Q1592692,29,Stresemannstraße,10963,Berlin,DE,Stresemannstraße 29 10963 Berlin,52.49995261778664,13.387149400549001,osm,False,True
Tiyatrom,tiyatrom,theatre,,,,,,,,,,http://www.tiyatrom.de/,+49306152020,,de:Tiyatrom,Q1314267,12,Alte Jakobstraße,10969,Berlin,DE,Alte Jakobstraße 12 10969 Berlin,52.50381090932941,13.399304789586944,osm,False,
Konzertbühne,konzertbühne,theatre,,,yes,,,,,,,,,,,,,,,,,,52.498893967882154,13.526109098209231,osm,False,True
Thalia Kino,thalia,cinema,,,no,,,,,,,https://www.thalia-berlin.de/,+49307743440,info@thalia-berlin.de,,,71a,Kaiser-Wilhelm-Straße,12247,Berlin,DE,Kaiser-Wilhelm-Straße 71a 12247 Berlin,52.43500502233658,13.34493997275318,osm,False,False
Theater Ost,ost,theatre,Theater OST,,,,,,,,,https://www.theater-ost.de/,+493023934579,kontakt@theater-ost.de,,,1,Moriz-Seeler-Straße,12489,Berlin,,Moriz-Seeler-Straße 1 12489 Berlin,52.43362794272124,13.539177016771914,osm,False,
CineStar,cinestar,cinema,,"Mo-Fr ""15 Minuten vor dem ersten Filmstart"";  Sa-Su ""30 Minuten vor dem ersten Filmstart""",yes,,,,,,,,,,,,115 - 116,Elsenstraße,12435,Berlin,DE,Elsenstraße 115 - 116 12435 Berlin,52.4919355096245,13.458688268374203,osm,True,True
CineMotion,cinemotion,cinema,,,yes,,,,,,,https://cinemotion-kino.de/berlin/,+493096243100,,,Q47118867,174,Wartenberger Straße,13051,Berlin,DE,Wartenberger Straße 174 13051 Berlin,52.56618520924997,13.50891181929724,osm,False,True
Kinder-Zirkus Cabuwazi,kinder-zirkus-cabuwazi,theatre,,,,,,,,,circus,http://www.cabuwazi.de/Standorte/Altglienicke.php,,,,,90,Venusstraße,12524,Berlin,,Venusstraße 90 12524 Berlin,52.40393401598455,13.532683234393401,osm,False,
Café Theater Schalotte,café-schalotte,theatre,Café Theater Schalotte,,no,,,,,,,http://www.schalotte.de/,+49303411485,info@schalotte.de,,,22,Behaimstraße,10585,Berlin,DE,Behaimstraße 22 10585 Berlin,52.516665752387496,13.303363449617502,osm,False,False
Madi – Zelt der Sinne,madi-zelt-der-sinne,theatre,,,no,,,,,,,https://www.madi-zelt.de/,,,,Q120703888,1,,13507,Berlin,DE,1 13507 Berlin,52.57563513414692,13.293519134531591,osm,False,False
Freiluftkino Hasenheide,freiluftkino-hasenheide,cinema,,May-Sep sunset+,limited,,,,,,,https://www.freiluftkino-hasenheide.de/,+49302834603,,,Q47089247,,,,,,,52.483617318248925,13.416398313413792,osm,False,True
Konzerthaus Berlin,konzerthaus-berlin,theatre,,,yes,,,,,concert_hall,philharmonic,https://www.konzerthaus.de/,+4930203092101,ticket@konzerthaus.de,de:Schauspielhaus (Berlin),Q702548,3,,10117,Berlin,DE,3 10117 Berlin,52.513584024498265,13.391815884113626,osm,False,True
Sommerbühne,sommerbühne,theatre,,,,,,,,open_air,,,,,,,,,,,,,52.45365203894218,13.381357143324978,osm,False,
Theatersaal,theatersaal,theatre,,,,,,,,,,,,,,,,,,,,,52.45391844273409,13.381072050928644,osm,False,
Max-Taut-Aula,max-taut-aula,theatre,,,yes,,,,,,,,,,,,,Fischerstraße,,,,Fischerstraße,52.50122619272546,13.486251362336729,osm,False,True
Tipi am Kanzleramt,tipi-am-kanzleramt,theatre,Bar jeder Vernunft Veranstaltungs-Organisations-GmbH,,yes,,,,,,,https://www.tipi-am-kanzleramt.de/,,,de:Tipi am Kanzleramt,Q15132360,,Große Querallee,10557,,,Große Querallee 10557,52.51844452093625,13.367164169515892,osm,False,True
Kino Union,union,cinema,,Th-Tu 12:30-24:00+;  We 09:30-24:00+,yes,,,,,,,https://www.kino-union.de/,+493065013141,,,Q35013869,,,,,,,52.45631137148213,13.62591097482147,osm,False,True
Kammermusiksaal,kammermusiksaal,theatre,,,yes,,,,,concert_hall,chamber_music,,,,,Q23767066,,,,,,,52.509350232599054,13.368994764789985,osm,False,True
Freiluftkino Friedrichshagen,freiluftkino-friedrichshagen,cinema,,,limited,,,,,,,,,,,Q1971567,,,12587,Berlin,,12587 Berlin,52.4596054819508,13.623800281236827,osm,False,True
Freilichtbühne,freilichtbühne,theatre,,,,,,,,,,,,,,,,,,,,,52.500080635331685,13.531442158374272,osm,True,
Astrid-Lindgren-Bühne,astrid-lindgren-bühne,theatre,,,yes,,,,,,,,,,,,,,,,,,52.461043848183,13.549002880837117,osm,False,True
Freilichtbühne Spandau,freilichtbühne-spandau,theatre,,,yes,,,,,,,https://kulturhaus-spandau.de/,,,,,,,,,,,52.53985416421089,13.216778316807622,osm,False,True
Schillertheater,schillertheater,theatre,,,yes,,,,,stage,,https://www.komische-oper-berlin.de/planen/spielorte/schillertheater/,,,de:Schillertheater (Berlin),Q32487,110,Bismarckstraße,10625,Berlin,DE,Bismarckstraße 110 10625 Berlin,52.51162904741165,13.318706664422315,osm,False,True
Berliner Ensemble,berliner-ensemble,theatre,,,limited,,,,,,,http://www.berliner-ensemble.de,+493028408153,,de:Theater am Schiffbauerdamm,Q534914,1,Bertolt-Brecht-Platz,10117,Berlin,DE,Bertolt-Brecht-Platz 1 10117 Berlin,52.52217057760625,13.385618738723615,osm,False,True
Freilichtbühne,freilichtbühne,theatre,,,no,,,,,,,,,,,Q120484639,,,,,,,52.517686043606275,13.477455101286749,osm,True,False
Arena,arena,theatre,,,yes,,,,,,,,,,,,,,,,,,52.53873068088667,13.571527648370875,osm,False,True
Biesdorfer Parkbühne,biesdorfer-parkbühne,theatre,,,no,,,,,,,https://www.biesdorfer-parkbuehne.de/,,,,Q107526901,5,Nordpromenade,12683,Berlin,DE,Nordpromenade 5 12683 Berlin,52.51172063969167,13.559126787706232,osm,False,False
Kinder- und Jugendzirkus Cabuwazi Tempelhof - Der Kulturflughafen,kinder--und-jugendzirkus-cabuwazi-tempelhof---der-kulturflughafen,theatre,GrenzKultur gemeinnützige GmbH,,yes,,,,,,circus,http://www.cabuwazi.de/Standorte/Tempelhof.php,+49309599990,ylva.queisser@cabuwazi.de,,,84,Columbiadamm,10965,Berlin,,Columbiadamm 84 10965 Berlin,52.48196041370343,13.401752466932846,osm,False,True
Freilicht Klassenzimmer,freilicht-klassenzimmer,theatre,,,,,,,,,,,,,,,,,,,,,52.459448817842116,13.290628798898355,osm,False,
Juxirkus,juxirkus,theatre,,,yes,,,,,,circus,https://www.juxirkus.de/,,,,Q48754077,,,,,,,52.49469894690029,13.348080006711086,osm,False,True
Cabuwazi,cabuwazi,theatre,Grenzkultur gGmbH,,,,,,,,circus,https://cabuwazi.de/,+493060969563,buero.treptow@cabuwazi.de,,,74,Bouchéstraße,12435,Berlin,DE,Bouchéstraße 74 12435 Berlin,52.48936505488904,13.44817032072963,osm,True,
Kinderzirkus Aron,kinderzirkus-aron,theatre,,,,,,,,,circus,https://www.kinderzirkus-aron.de,,,,,,,,,,,52.45667535804086,13.616609993685707,osm,False,
Grüne Bühne,grüne-bühne,theatre,,,yes,,,,,,,https://www.gruene-buehne.berlin/,,,,,5,Luckenwalder Straße,12629,Berlin,DE,Luckenwalder Straße 5 12629 Berlin,52.54367852597351,13.589510626115644,osm,False,True
Freiluftkino Friedrichshain,freiluftkino-friedrichshain,cinema,,,yes,,,,1,,,https://freiluftkino-friedrichshain.de,,,,Q47156065,,,,,,,52.52530774666248,13.435557958471076,osm,False,True
Erlebniscircus Neukölln,erlebniscircus-neukölln,theatre,ErlebnisCircus e.V.,,,,,,,,circus,http://www.erlebniscircus-ev.de,+493063227432,info@ErlebnisCircus-eV.de,,,,,,,,,52.43803702398122,13.439045640392704,osm,False,
Zirkus Mond,zirkus-mond,theatre,Max Mohr,,,,,,,circus,variety,https://zirkusmond.de,+4915770280810,zirkusmond@posteo.de,de:Zirkus Mond,Q108116367,,Lilli-Henoch-Straße,,Berlin,,Lilli-Henoch-Straße Berlin,52.542281641466914,13.432500433400511,osm,False,
Shakespeare Company Berlin,shakespeare-company-berlin,theatre,Shakespeare Company Berlin e.V.,,,,,,,,drama,https://shakespeare-company.de/,,info@shakespeare-company.de,de:Shakespeare Company Berlin,Q15727985,80,Munsterdamm,12169,Berlin,,Munsterdamm 80 12169 Berlin,52.45650912442611,13.349837124507781,osm,False,
